# -*- coding: utf-8 -*-

# Resource object code
#
# Created by: The Resource Compiler for PyQt5 (Qt v5.15.2)
#
# WARNING! All changes made in this file will be lost!

from PyQt5 import QtCore

qt_resource_data = b"\
\x00\x00\x07\x41\
\x89\
\x50\x4e\x47\x0d\x0a\x1a\x0a\x00\x00\x00\x0d\x49\x48\x44\x52\x00\
\x00\x00\xe1\x00\x00\x00\xe1\x08\x03\x00\x00\x00\x09\x6d\x22\x48\
\x00\x00\x00\x8d\x50\x4c\x54\x45\x00\x4c\x93\xff\xff\xff\x00\x48\
\x91\x00\x4b\x92\x00\x52\x97\xcc\xdb\xe9\x00\x37\x88\x83\xa4\xc8\
\x00\x48\x92\x8d\xaf\xce\x00\x3b\x8a\xfb\xfc\xfe\x76\x9d\xc3\x67\
\x93\xbd\x00\x3f\x8c\x00\x43\x8e\xeb\xf2\xf7\x38\x6c\xa6\x49\x7e\
\xb2\xae\xc6\xdd\x46\x77\xac\xd6\xe3\xef\x26\x63\xa1\x9e\xbb\xd5\
\xf4\xf8\xfb\x21\x5a\x9b\x00\x41\x8d\xe5\xee\xf5\x52\x7e\xb0\xdf\
\xe9\xf2\xc1\xd4\xe5\x92\xb3\xd1\x5e\x8c\xb9\xb5\xcb\xe0\x71\x97\
\xbf\x39\x72\xaa\x18\x5f\x9f\x2c\x66\xa2\x7a\xa0\xc4\xbc\xd0\xe2\
\x52\x87\xb8\x1a\x55\x98\x3a\x6f\xa8\x9b\xb9\xd5\x48\x7a\xae\x00\
\x30\x85\x8b\xaa\xcb\xac\xe7\x13\x85\x00\x00\x06\x6f\x49\x44\x41\
\x54\x78\x9c\xed\x9b\x09\x77\xa2\x3a\x18\x86\x21\xc1\x16\x37\xe2\
\xbe\xd0\x22\x52\xb0\x8b\x75\xfc\xff\x3f\xef\x3a\xda\x9a\x15\xcc\
\x8c\x89\xde\xdb\xfb\x3e\x67\xce\xf4\x1c\x0d\x92\x87\x84\x24\xdf\
\x47\x08\x02\x00\x00\x00\x00\x00\x00\x00\x00\x00\x00\x00\x00\x00\
\x00\x00\x00\x00\x00\x00\x00\x00\x00\x00\x00\x00\x00\x00\x00\x00\
\x00\x00\x00\x00\x00\x00\x00\x00\x00\x00\x00\x00\xfe\xaf\x50\x42\
\xe8\xbd\xeb\xe0\x11\x92\x74\x52\x72\xfc\xef\xde\x35\xf1\x03\x49\
\xa2\xdd\xcb\x3e\xcf\xf7\xfd\x32\x4e\x7e\x62\x43\xb2\x78\x3d\x7e\
\x0a\x8f\x4c\xe7\xa3\x1f\xd8\x8c\x6c\x39\x5f\x84\x67\x06\xfb\x88\
\xdd\xbb\x46\x8e\x21\xd5\x2a\x94\x98\x47\x3f\xab\x15\xe3\x48\x11\
\x3c\x28\xb2\x9f\x74\x2f\x52\x96\xab\x82\x61\xf8\xda\xb9\x77\xb5\
\x1c\x12\x6f\x07\xba\xe1\x74\xf6\x73\x6e\x45\xca\xe6\xba\x60\x18\
\x3e\x3e\xdc\xbb\x62\xce\x20\x41\x66\x32\x2c\xe2\x7f\xdb\x60\x43\
\x2c\xd1\x46\x10\x52\x1a\x3a\xe9\xa1\x9b\x6e\x6a\xbb\x29\x6d\xfa\
\xb9\x3f\x2c\x75\x03\x28\x59\x2f\x4c\x86\xd9\x28\xb5\x3a\xbc\xae\
\xf2\xae\xa5\x68\xd0\xce\xdb\x36\xe4\x6a\xd3\x50\xd6\x37\x1a\x0e\
\xde\x93\x9a\x53\xd1\x92\x9f\x2a\xef\xd5\xb5\x0f\xeb\x0b\xa5\x76\
\xd7\x0f\x5b\x24\x32\x56\xd3\xc0\xb3\x52\xf1\x3a\xc3\xa7\xba\x36\
\xa4\xf1\x8b\x50\x6c\x31\x33\xdf\xae\x6c\x28\xde\xdd\xfb\xeb\x87\
\x2d\x12\x19\x6f\x26\x0b\xc3\x20\x9e\x18\x0d\xa7\x65\xcd\x75\xa7\
\x71\x5f\x2c\x97\xa7\xc6\x46\xec\xec\xc5\x42\x0e\x06\xe6\x2b\x0c\
\xc9\xc7\x93\xa9\xdc\x2a\xa8\x19\x4b\x15\xc3\xcc\xb8\xc0\x53\x96\
\x49\xf7\x35\xa4\xac\x30\x95\xcb\xeb\x16\x35\x8a\xe1\xa2\x6f\x5a\
\xe0\x75\xe4\xe1\xeb\xbe\x86\x01\xd9\x75\xf5\x62\xd9\xb6\x6e\x70\
\x50\x0c\xc3\x95\xa1\x9b\x52\x36\x96\xca\xdc\xdb\x30\x1e\xeb\xc5\
\xda\x35\x23\xa9\x6e\x38\x28\x63\xad\x4c\x52\xca\xab\x88\x3b\x1b\
\x06\xf1\x6c\xaa\x96\x5a\x45\x7a\xb5\x6b\x0c\xc3\xb1\xde\x9f\xe5\
\x71\xe6\xfe\x86\x34\x9d\x28\x0b\xb7\xd6\xa6\x7e\xba\xd7\x0c\xb3\
\x4a\xbd\x1a\x4c\x8d\x37\x9d\x18\xfe\xed\x7c\x78\xac\x34\x2b\xa5\
\x2a\x8d\x9b\x02\x0b\xcd\xb0\xbb\x57\x1b\xb1\xb3\x56\xee\x6c\x17\
\x86\xc1\xe7\xbc\x8e\xcf\x95\x70\xbe\x41\x69\x6a\x1d\xca\x96\x2f\
\xe7\x66\x6c\xad\x1b\x93\x18\x9a\x61\xd8\x52\x26\x16\x12\xa8\xd1\
\x8a\x93\x40\x25\x8a\x0e\xff\x4c\x04\x54\x6c\x9f\x57\x73\xf0\x7e\
\x58\x26\x2f\x47\xed\xa2\xd5\x1a\xef\x27\x1f\xcd\x51\x85\x6e\x38\
\x58\xcb\xfd\x22\x99\xa8\xb7\x8c\x13\xc3\xda\x60\xe2\x61\x2f\x34\
\xe1\xb8\x76\x04\xa1\x24\xa6\xc7\xeb\x71\xf8\xdb\x78\x22\xdd\x30\
\x2c\x3a\xe2\x21\x94\x3d\xaa\x05\xbc\x06\x9b\xc9\x48\xb8\xa0\xd9\
\xb6\x21\x60\xa0\x76\x81\x8e\xc1\x30\x93\x56\x78\x6c\xd6\xba\xa5\
\x21\x5b\x0a\xa7\xeb\xf6\x3b\xd7\x07\x35\x06\xc3\x30\x17\x0d\x92\
\xb5\xf6\xbd\x47\x43\x22\xa5\x28\xe6\xd2\x1d\x46\x58\xca\x2e\x92\
\x6a\x83\x8e\xc9\xb0\x55\xf1\x62\x24\xd2\x17\x10\xfe\x0c\x69\x47\
\x0c\x8d\x5a\xd2\x24\x40\xa3\xe1\x76\x78\x91\xed\x4c\x8d\x65\x4d\
\x86\xdd\x1e\x9f\x30\xd8\x56\x9f\xb8\xfc\x19\xa6\x5b\x61\xb5\xb2\
\x78\x97\xe6\xad\x64\xf7\xd4\xb5\x60\xac\xc6\x18\x26\xc3\xb0\x20\
\xdf\xa5\x08\x79\xd5\xbf\xf6\x66\xc8\xa2\x42\x38\x4d\x5b\x7e\xe2\
\x92\xec\xac\x16\x09\x76\x86\x83\xf3\xd5\x63\x95\xb6\x04\xf4\x67\
\x48\xa4\x61\xfb\x4d\x09\xe4\x92\x9d\xd5\x42\xcf\xce\xf0\x1c\x08\
\xd3\xf8\xdd\xf0\xad\x2f\xc3\x74\x27\xc4\xb6\x83\x52\x59\xae\xb9\
\x35\x9c\x0e\x4f\xf3\x10\x09\x8a\xdb\x19\xca\x13\x45\x4f\x5d\x3c\
\xba\x30\x9c\xf2\x8e\xde\x3b\x5d\xc0\x78\xc8\x3f\xca\xce\x4b\x0d\
\x3f\x86\x84\x88\x8f\x23\xc6\xda\x52\xcc\x85\x61\x8f\x77\x92\xb7\
\xea\x77\x39\x42\xdb\xfc\xa2\xee\xcf\xdf\x7a\x31\xa4\xec\x5d\x18\
\x49\xb2\x4a\x9b\xd7\x5c\x18\x0e\xdf\xb8\xcf\x71\x71\x2a\x26\x7d\
\xde\xde\xfd\x1a\xb2\x99\x10\xf3\x2d\x0c\xc9\x4f\x17\x86\x5b\x21\
\x1d\x33\x3f\x14\xa4\xb1\x10\x37\xad\xf9\x02\xdc\x87\x21\x91\x26\
\x8a\xdc\xb0\x9a\x76\x61\x38\x61\xfc\x32\xfe\x8e\xcb\x08\xe1\xb7\
\x7e\x56\x79\x35\xa4\x71\x4f\xa8\x65\xeb\xc3\x10\x51\x08\x86\xdd\
\x85\x86\xa5\x61\xe7\x91\xb7\xd9\x2b\xa1\xa4\xe4\x07\xee\xd3\x91\
\x4f\x43\x26\x3e\x6e\x59\x94\xa6\xa0\x50\x30\xcc\x3f\x96\x32\x1f\
\x7c\x2d\xd4\x6c\x98\x54\xfc\x3c\xd3\x19\x63\x9f\xfc\xa4\x93\x07\
\x9f\x86\x24\x12\x03\x98\x9e\x31\xe2\xe3\x86\xdd\x7d\xc2\x62\x89\
\xa4\xb2\x34\x4c\x89\xb0\xb2\x5f\x27\x11\x1f\x67\xc6\x51\xe2\xd1\
\x50\x7e\x6e\x5d\x98\xa3\x5e\xc1\xb0\xad\x5e\x02\x36\xb3\x34\x64\
\xa4\xe4\xdd\xb4\x88\x5f\x84\x71\x26\x61\x1e\x0d\x53\x71\xa2\x78\
\xaa\xc9\x9b\x89\x86\x6a\x2f\xfe\x03\xc3\x80\xe7\x48\xba\x43\xde\
\x73\x56\x15\x23\xfe\x0c\x59\x25\x4c\x14\xdd\x75\xcd\xb6\x0a\x37\
\x86\x87\xf9\x81\x9f\x6b\xc5\x2f\xec\x63\x42\xfd\xb5\x21\x89\x0b\
\x7e\xd2\xf0\x33\xa8\xc9\xcc\xb8\x31\x0c\xe2\xa5\xe9\x21\x79\x76\
\x58\x05\xfb\x33\x4c\x7a\x42\x1f\x9d\xce\xea\x32\x33\x8e\x0c\xa9\
\x29\x1e\x3c\x66\x13\xbc\x19\x4a\xb9\xbc\xda\x27\xb9\xce\x0c\x03\
\x36\xd4\xe3\xcc\xc5\xfa\xb0\xce\xf7\x65\xc8\x3e\xc4\xf4\xe8\x9e\
\xd5\xe6\x3e\x5d\x19\xea\xf9\xdf\xaf\x58\xd4\x93\x21\x4d\xc4\x89\
\x62\xd5\x90\xbd\x76\x65\x18\xb0\x67\x55\xb0\x7b\xdc\x51\xe5\xc9\
\x50\x7a\x34\xf9\xa4\x46\xbd\x7e\x0c\x97\xea\xb6\xb8\xd3\x4e\x15\
\x3f\x86\xe9\x46\x4c\x3d\xf5\x9a\xf6\xc2\x3a\x33\xa4\x4c\x0d\xfa\
\x3f\x8f\xd1\xb6\x17\x43\xf9\x9e\x28\xe2\xda\x87\x80\x2e\x0d\x03\
\xb6\x91\x93\x4f\x5f\xdb\x38\x7c\x18\xd2\x44\x58\x36\x85\x59\xf3\
\xe6\x3b\x77\x86\x34\x96\x1f\x88\xbe\x9d\xb2\x52\x3e\x0c\x13\x29\
\xa2\x58\x37\xdc\x84\x4e\x0d\x95\x50\x73\xd1\x3f\x9d\xd8\x83\x21\
\x5b\x16\xc2\x89\xe6\xe6\x8d\x2e\x3e\x0c\x49\x24\xde\x1c\xd3\xaf\
\xb4\xa5\x7b\x43\x22\x75\x96\xd6\xa5\x8d\xcc\x0e\x0d\x0f\x23\xb8\
\x70\xe6\xf6\x57\x56\xcf\xb9\x21\x4d\x9f\xc5\xdd\xe8\x93\x4b\x5b\
\xc9\x5c\x1a\x8a\x0f\xee\xb3\x0d\xf1\x64\xc8\xa4\x1d\x15\x8f\x17\
\xfa\xa8\x5b\xc3\xa0\xc3\xb3\xeb\xc5\x39\xbf\xef\xd8\x90\x50\x9e\
\x41\x38\x0c\x67\x97\xf7\xbf\x3a\x35\x4c\xb7\xdf\x11\xc6\x62\xf4\
\xfd\x99\x63\x43\x9a\x8a\xd3\x6e\xb6\x69\x9a\x09\x4f\x38\x35\xa4\
\x69\xfe\x95\xc2\x5a\x9d\xf3\x05\x8e\x0d\xd9\x50\x18\xb0\xbb\xc6\
\xbd\x66\x0a\x4e\x0d\x0f\xb3\x7e\xff\x44\x79\x2e\xee\xd6\x90\x44\
\x3c\xfb\x7c\x98\x28\xc8\xc5\x3e\xea\xda\x30\x88\x93\x13\xfc\x13\
\xa7\x86\x34\x91\x26\x8a\xca\x66\x13\x7a\x6a\x69\xa8\xce\x3a\x94\
\x18\x0d\x75\x9c\x1a\xb2\x67\x29\xa2\xf8\xd5\xb1\xe0\xd7\xd6\xce\
\x30\x79\x50\x0e\x7c\x58\xdf\xde\x50\x4e\x8f\x4e\x7b\x2f\x3d\x0b\
\x5e\x3e\xbf\xaf\x4a\xa3\xe1\xf4\x55\x3b\x92\xef\x44\xb8\x9d\xe1\
\x4c\x5a\x17\xda\x3c\x9e\xff\xcd\xf7\x01\x8d\x86\x61\xed\x61\xb7\
\x35\x34\x6e\x64\xb6\xa5\xd9\xb0\x09\x18\xc2\x10\x86\x30\x84\xe1\
\x7f\xca\xd0\x76\x1f\xbb\x99\x5c\x33\xdc\x18\xdf\x49\xd4\x68\x7c\
\x63\x8b\x8d\xce\x0b\xad\xab\xdf\x7b\x22\xd5\x5b\xeb\x1a\xb4\x87\
\xc4\xa4\x1a\x5b\x1d\x58\xfb\xda\xc9\xf1\x47\xca\xef\x5a\x4d\xfb\
\xd7\xbf\x55\x6c\xde\xe2\x6d\x8d\x1a\x6b\x51\xcb\x1f\xb4\xae\xd5\
\xf5\x1b\x77\x6d\xdf\x20\xb5\x7c\xaf\xd4\xf6\x07\x2f\xec\x08\xb7\
\x2c\x07\x00\x00\x00\x00\x00\x00\x00\x00\x00\x00\x00\x00\x00\x00\
\x00\x00\x00\x00\x00\x00\x00\x00\x00\x00\x00\x00\x00\x00\x00\x00\
\x00\x00\x00\x00\x00\x00\x00\x00\xfc\x25\xff\x00\xd8\xc4\x9a\xf3\
\x59\xe7\x50\xdb\x00\x00\x00\x00\x49\x45\x4e\x44\xae\x42\x60\x82\
\
\x00\x01\x67\x61\
\x89\
\x50\x4e\x47\x0d\x0a\x1a\x0a\x00\x00\x00\x0d\x49\x48\x44\x52\x00\
\x00\x09\xb1\x00\x00\x0d\xb4\x08\x06\x00\x00\x00\xc1\x7e\x92\x33\
\x00\x00\x04\xba\x69\x54\x58\x74\x58\x4d\x4c\x3a\x63\x6f\x6d\x2e\
\x61\x64\x6f\x62\x65\x2e\x78\x6d\x70\x00\x00\x00\x00\x00\x3c\x3f\
\x78\x70\x61\x63\x6b\x65\x74\x20\x62\x65\x67\x69\x6e\x3d\x22\xef\
\xbb\xbf\x22\x20\x69\x64\x3d\x22\x57\x35\x4d\x30\x4d\x70\x43\x65\
\x68\x69\x48\x7a\x72\x65\x53\x7a\x4e\x54\x63\x7a\x6b\x63\x39\x64\
\x22\x3f\x3e\x0a\x3c\x78\x3a\x78\x6d\x70\x6d\x65\x74\x61\x20\x78\
\x6d\x6c\x6e\x73\x3a\x78\x3d\x22\x61\x64\x6f\x62\x65\x3a\x6e\x73\
\x3a\x6d\x65\x74\x61\x2f\x22\x20\x78\x3a\x78\x6d\x70\x74\x6b\x3d\
\x22\x58\x4d\x50\x20\x43\x6f\x72\x65\x20\x35\x2e\x35\x2e\x30\x22\
\x3e\x0a\x20\x3c\x72\x64\x66\x3a\x52\x44\x46\x20\x78\x6d\x6c\x6e\
\x73\x3a\x72\x64\x66\x3d\x22\x68\x74\x74\x70\x3a\x2f\x2f\x77\x77\
\x77\x2e\x77\x33\x2e\x6f\x72\x67\x2f\x31\x39\x39\x39\x2f\x30\x32\
\x2f\x32\x32\x2d\x72\x64\x66\x2d\x73\x79\x6e\x74\x61\x78\x2d\x6e\
\x73\x23\x22\x3e\x0a\x20\x20\x3c\x72\x64\x66\x3a\x44\x65\x73\x63\
\x72\x69\x70\x74\x69\x6f\x6e\x20\x72\x64\x66\x3a\x61\x62\x6f\x75\
\x74\x3d\x22\x22\x0a\x20\x20\x20\x20\x78\x6d\x6c\x6e\x73\x3a\x65\
\x78\x69\x66\x3d\x22\x68\x74\x74\x70\x3a\x2f\x2f\x6e\x73\x2e\x61\
\x64\x6f\x62\x65\x2e\x63\x6f\x6d\x2f\x65\x78\x69\x66\x2f\x31\x2e\
\x30\x2f\x22\x0a\x20\x20\x20\x20\x78\x6d\x6c\x6e\x73\x3a\x74\x69\
\x66\x66\x3d\x22\x68\x74\x74\x70\x3a\x2f\x2f\x6e\x73\x2e\x61\x64\
\x6f\x62\x65\x2e\x63\x6f\x6d\x2f\x74\x69\x66\x66\x2f\x31\x2e\x30\
\x2f\x22\x0a\x20\x20\x20\x20\x78\x6d\x6c\x6e\x73\x3a\x70\x68\x6f\
\x74\x6f\x73\x68\x6f\x70\x3d\x22\x68\x74\x74\x70\x3a\x2f\x2f\x6e\
\x73\x2e\x61\x64\x6f\x62\x65\x2e\x63\x6f\x6d\x2f\x70\x68\x6f\x74\
\x6f\x73\x68\x6f\x70\x2f\x31\x2e\x30\x2f\x22\x0a\x20\x20\x20\x20\
\x78\x6d\x6c\x6e\x73\x3a\x78\x6d\x70\x3d\x22\x68\x74\x74\x70\x3a\
\x2f\x2f\x6e\x73\x2e\x61\x64\x6f\x62\x65\x2e\x63\x6f\x6d\x2f\x78\
\x61\x70\x2f\x31\x2e\x30\x2f\x22\x0a\x20\x20\x20\x20\x78\x6d\x6c\
\x6e\x73\x3a\x78\x6d\x70\x4d\x4d\x3d\x22\x68\x74\x74\x70\x3a\x2f\
\x2f\x6e\x73\x2e\x61\x64\x6f\x62\x65\x2e\x63\x6f\x6d\x2f\x78\x61\
\x70\x2f\x31\x2e\x30\x2f\x6d\x6d\x2f\x22\x0a\x20\x20\x20\x20\x78\
\x6d\x6c\x6e\x73\x3a\x73\x74\x45\x76\x74\x3d\x22\x68\x74\x74\x70\
\x3a\x2f\x2f\x6e\x73\x2e\x61\x64\x6f\x62\x65\x2e\x63\x6f\x6d\x2f\
\x78\x61\x70\x2f\x31\x2e\x30\x2f\x73\x54\x79\x70\x65\x2f\x52\x65\
\x73\x6f\x75\x72\x63\x65\x45\x76\x65\x6e\x74\x23\x22\x0a\x20\x20\
\x20\x65\x78\x69\x66\x3a\x50\x69\x78\x65\x6c\x58\x44\x69\x6d\x65\
\x6e\x73\x69\x6f\x6e\x3d\x22\x32\x34\x38\x31\x22\x0a\x20\x20\x20\
\x65\x78\x69\x66\x3a\x50\x69\x78\x65\x6c\x59\x44\x69\x6d\x65\x6e\
\x73\x69\x6f\x6e\x3d\x22\x33\x35\x30\x38\x22\x0a\x20\x20\x20\x65\
\x78\x69\x66\x3a\x43\x6f\x6c\x6f\x72\x53\x70\x61\x63\x65\x3d\x22\
\x31\x22\x0a\x20\x20\x20\x74\x69\x66\x66\x3a\x49\x6d\x61\x67\x65\
\x57\x69\x64\x74\x68\x3d\x22\x32\x34\x38\x31\x22\x0a\x20\x20\x20\
\x74\x69\x66\x66\x3a\x49\x6d\x61\x67\x65\x4c\x65\x6e\x67\x74\x68\
\x3d\x22\x33\x35\x30\x38\x22\x0a\x20\x20\x20\x74\x69\x66\x66\x3a\
\x52\x65\x73\x6f\x6c\x75\x74\x69\x6f\x6e\x55\x6e\x69\x74\x3d\x22\
\x32\x22\x0a\x20\x20\x20\x74\x69\x66\x66\x3a\x58\x52\x65\x73\x6f\
\x6c\x75\x74\x69\x6f\x6e\x3d\x22\x33\x30\x30\x2f\x31\x22\x0a\x20\
\x20\x20\x74\x69\x66\x66\x3a\x59\x52\x65\x73\x6f\x6c\x75\x74\x69\
\x6f\x6e\x3d\x22\x33\x30\x30\x2f\x31\x22\x0a\x20\x20\x20\x70\x68\
\x6f\x74\x6f\x73\x68\x6f\x70\x3a\x43\x6f\x6c\x6f\x72\x4d\x6f\x64\
\x65\x3d\x22\x33\x22\x0a\x20\x20\x20\x70\x68\x6f\x74\x6f\x73\x68\
\x6f\x70\x3a\x49\x43\x43\x50\x72\x6f\x66\x69\x6c\x65\x3d\x22\x73\
\x52\x47\x42\x20\x49\x45\x43\x36\x31\x39\x36\x36\x2d\x32\x2e\x31\
\x22\x0a\x20\x20\x20\x78\x6d\x70\x3a\x4d\x6f\x64\x69\x66\x79\x44\
\x61\x74\x65\x3d\x22\x32\x30\x32\x31\x2d\x31\x31\x2d\x32\x30\x54\
\x32\x31\x3a\x34\x34\x3a\x31\x37\x2b\x30\x31\x3a\x30\x30\x22\x0a\
\x20\x20\x20\x78\x6d\x70\x3a\x4d\x65\x74\x61\x64\x61\x74\x61\x44\
\x61\x74\x65\x3d\x22\x32\x30\x32\x31\x2d\x31\x31\x2d\x32\x30\x54\
\x32\x31\x3a\x34\x34\x3a\x31\x37\x2b\x30\x31\x3a\x30\x30\x22\x3e\
\x0a\x20\x20\x20\x3c\x78\x6d\x70\x4d\x4d\x3a\x48\x69\x73\x74\x6f\
\x72\x79\x3e\x0a\x20\x20\x20\x20\x3c\x72\x64\x66\x3a\x53\x65\x71\
\x3e\x0a\x20\x20\x20\x20\x20\x3c\x72\x64\x66\x3a\x6c\x69\x0a\x20\
\x20\x20\x20\x20\x20\x73\x74\x45\x76\x74\x3a\x61\x63\x74\x69\x6f\
\x6e\x3d\x22\x70\x72\x6f\x64\x75\x63\x65\x64\x22\x0a\x20\x20\x20\
\x20\x20\x20\x73\x74\x45\x76\x74\x3a\x73\x6f\x66\x74\x77\x61\x72\
\x65\x41\x67\x65\x6e\x74\x3d\x22\x41\x66\x66\x69\x6e\x69\x74\x79\
\x20\x50\x68\x6f\x74\x6f\x20\x31\x2e\x31\x30\x2e\x34\x22\x0a\x20\
\x20\x20\x20\x20\x20\x73\x74\x45\x76\x74\x3a\x77\x68\x65\x6e\x3d\
\x22\x32\x30\x32\x31\x2d\x31\x31\x2d\x32\x30\x54\x32\x31\x3a\x34\
\x34\x3a\x31\x37\x2b\x30\x31\x3a\x30\x30\x22\x2f\x3e\x0a\x20\x20\
\x20\x20\x3c\x2f\x72\x64\x66\x3a\x53\x65\x71\x3e\x0a\x20\x20\x20\
\x3c\x2f\x78\x6d\x70\x4d\x4d\x3a\x48\x69\x73\x74\x6f\x72\x79\x3e\
\x0a\x20\x20\x3c\x2f\x72\x64\x66\x3a\x44\x65\x73\x63\x72\x69\x70\
\x74\x69\x6f\x6e\x3e\x0a\x20\x3c\x2f\x72\x64\x66\x3a\x52\x44\x46\
\x3e\x0a\x3c\x2f\x78\x3a\x78\x6d\x70\x6d\x65\x74\x61\x3e\x0a\x3c\
\x3f\x78\x70\x61\x63\x6b\x65\x74\x20\x65\x6e\x64\x3d\x22\x72\x22\
\x3f\x3e\x74\x21\x4a\x4e\x00\x00\x01\x81\x69\x43\x43\x50\x73\x52\
\x47\x42\x20\x49\x45\x43\x36\x31\x39\x36\x36\x2d\x32\x2e\x31\x00\
\x00\x28\x91\x75\x91\xcf\x2b\x44\x51\x14\xc7\x3f\x66\x88\x18\x8d\
\x62\x61\x61\x31\x69\x58\x21\x3f\x4a\x6c\x2c\x66\x62\x28\x2c\x66\
\x46\xf9\xb5\x99\x79\xe6\xcd\xa8\x79\xe3\xf5\xde\x9b\x34\xd9\x2a\
\xdb\x29\x4a\x6c\xfc\x5a\xf0\x17\xb0\x55\xd6\x4a\x11\x29\xd9\x29\
\x6b\x62\xc3\xf4\x9c\xe7\xa9\x91\xcc\xbd\xdd\x7b\x3e\xf7\x7b\xcf\
\x39\x9d\x7b\x2e\x78\xe2\x59\x45\x33\xab\x7b\x41\xcb\x59\x46\x34\
\x12\x0a\xcc\xce\xcd\x07\x6a\x9f\x68\xa0\x45\x66\x3b\xc1\x84\x62\
\xea\x53\xb1\xb1\x38\x15\xc7\xfb\x2d\x55\x8e\xbd\xee\x76\x72\x55\
\xf6\xfb\x77\x34\x2c\xa5\x4c\x05\xaa\xea\x84\x47\x14\xdd\xb0\x84\
\xc7\x85\x27\x57\x2d\xdd\xe1\x2d\xe1\x16\x25\x93\x58\x12\x3e\x11\
\xee\x32\xa4\x40\xe1\x1b\x47\x4f\xba\xfc\xec\x70\xda\xe5\x4f\x87\
\x8d\x78\x34\x0c\x9e\x26\xe1\x40\xfa\x17\x27\x7f\xb1\x92\x31\x34\
\x61\x79\x39\x41\x2d\x9b\x57\x7e\xea\x71\x5e\xe2\x4b\xe5\x66\x62\
\x62\xdb\x65\xb5\x61\x12\x25\x42\x88\x00\x13\x8c\x12\x66\x90\x3e\
\x86\x65\x1f\xa4\x9b\x7e\x7a\xe4\x44\x85\xf8\xde\xef\xf8\x69\x56\
\x24\x56\x91\x5d\xa7\x80\xc1\x32\x69\x32\x58\x74\x89\x9a\x97\xec\
\x29\xb1\xaa\xe8\x29\x99\x59\x0a\x4e\xff\xff\xf6\xd5\x54\x07\xfa\
\xdd\xec\xbe\x10\xd4\x3c\xda\xf6\x6b\x07\xd4\x6e\x42\xa9\x68\xdb\
\x1f\x07\xb6\x5d\x3a\x04\xef\x03\x9c\xe7\xca\xf1\x2b\xfb\x30\xf4\
\x26\x7a\xb1\xac\x05\xf7\xc0\xbf\x0e\xa7\x17\x65\x2d\xb9\x0d\x67\
\x1b\xd0\x7a\xaf\x27\x8c\xc4\xb7\xe4\x95\xe5\x51\x55\x78\x39\x86\
\xc6\x39\x68\xbe\x82\xfa\x05\xb7\x67\x3f\xf7\x1c\xdd\x41\x7c\x4d\
\xbe\xea\x12\x76\x76\xa1\x53\xfc\xfd\x8b\x5f\x9c\x2d\x67\xfe\xc8\
\x75\x61\x85\x00\x00\x00\x09\x70\x48\x59\x73\x00\x00\x2e\x23\x00\
\x00\x2e\x23\x01\x78\xa5\x3f\x76\x00\x00\x20\x00\x49\x44\x41\x54\
\x78\x9c\xec\xc1\x01\x01\x00\x00\x00\x80\x90\xfe\xaf\xee\x08\x0a\
\x00\x00\x00\x00\x00\x00\x00\x00\x00\x00\x00\x00\x00\x00\x00\x00\
\x00\x00\x00\x00\x00\x00\x00\x00\x00\x00\x00\x00\x00\x00\x00\x00\
\x00\x00\x00\x00\x00\x00\x00\x00\x00\x00\x00\x00\x00\x00\x00\x00\
\x00\x00\x00\x00\x00\x00\x00\x00\x00\x00\x00\x00\x00\x00\x00\x00\
\x00\x00\x00\x00\x00\x00\x00\x00\x00\x00\x00\x00\x00\x00\x00\x00\
\x00\x00\x00\x00\x00\x00\x00\x00\x00\x00\x00\x00\x00\x00\x00\x00\
\x00\x00\x00\x00\x00\x00\x00\x00\x00\x00\x00\x00\x00\x00\x00\x00\
\x00\x00\x00\x00\x00\x00\x00\x00\x00\x00\x00\x00\x00\x00\x00\x00\
\x00\x00\x00\x00\x00\x00\x00\x00\x00\x00\x00\x00\x00\x00\x00\x00\
\x00\x00\x00\x00\x00\x00\x00\x00\x00\x00\x00\x00\x00\x00\x00\x00\
\x00\x00\x00\x00\x00\x00\x00\x00\x00\x00\x00\x00\x00\x00\x00\x00\
\x00\x00\x00\x00\x00\x00\x00\x00\x00\x00\x00\x00\x00\x00\x00\x00\
\x00\x00\x00\x00\x00\x00\x00\x00\x00\x00\x00\x00\x00\x00\x00\x00\
\x00\x00\x00\x00\x00\x00\x00\x00\x00\x00\x00\x00\x00\x00\x00\x00\
\x00\x00\x00\x00\x00\x00\x00\x00\x00\x00\x00\x00\x00\x00\x00\x00\
\x00\x00\x00\x00\x00\x00\x00\x00\x00\x00\x00\x00\x00\x00\x00\x00\
\x00\x00\x00\x00\x00\x00\x00\x00\x00\x00\x00\x00\x00\x00\x00\x00\
\x00\x00\x00\x00\x00\x00\x00\x00\x00\x00\x00\x00\x00\x00\x00\x00\
\x00\x00\x00\x00\x00\x00\x00\x00\x00\x00\x00\x00\x00\x00\x00\x00\
\x00\x00\x00\x00\x00\x00\x00\x00\x00\x00\x00\x00\x00\x00\x00\x00\
\x00\x00\x00\x00\x00\x00\x00\x00\x00\x00\x00\x00\x00\x00\x00\x00\
\x00\x00\x00\x00\x00\x00\x00\x00\x00\x00\x00\x00\x00\x00\x00\x00\
\x00\x00\x00\x00\x00\x00\x00\x00\x00\x00\x00\x00\x00\x00\x00\x00\
\x00\x00\x00\x00\x00\x00\x00\x00\x00\x00\x00\x00\x00\x00\x00\x00\
\x00\x00\x00\x00\x00\x00\x00\x00\x00\x00\x00\x00\x00\x00\x00\x00\
\x00\x00\x00\x00\x00\x00\x00\x00\x00\x00\x00\x00\x00\x00\x00\x00\
\x00\x00\x00\x00\x00\x00\x00\x00\x00\x00\x00\x00\x00\x00\x00\x00\
\x00\x00\x00\x00\x00\x00\x00\x00\x00\x00\x00\x00\x00\x00\x00\x00\
\x00\x00\x00\x00\x00\x00\x00\x00\x00\x00\x00\x00\x00\x00\x00\x00\
\x00\x00\x00\x00\x00\x00\x00\x00\x00\x00\x00\x00\x00\x00\x00\x00\
\x00\x00\x00\x00\x00\x00\x00\x00\x00\x00\x00\x00\x00\x00\x00\x00\
\x00\x00\x00\x00\x00\x00\x00\x00\x00\x00\x00\x00\x00\x00\x00\x00\
\x00\x00\x00\x00\x00\x00\x00\x00\x00\x00\x00\x00\x00\x00\x00\x00\
\x00\x00\x00\x00\x00\x00\x00\x00\x00\x00\x00\x00\x00\x00\x00\x00\
\x00\x00\x00\x00\x00\x00\x00\x00\x00\x00\x00\x00\x00\x00\x00\x00\
\x00\x00\x00\x00\x00\x00\x00\x00\x00\x00\x00\x00\x00\x00\x00\x00\
\x00\x00\x00\x00\x00\x00\x00\x00\x00\x00\x00\x00\x00\x00\x00\x00\
\x00\x00\x00\x00\x00\x00\x00\x00\x00\x00\x00\x00\x00\x00\x00\x00\
\x00\x00\x00\x00\x00\x00\x00\x00\x00\x00\x00\x00\x00\x00\x00\x00\
\x00\x00\x00\x00\x00\x00\x00\x00\x00\x00\x00\x00\x00\x00\x00\x00\
\x00\x00\x00\x00\x00\x00\x00\x00\x00\x00\x00\x00\x00\x00\x00\x00\
\x00\x00\x00\x00\x00\x00\x00\x00\x00\x00\x00\x00\x00\x00\x00\x00\
\x00\x00\x00\x00\x00\x00\x00\x00\x00\x00\x00\x00\x00\x00\x00\x00\
\x00\x00\x00\x00\x00\x00\x00\x00\x00\x00\x00\x00\x00\x00\x00\x00\
\x00\x00\x00\x00\x00\x00\x00\x00\x00\x00\x00\x00\x00\x00\x00\x00\
\x00\x00\x00\x00\x00\x00\x00\x00\x00\x00\x00\x00\x00\x00\x00\x00\
\x00\x00\x00\x00\x00\x00\x00\x00\x00\x00\x00\x00\x00\x00\x00\x00\
\x00\x00\x00\x00\x00\x00\x00\x00\x00\x00\x00\x00\x00\x00\x00\x00\
\x00\x00\x00\x00\x00\x00\x00\x00\x00\x00\x00\x00\x00\x00\x00\x00\
\x00\x00\x00\x00\x00\x00\x00\x00\x00\x00\x00\x00\x00\x00\x00\x00\
\x00\x00\x00\x00\x00\x00\x00\x00\x00\x00\x00\x00\x00\x00\x00\x00\
\x00\x00\x00\x00\x00\x00\x00\x00\x00\x00\x00\x00\x00\x00\x00\x00\
\x00\x00\x00\x00\x00\x00\x00\x00\x00\x00\x00\x00\x00\x00\x00\x00\
\x00\x00\x00\x00\x00\x00\x00\x00\x00\x00\x00\x00\x00\x00\x00\x00\
\x00\x00\x00\x00\x00\x00\x00\x00\x00\x00\x00\x00\x00\x00\x00\x00\
\x00\x00\x00\x00\x00\x00\x00\x00\x00\x00\x00\x00\x00\x00\x00\x00\
\x00\x00\x00\x00\x00\x00\x00\x00\x00\x00\x00\x00\x00\x00\x00\x00\
\x00\x00\x00\x00\x00\x00\x00\x00\x00\x00\x00\x00\x00\x00\x00\x00\
\x00\x00\x00\x00\x00\x00\x00\x00\x00\x00\x00\x00\x00\x00\x00\x00\
\x00\x00\x00\x00\x00\x00\x00\x00\x00\x00\x00\x00\x00\x00\x00\x00\
\x00\x00\x00\x00\x00\x00\x00\x00\x00\x00\x00\x00\x00\x00\x00\x00\
\x00\x00\x00\x00\x00\x00\x00\x00\x00\x00\x00\x00\x00\x00\x00\x00\
\x00\x00\x00\x00\x00\x00\x00\x00\x00\x00\x00\x00\x00\x00\x00\x00\
\x00\x00\x00\x00\x00\x00\x00\x00\x00\x00\x00\x00\x00\x00\x00\x00\
\x00\x00\x00\x00\x00\x00\x00\x00\x00\x00\x00\x00\x00\x00\x00\x00\
\x00\x00\x00\x00\x00\x00\x00\x00\x00\x00\x00\x00\x00\x00\x00\x00\
\x00\x00\x00\x00\x00\x00\x00\x00\x00\x00\x00\x00\x00\x00\x00\x00\
\x00\x00\x00\x00\x00\x00\x00\x00\x00\x00\x00\x00\x00\x00\x00\x00\
\x00\x00\x00\x00\x00\x00\x00\x00\x00\x00\x00\x00\x00\x00\x00\x00\
\x00\x00\x00\x00\x00\x00\x00\x00\x00\x00\x00\x00\x00\x00\x00\x00\
\x00\x00\x00\x00\x00\x00\x00\x00\x00\x00\x00\x00\x00\x00\x00\x00\
\x00\x00\x00\x00\x00\x00\x00\x00\x00\x00\x00\x00\x00\x00\x00\x00\
\x00\x00\x00\x00\x00\x00\x00\x00\x00\x00\x00\x00\x00\x00\x00\x00\
\x00\x00\x00\x00\x00\x00\x00\x00\x00\x00\x00\x00\x00\x00\x00\x00\
\x00\x00\x00\x00\x00\x00\x00\x00\x00\x00\x00\x00\x00\x00\x00\x00\
\x00\x00\x00\x00\x00\x00\x00\x00\x00\x00\x00\x00\x00\x00\x00\x00\
\x00\x00\x00\x00\x00\x00\x00\x00\x00\x00\x00\x00\x00\x00\x00\x00\
\x00\x00\x00\x00\x00\x00\x00\x00\x00\x00\x00\x00\x00\x00\x00\x00\
\x00\x00\x00\x00\x00\x00\x00\x00\x00\x00\x00\x00\x00\x00\x00\x00\
\x00\x00\x00\x00\x00\x00\x00\x00\x00\x00\x00\x00\x00\x00\x00\x00\
\x00\x00\x00\x00\x00\x00\x00\x00\x00\x00\x00\x00\x00\x00\x00\x00\
\x00\x00\x00\x00\x00\x00\x00\x00\x00\x00\x00\x00\x00\x00\x00\x00\
\x00\x00\x00\x00\x00\x00\x00\x00\x00\x00\x00\x00\x00\x00\x00\x00\
\x00\x00\x00\x00\x00\x00\x00\x00\x00\x00\x00\x00\x00\x00\x00\x00\
\x00\x00\x00\x00\x00\x00\x00\x00\x00\x00\x00\x00\x00\x00\x00\x00\
\x00\x00\x00\x00\x00\x00\x00\x00\x00\x00\x00\x00\x00\x00\x00\x00\
\x00\x00\x00\x00\x00\x00\x00\x00\x00\x00\x00\x00\x00\x00\x00\x00\
\x00\x00\x00\x00\x00\x00\x00\x00\x00\x00\x00\x00\x00\x00\x00\x00\
\x00\x00\x00\x00\x00\x00\x00\x00\x00\x00\x00\x00\x00\x00\x00\x00\
\x00\x00\x00\x00\x00\x00\x00\x00\x00\x00\x00\x00\x00\x00\x00\x00\
\x00\x00\x00\x00\x00\x00\x00\x00\x00\x00\x00\x00\x00\x00\x00\x00\
\x00\x00\x00\x00\x00\x00\x00\x00\x00\x00\x00\x00\x00\x00\x00\x00\
\x00\x00\x00\x00\x00\x00\x00\x00\x00\x00\x00\x00\x00\x00\x00\x00\
\x00\x00\x00\x00\x00\x00\x00\x00\x00\x00\x00\x00\x00\x00\x00\x00\
\x00\x00\x00\x00\x00\x00\x00\x00\x00\x00\x00\x00\x00\x00\x00\x00\
\x00\x00\x00\x00\x00\x00\x00\x00\x00\x00\x00\x00\x00\x00\x00\x00\
\x00\x00\x00\x00\x00\x00\x00\x00\x00\x00\x00\x00\x00\x00\x00\x00\
\x00\x00\x00\x00\x00\x00\x00\x00\x00\x00\x00\x00\x00\x00\x00\x00\
\x00\x00\x00\x00\x00\x00\x00\x00\x00\x00\x00\x00\x00\x00\x00\x00\
\x00\x00\x00\x00\x00\x00\x00\x00\x00\x00\x00\x00\x00\x00\x00\x00\
\x00\x00\x00\x00\x00\x00\x00\x00\x00\x00\x00\x00\x00\x00\x00\x00\
\x00\x00\x00\x00\x00\x00\x00\x00\x00\x00\x00\x00\x00\x00\x00\x00\
\x00\x00\x00\x00\x00\x00\x00\x00\x00\x00\x00\x00\x00\x00\x00\x00\
\x00\x00\x00\x00\x00\x00\x00\x00\x00\x00\x00\x00\x00\x00\x00\x00\
\x00\x00\x00\x00\x00\x00\x00\x00\x00\x00\x00\x00\x00\x00\x00\x00\
\x00\x00\x00\x00\x00\x00\x00\x00\x00\x00\x00\x00\x00\x00\x00\x00\
\x00\x00\x00\x00\x00\x00\x00\x00\x00\x00\x00\x00\x00\x00\x00\x00\
\x00\x00\x00\x00\x00\x00\x00\x00\x00\x00\x00\x00\x00\x00\x00\x00\
\x00\x00\x00\x00\x00\x00\x00\x00\x00\x00\x00\x00\x00\x00\x00\x00\
\x00\x00\x00\x00\x00\x00\x00\x00\x00\x00\x00\x00\x00\x00\x00\x00\
\x00\x00\x00\x00\x00\x00\x00\x00\x00\x00\x00\x00\x00\x00\x00\x00\
\x00\x00\x00\x00\x00\x00\x00\x00\x00\x00\x00\x00\x00\x00\x00\x00\
\x00\x00\x00\x00\x00\x00\x00\x00\x00\x00\x00\x00\x00\x00\x00\x00\
\x00\x00\x00\x00\x00\x00\x00\x00\x00\x00\x00\x00\x00\x00\x00\x00\
\x00\x00\x00\x00\x00\x00\x00\x00\x00\x00\x00\x00\x00\x00\x00\x00\
\x00\x00\x00\x00\x00\x00\x00\x00\x00\x00\x00\x00\x00\x00\x00\x00\
\x00\x00\x00\x00\x00\x00\x00\x00\x00\x00\x00\x00\x00\x00\x00\x00\
\x00\x00\x00\x00\x00\x00\x00\x00\x00\x00\x00\x00\x00\x00\x00\x00\
\x00\x00\x00\x00\x00\x00\x00\x00\x00\x00\x00\x00\x00\x00\x00\x00\
\x00\x00\x00\x00\x00\x00\x00\x00\x00\x00\x00\x00\x00\x00\x00\x00\
\x00\x00\x00\x00\x00\x00\x00\x00\x00\x00\x00\x00\x00\x00\x00\x00\
\x00\x00\x00\x00\x00\x00\x00\x00\x00\x00\x00\x00\x00\x00\x00\x00\
\x00\x00\x00\x00\x00\x00\x00\x00\x00\x00\x00\x00\x00\x00\x00\x00\
\x00\x00\x00\x00\x00\x00\x00\x00\x00\x00\x00\x00\x00\x00\x00\x00\
\x00\x00\x00\x00\x00\x00\x00\x00\x00\x00\x00\x00\x00\x00\x00\x00\
\x00\x00\x00\x00\x00\x00\x00\x00\x00\x00\x00\x00\x00\x00\x00\x00\
\x00\x00\x00\x00\x00\x00\x00\x00\x00\x00\x00\x00\x00\x00\x00\x00\
\x00\x00\x00\x00\x00\x00\x00\x00\x00\x00\x00\x00\x00\x00\x00\x00\
\x00\x00\x00\x00\x00\x00\x00\x00\x00\x00\x00\x00\x00\x00\x00\x00\
\x00\x00\x00\x00\x00\x00\x00\x00\x00\x00\x00\x00\x00\x00\x00\x00\
\x00\x00\x00\x00\x00\x00\x00\x00\x00\x00\x00\x00\x00\x00\x00\x00\
\x00\x00\x00\x00\x00\x00\x00\x00\x00\x00\x00\x00\x00\x00\x00\x00\
\x00\x00\x00\x00\x00\x00\x00\x00\x00\x00\x00\x00\x00\x00\x00\x00\
\x00\x00\x00\x00\x00\x00\x00\x00\x00\x00\x00\x00\x00\x00\x00\x00\
\x00\x00\x00\x00\x00\x00\x00\x00\x00\x00\x00\x00\x00\x00\x00\x00\
\x00\x00\x00\x00\x00\x00\x00\x00\x00\x00\x00\x00\x00\x00\x00\x00\
\x00\x00\x00\x00\x00\x00\x00\x00\x00\x00\x00\x00\x00\x00\x00\x00\
\x00\x00\x00\x00\x00\x00\x00\x00\x00\x00\x00\x00\x00\x00\x00\x00\
\x00\x00\x00\x00\x00\x00\x00\x00\x00\x00\x00\x00\x00\x00\x00\x00\
\x00\x00\x00\x00\x00\x00\x00\x00\x00\x00\x00\x00\x00\x00\x00\x00\
\x00\x00\x00\x00\x00\x00\x00\x00\x00\x00\x00\x00\x00\x00\x00\x00\
\x00\x00\x00\x00\x00\x00\x00\x00\x00\x00\x00\x00\x00\x00\x00\x00\
\x00\x00\x00\x00\x00\x00\x00\x00\x00\x00\x00\x00\x00\x00\x00\x00\
\x00\x00\x00\x00\x00\x00\x00\x00\x00\x00\x00\x00\x00\x00\x00\x00\
\x00\x00\x00\x00\x00\x00\x00\x00\x00\x00\x00\x00\x00\x00\x00\x00\
\x00\x00\x00\x00\x00\x00\x00\x00\x00\x00\x00\x00\x00\x00\x00\x00\
\x00\x00\x00\x00\x00\x00\x00\x00\x00\x00\x00\x00\x00\x00\x00\x00\
\x00\x00\x00\x00\x00\x00\x00\x00\x00\x00\x00\x00\x00\x00\x00\x00\
\x00\x00\x00\x00\x00\x00\x00\x00\x00\x00\x00\x00\x00\x00\x00\x00\
\x00\x00\x00\x00\x00\x00\x00\x00\x00\x00\x00\x00\x00\x00\x00\x00\
\x00\x00\x00\x00\x00\x00\x00\x00\x00\x00\x00\x00\x00\x00\x00\x00\
\x00\x00\x00\x00\x00\x00\x00\x00\x00\x00\x00\x00\x00\x00\x00\x00\
\x00\x00\x00\x00\x00\x00\x00\x00\x00\x00\x00\x00\x00\x00\x00\x00\
\x00\x00\x00\x00\x00\x00\x00\x00\x00\x00\x00\x00\x00\x00\x00\x00\
\x00\x00\x00\x00\x00\x00\x00\x00\x00\x00\x00\x00\x00\x00\x00\x00\
\x00\x00\x00\x00\x00\x00\x00\x00\x00\x00\x00\x00\x00\x00\x00\x00\
\x00\x00\x00\x00\x00\x00\x00\x00\x00\x00\x00\x00\x00\x00\x00\x00\
\x00\x00\x00\x00\x00\x00\x00\x00\x00\x00\x00\x00\x00\x00\x00\x00\
\x00\x00\x00\x00\x00\x00\x00\x00\x00\x00\x00\x00\x00\x00\x00\x00\
\x00\x00\x00\x00\x00\x00\x00\x00\x00\x00\x00\x00\x00\x00\x00\x00\
\x00\x00\x00\x00\x00\x00\x00\x00\x00\x00\x00\x00\x00\x00\x00\x00\
\x00\x00\x00\x00\x00\x00\x00\x00\x00\x00\x00\x00\x00\x00\x00\x00\
\x00\x00\x00\x00\x00\x00\x00\x00\x00\x00\x00\x00\x00\x00\x00\x00\
\x00\x00\x00\x00\x00\x00\x00\x00\x00\x00\x00\x00\x00\x00\x00\x00\
\x00\x00\x00\x00\x00\x00\x00\x00\x00\x00\x00\x00\x00\x00\x00\x00\
\x00\x00\x00\x00\x00\x00\x00\x00\x00\x00\x00\x00\x00\x00\x00\x00\
\x00\x00\x00\x00\x00\x00\x00\x00\x00\x00\x00\x00\x00\x00\x00\x00\
\x00\x00\x00\x00\x00\x00\x00\x00\x00\x00\x00\x00\x00\x00\x00\x00\
\x00\x00\x00\x00\x00\x00\x00\x00\x00\x00\x00\x00\x00\x00\x00\x00\
\x00\x00\x00\x00\x00\x00\x00\x00\x00\x00\x00\x00\x00\x00\x00\x00\
\x00\x00\x00\x00\x00\x00\x00\x00\x00\x00\x00\x00\x00\x00\x00\x00\
\x00\x00\x00\x00\x00\x00\x00\x00\x00\x00\x00\x00\x00\x00\x00\x00\
\x00\x00\x00\x00\x00\x00\x00\x00\x00\x00\x00\x00\x00\x00\x00\x00\
\x00\x00\x00\x00\x00\x00\x00\x00\x00\x00\x00\x00\x00\x00\x00\x00\
\x00\x00\x00\x00\x00\x00\x00\x00\x00\x00\x00\x00\x00\x00\x00\x00\
\x00\x00\x00\x00\x00\x00\x00\x00\x00\x00\x00\x00\x00\x00\x00\x00\
\x00\x00\x00\x00\x00\x00\x00\x00\x00\x00\x00\x00\x00\x00\x00\x00\
\x00\x00\x00\x00\x00\x00\x00\x00\x00\x00\x00\x00\x00\x00\x00\x00\
\x00\x00\x00\x00\x00\x00\x00\x00\x00\x00\x00\x00\x00\x00\x00\x00\
\x00\x00\x00\x00\x00\x00\x00\x00\x00\x00\x00\x00\x00\x00\x00\x00\
\x00\x00\x00\x00\x00\x00\x00\x00\x00\x00\x00\x00\x00\x00\x00\x00\
\x00\x00\x00\x00\x00\x00\x00\x00\x00\x00\x00\x00\x00\x00\x00\x00\
\x00\x00\x00\x00\x00\x00\x00\x00\x00\x00\x00\x00\x00\x00\x00\x00\
\x00\x00\x00\x00\x00\x00\x00\x00\x00\x00\x00\x00\x00\x00\x00\x00\
\x00\x00\x00\x00\x00\x00\x00\x00\x00\x00\x00\x00\x00\x00\x00\x00\
\x00\x00\x00\x00\x00\x00\x00\x00\x00\x00\x00\x00\x00\x00\x00\x00\
\x00\x00\x00\x00\x00\x00\x00\x00\x00\x00\x00\x00\x00\x00\x00\x00\
\x00\x00\x00\x00\x00\x00\x00\x00\x00\x00\x00\x00\x00\x00\x00\x00\
\x00\x00\x00\x00\x00\x00\x00\x00\x00\x00\x00\x00\x00\x00\x00\x00\
\x00\x00\x00\x00\x00\x00\x00\x00\x00\x00\x00\x00\x00\x00\x00\x00\
\x00\x00\x00\x00\x00\x00\x00\x00\x00\x00\x00\x00\x00\x00\x00\x00\
\x00\x00\x00\x00\x00\x00\x00\x00\x00\x00\x00\x00\x00\x00\x00\x00\
\x00\x00\x00\x00\x00\x00\x00\x00\x00\x00\x00\x00\x00\x00\x00\x00\
\x00\x00\x00\x00\x00\x00\x00\x00\x00\x00\x00\x00\x00\x00\x00\x00\
\x00\x00\x00\x00\x00\x00\x00\x00\x00\x00\x00\x00\x00\x00\x00\x00\
\x00\x00\x00\x00\x00\x00\x00\x00\x00\x00\x00\x00\x00\x00\x00\x00\
\x00\x00\x00\x00\x00\x00\x00\x00\x00\x00\x00\x00\x00\x00\x00\x00\
\x00\x00\x00\x00\x00\x00\x00\x00\x00\x00\x00\x00\x00\x00\x00\x00\
\x00\x00\x00\x00\x00\x00\x00\x00\x00\x00\x00\x00\x00\x00\x00\x00\
\x00\x00\x00\x00\x00\x00\x00\x00\x00\x00\x00\x00\x00\x00\x00\x00\
\x00\x00\x00\x00\x00\x00\x00\x00\x00\x00\x00\x00\x00\x00\x00\x00\
\x00\x00\x00\x00\x00\x00\x00\x00\x00\x00\x00\x00\x00\x00\x00\x00\
\x00\x00\x00\x00\x00\x00\x00\x00\x00\x00\x00\x00\x00\x00\x00\x00\
\x00\x00\x00\x00\x00\x00\x00\x00\x00\x00\x00\x00\x00\x00\x00\x00\
\x00\x00\x00\x00\x00\x00\x00\x00\x00\x00\x00\x00\x00\x00\x00\x00\
\x00\x00\x00\x00\x00\x00\x00\x00\x00\x00\x00\x00\x00\x00\x00\x00\
\x00\x00\x00\x00\x00\x00\x00\x00\x00\x00\x00\x00\x00\x00\x00\x00\
\x00\x00\x00\x00\x00\x00\x00\x00\x00\x00\x00\x00\x00\x00\x00\x00\
\x00\x00\x00\x00\x00\x00\x00\x00\x00\x00\x00\x00\x00\x00\x00\x00\
\x00\x00\x00\x00\x00\x00\x00\x00\x00\x00\x00\x00\x00\x00\x00\x00\
\x00\x00\x00\x00\x00\x00\x00\x00\x00\x00\x00\x00\x00\x00\x00\x00\
\x00\x00\x00\x00\x00\x00\x00\x00\x00\x00\x00\x00\x00\x00\x00\x00\
\x00\x00\x00\x00\x00\x00\x00\x00\x00\x00\x00\x00\x00\x00\x00\x00\
\x00\x00\x00\x00\x00\x00\x00\x00\x00\x00\x00\x00\x00\x00\x00\x00\
\x00\x00\x00\x00\x00\x00\x00\x00\x00\x00\x00\x00\x00\x00\x00\x00\
\x00\x00\x00\x00\x00\x00\x00\x00\x00\x00\x00\x00\x00\x00\x00\x00\
\x00\x00\x00\x00\x00\x00\x00\x00\x00\x00\x00\x00\x00\x00\x00\x00\
\x00\x00\x00\x00\x00\x00\x00\x00\x00\x00\x00\x00\x00\x00\x00\x00\
\x00\x00\x00\x00\x00\x00\x00\x00\x00\x00\x00\x00\x00\x00\x00\x00\
\x00\x00\x00\x00\x00\x00\x00\x00\x00\x00\x00\x00\x00\x00\x00\x00\
\x00\x00\x00\x00\x00\x00\x00\x00\x00\x00\x00\x00\x00\x00\x00\x00\
\x00\x00\x00\x00\x00\x00\x00\x00\x00\x00\x00\x00\x00\x00\x00\x00\
\x00\x00\x00\x00\x00\x00\x00\x00\x00\x00\x00\x00\x00\x00\x00\x00\
\x00\x00\x00\x00\x00\x00\x00\x00\x00\x00\x00\x00\x00\x00\x00\x00\
\x00\x00\x00\x00\x00\x00\x00\x00\x00\x00\x00\x00\x00\x00\x00\x00\
\x00\x00\x00\x00\x00\x00\x00\x00\x00\x00\x00\x00\x00\x00\x00\x00\
\x00\x00\x00\x00\x00\x00\x00\x00\x00\x00\x00\x00\x00\x00\x00\x00\
\x00\x00\x00\x00\x00\x00\x00\x00\x00\x00\x00\x00\x00\x00\x00\x00\
\x00\x00\x00\x00\x00\x00\x00\x00\x00\x00\x00\x00\x00\x00\x00\x00\
\x00\x00\x00\x00\x00\x00\x00\x00\x00\x00\x00\x00\x00\x00\x00\x00\
\x00\x00\x00\x00\x00\x00\x00\x00\x00\x00\x00\x00\x00\x00\x00\x00\
\x00\x00\x00\x00\x00\x00\x00\x00\x00\x00\x00\x00\x00\x00\x00\x00\
\x00\x00\x00\x00\x00\x00\x00\x00\x00\x00\x00\x00\x00\x00\x00\x00\
\x00\x00\x00\x00\x00\x00\x00\x00\x00\x00\x00\x00\x00\x00\x00\x00\
\x00\x00\x00\x00\x00\x00\x00\x00\x00\x00\x00\x00\x00\x00\x00\x00\
\x00\x00\x00\x00\x00\x00\x00\x00\x00\x00\x00\x00\x00\x00\x00\x00\
\x00\x00\x00\x00\x00\x00\x00\x00\x00\x00\x00\x00\x00\x00\x00\x00\
\x00\x00\x00\x00\x00\x00\x00\x00\x00\x00\x00\x00\x00\x00\x00\x00\
\x00\x00\x00\x00\x00\x00\x00\x00\x00\x00\x00\x00\x00\x00\x00\x00\
\x00\x00\x00\x00\x00\x00\x00\x00\x00\x00\x00\x00\x00\x00\x00\x00\
\x00\x00\x00\x00\x00\x00\x00\x00\x00\x00\x00\x00\x00\x00\x00\x00\
\x00\x00\x00\x00\x00\x00\x00\x00\x00\x00\x00\x00\x00\x00\x00\x00\
\x00\x00\x00\x00\x00\x00\x00\x00\x00\x00\x00\x00\x00\x00\x00\x00\
\x00\x00\x00\x00\x00\x00\x00\x00\x00\x00\x00\x00\x00\x00\x00\x00\
\x00\x00\x00\x00\x00\x00\x00\x00\x00\x00\x00\x00\x00\x00\x00\x00\
\x00\x00\x00\x00\x00\x00\x00\x00\x00\x00\x00\x00\x00\x00\x00\x00\
\x00\x00\x00\x00\x00\x00\x00\x00\x00\x00\x00\x00\x00\x00\x00\x00\
\x00\x00\x00\x00\x00\x00\x00\x00\x00\x00\x00\x00\x00\x00\x00\x00\
\x00\x00\x00\x00\x00\x00\x00\x00\x00\x00\x00\x00\x00\x00\x00\x00\
\x00\x00\x00\x00\x00\x00\x00\x00\x00\x00\x00\x00\x00\x00\x00\x00\
\x00\x00\x00\x00\x00\x00\x00\x00\x00\x00\x00\x00\x00\x00\x00\x00\
\x00\x00\x00\x00\x00\x00\x00\x00\x00\x00\x00\x00\x00\x00\x00\x00\
\x00\x00\x00\x00\x00\x00\x00\x00\x00\x00\x00\x00\x00\x00\x00\x00\
\x00\x00\x00\x00\x00\x00\x00\x00\x00\x00\x00\x00\x00\x00\x00\x00\
\x00\x00\x00\x00\x00\x00\x00\x00\x00\x00\x00\x00\x00\x00\x00\x00\
\x00\x00\x00\x00\x00\x00\x00\x00\x00\x00\x00\x00\x00\x00\x80\xd9\
\x83\x03\x01\x00\x00\x00\x00\x20\xff\xd7\x46\x50\x55\x55\x55\x55\
\x55\x55\x55\x55\x55\x55\x55\x55\x55\x55\x55\x55\x55\x55\x55\x55\
\x55\x55\x55\x55\x55\x55\x55\x55\x55\x55\x55\x55\x55\x55\x55\x55\
\x55\x55\x55\x55\x55\x55\x55\x55\x55\x55\x55\x55\x55\x55\x55\x55\
\x55\x55\x55\x55\x55\x55\x55\x55\x55\x55\x55\x55\x55\x55\x55\x55\
\x55\x55\x55\x55\x55\x55\x55\x55\x55\x55\x55\x55\x55\x55\x55\x55\
\x55\x55\x55\x55\x55\x55\x55\x55\x55\x55\x55\x55\x55\x55\x55\x55\
\x55\x55\x55\x55\x55\x55\x55\x55\x55\x55\x55\x55\x55\x55\x55\x55\
\x55\x55\x55\x55\x55\x55\x55\x55\x55\x55\x55\x55\x55\x55\x55\x55\
\x55\x55\x55\x55\x55\x55\x55\x55\x55\x55\x55\x55\x55\x55\x55\x55\
\x55\x55\x55\x55\x55\x55\x55\x55\x55\x55\x55\x55\x55\x55\x55\x55\
\x55\x55\x55\x55\x55\x55\x55\x55\x55\x55\x55\x55\x55\x55\x55\x55\
\x55\x55\x55\x55\x55\x55\x55\x55\x55\x55\x55\x55\x55\x55\x55\x55\
\x55\x55\x55\x55\x55\x55\x55\x55\x55\x55\x55\x55\x55\x55\x55\x55\
\x55\x55\x55\x55\x55\x55\x55\x55\x55\x55\x55\x55\x55\x55\x55\x55\
\x55\x55\x55\x55\x55\x55\x55\x55\x55\x55\x55\x55\x55\x55\x55\x55\
\x55\x55\x55\x55\x55\x55\x55\x55\x55\x55\x55\x55\x55\x55\x55\x55\
\x55\x55\x55\x55\x55\x55\x55\x55\x55\x55\x55\x55\x55\x55\x55\x55\
\x55\x55\x55\x55\x55\x55\x55\x55\x55\x55\x55\x55\x55\x55\x55\x55\
\x55\x55\x55\x55\x55\x55\x55\x55\x55\x55\x55\x55\x55\x55\x55\x55\
\x55\x55\x55\x55\x55\x55\x55\x55\x55\x55\x55\x55\x55\x55\x55\x55\
\x55\x55\x55\x55\x55\x55\x55\x55\x55\x55\x55\x55\x55\x55\x55\x55\
\x55\x55\x55\x55\x55\x55\x55\x55\x55\x55\x55\x55\x55\x55\x55\x55\
\x55\x55\x55\x55\x55\x55\x55\x55\x55\x55\x55\x55\x55\x55\x55\x55\
\x55\x55\x55\x55\x55\x55\x55\x55\x55\x55\x55\x55\x55\x55\x55\x55\
\x55\x55\x55\x55\x55\x55\x55\x55\x55\x55\x55\x55\x55\x55\x55\x55\
\x55\x55\x55\x55\x55\x55\x55\x55\x55\x55\x55\x55\x55\x55\x55\x55\
\x55\x55\x55\x55\x55\x55\x55\x55\x55\x55\x55\x55\x55\x55\x55\x55\
\x55\x55\x55\x55\x55\x55\x55\x55\x55\x55\x55\x55\x55\x55\x55\x55\
\x55\x55\x55\x55\x55\x55\x55\x55\x55\x55\x55\x55\x55\x55\x55\x55\
\x55\x55\x55\x55\x55\x55\x55\x55\x55\x55\x55\x55\x55\x55\x55\x55\
\x55\x55\x55\x55\x55\x55\x55\x55\x55\x55\x55\x55\x55\x55\x55\x55\
\x55\x55\x55\x55\x55\x55\x55\x55\x55\x55\x55\x55\x55\x55\x55\x55\
\x55\x55\x55\x55\x55\x55\x55\x55\x55\x55\x55\x55\x55\x55\x55\x55\
\x55\x55\x55\x55\x55\x55\x55\x55\x55\x55\x55\x55\x55\x55\x55\x55\
\x55\x55\x55\x55\x55\x55\x55\x55\x55\x55\x55\x55\x55\x55\x55\x55\
\x55\x55\x55\x55\x55\x55\x55\x55\x55\x55\x55\x55\x55\x55\x55\x55\
\x55\x55\x55\x55\x55\x55\x55\x55\x55\x55\x55\x55\x55\x55\x55\x55\
\x55\x55\x55\x55\x55\x55\x55\x55\x55\x55\x55\x55\x55\x55\x55\x55\
\x55\x55\x55\x55\x55\x55\x55\x55\x55\x55\x55\x55\x55\x55\x55\x55\
\x55\x55\x55\x55\x55\x55\x55\x55\x55\x55\x55\x55\x55\x55\x55\x55\
\x55\x55\x55\x55\x55\x55\x55\x55\x55\x55\x55\x55\x55\x55\x55\x55\
\x55\x55\x55\x55\x55\x55\x55\x55\x55\x55\x55\x55\x55\x55\x55\x55\
\x55\x55\x55\x55\x55\x55\x55\x55\x55\x55\x55\x55\x55\x55\x55\x55\
\x55\x55\x55\x55\x55\x55\x55\x55\x55\x55\x55\x55\x55\x55\x55\x55\
\x55\x55\x55\x55\x55\x55\x55\x55\x55\x55\x55\x55\x55\x55\x55\x55\
\x55\x55\x55\x55\x55\x55\x55\x55\x55\x55\x55\x55\x55\x55\x55\x55\
\x55\x55\x55\x55\x55\x55\x55\x55\x55\x55\x55\x55\x55\x55\x55\x55\
\x55\x55\x55\x55\x55\x55\x55\x55\x55\x55\x55\x55\x55\x55\x55\x55\
\x55\x55\x55\x55\x55\x55\x55\x55\x55\x55\x55\x55\x55\x55\x55\x55\
\x55\x55\x55\x55\x55\x55\x55\x55\x55\x55\x55\x55\x55\x55\x55\x55\
\x55\x55\x55\x55\x55\x55\x55\x55\x55\x55\x55\x55\x55\x55\x55\x55\
\x55\x55\x55\x55\x55\x55\x55\x55\x55\x55\x55\x55\x55\x55\x55\x55\
\x55\x55\x55\x55\x55\x55\x55\x55\x55\x55\x55\x55\x55\x55\x55\x55\
\x55\x55\x55\x55\x55\x55\x55\x55\x55\x55\x55\x55\x55\x55\x55\x55\
\x55\x55\x55\x55\x55\x55\x55\x55\x55\x55\x55\x55\x55\x55\x55\x55\
\x55\x55\x55\x55\x55\x55\x55\x55\x55\x55\x55\x55\x55\x55\x55\x55\
\x55\x55\x55\x55\x55\x55\x55\x55\x55\x55\x55\x55\x55\x55\x55\x55\
\x55\x55\x55\x55\x55\x55\x55\x55\x55\x55\x55\x55\x55\x55\x55\x55\
\x55\x55\x55\x55\x55\x55\x55\x55\x55\x55\x55\x55\x55\x55\x55\x55\
\x55\x55\x55\x55\x55\x55\x55\x55\x55\x55\x55\x55\x55\x55\x55\x55\
\x55\x55\x55\x55\x55\x55\x55\x55\x55\x55\x55\x55\x55\x55\x55\x55\
\x55\x55\x55\x55\x55\x55\x55\x55\x55\x55\x55\x55\x55\x55\x55\x55\
\x55\x55\x55\x55\x55\x55\x55\x55\x55\x55\x55\x55\x55\x55\x55\x55\
\x55\x55\x55\x55\x55\x55\x55\x55\x55\x55\x55\x55\x55\x55\x55\x55\
\x55\x55\x55\x55\x55\x55\x55\x55\x55\x55\x55\x55\x55\x55\x55\x55\
\x55\x55\x55\x55\x55\x55\x55\x55\x55\x55\x55\x55\x55\x55\x55\x55\
\x55\x55\x55\x55\x55\x55\x55\x55\x55\x55\x55\x55\x55\x55\x55\x55\
\x55\x55\x55\x55\x55\x55\x55\x55\x55\x55\x55\x55\x55\x55\x55\x55\
\x55\x55\x55\x55\x55\x55\x55\x55\x55\x55\x55\x55\x55\x55\x55\x55\
\x55\x55\x55\x55\x55\x55\x55\x55\x55\x55\x55\x55\x55\x55\x55\x55\
\x55\x55\x55\x55\x55\x55\x55\x55\x55\x55\x55\x55\x55\x55\x55\x55\
\x55\x55\x55\x55\x55\x55\x55\x55\x55\x55\x55\x55\x55\x55\x55\x55\
\x55\x55\x55\x55\x55\x55\x55\x55\x55\x55\x55\x55\x55\x55\x55\x55\
\x55\x55\x55\x55\x55\x55\x55\x55\x55\x55\x55\x55\x55\x55\x55\x55\
\x55\x55\x55\x55\x55\x55\x55\x55\x55\x55\x55\x55\x55\x55\x55\x55\
\x55\x55\x55\x55\x55\x55\x55\x55\x55\x55\x55\x55\x55\x55\x55\x55\
\x55\x55\x55\x55\x55\x55\x55\x55\x55\x55\x55\x55\x55\x55\x55\x55\
\x55\x55\x55\x55\x55\x55\x55\x55\x55\x55\x55\x55\x55\x55\x55\x55\
\x55\x55\x55\x55\x55\x55\x55\x55\x55\x55\x55\x55\x55\x55\x55\x55\
\x55\x55\x55\x55\x55\x55\x55\x55\x55\x55\x55\x55\x55\x55\x55\x55\
\x55\x55\x55\x55\x55\x55\x55\x55\x55\x55\x55\x55\x55\x55\x55\x55\
\x55\x55\x55\x55\x55\x55\x55\x55\x55\x55\x55\x55\x55\x55\x55\x55\
\x55\x55\x55\x55\x55\x55\x55\x55\x55\x55\x55\x55\x55\x55\x55\x55\
\x55\x55\x55\x55\x55\x55\x55\x55\x55\x55\x55\x55\x55\x55\x55\x55\
\x55\x55\x55\x55\x55\x55\x55\x55\x55\x55\x55\x55\x55\x55\x55\x55\
\x55\x55\x55\x55\x55\x55\x55\x55\x55\x55\x55\x55\x55\x55\x55\x55\
\x55\x55\x55\x55\x55\x55\x55\x55\x55\x55\x55\x55\x55\x55\x55\x55\
\x55\x55\x55\x55\x55\x55\x55\x55\x55\x55\x55\x55\x55\x55\x55\x55\
\x55\x55\x55\x55\x55\x55\x55\x55\x55\x55\x55\x55\x55\x55\x55\x55\
\x55\x55\x55\x55\x55\x55\x55\x55\x55\x55\x55\x55\x55\x55\x55\x55\
\x55\x55\x55\x55\x55\x55\x55\x55\x55\x55\x55\x55\x55\x55\x55\x55\
\x55\x55\x55\x55\x55\x55\x55\x55\x55\x55\x55\x55\x55\x55\x55\x55\
\x55\x55\x55\x55\x55\x55\x55\x55\x55\x55\x55\x55\x55\x55\x55\x55\
\x55\x55\x55\x55\x55\x55\x55\x55\x55\x55\x55\x55\x55\x55\x55\x55\
\x55\x55\x55\x55\x55\x55\x55\x55\x55\x55\x55\x55\x55\x55\x55\x55\
\x55\x55\x55\x55\x55\x55\x55\x55\x55\x55\x55\x55\x55\x55\x55\x55\
\x55\x55\x55\x55\x55\x55\x55\x55\x55\x55\x55\x55\x55\x55\x55\x55\
\x55\x55\x55\x55\x55\x55\x55\x55\x55\x55\x55\x55\x55\x55\x55\x55\
\x55\x55\x55\x55\x55\x55\x55\x55\x55\x55\x55\x55\x55\x55\x55\x55\
\x55\x55\x55\x55\x55\x55\x55\x55\x55\x55\x55\x55\x55\x55\x55\x55\
\x55\x55\x55\x55\x55\x55\x55\x55\x55\x55\x55\x55\x55\x55\x55\x55\
\x55\x55\x55\x55\x55\x55\x55\x55\x55\x55\x55\x55\x55\x55\x55\x55\
\x55\x55\x55\x55\x55\x55\x55\x55\x55\x55\x55\x55\x55\x55\x55\x55\
\x55\x55\x55\x55\x55\x55\x55\x55\x55\x55\x55\x55\x55\x55\x55\x55\
\x55\x55\x55\x55\x55\x55\x55\x55\x55\x55\x55\x55\x55\x55\x55\x55\
\x55\x55\x55\x55\x55\x55\x55\x55\x55\x55\x55\x55\x55\x55\x55\x55\
\x55\x55\x55\x55\x55\x55\x55\x55\x55\x55\x55\x55\x55\x55\x55\x55\
\x55\x55\x55\x55\x55\x55\x55\x55\x55\x55\x55\x55\x55\x55\x55\x55\
\x55\x55\x55\x55\x55\x55\x55\x55\x55\x55\x55\x55\x55\x55\x55\x55\
\x55\x55\x55\x55\x55\x55\x55\x55\x55\x55\x55\x55\x55\x55\x55\x55\
\x55\x55\x55\x55\x55\x55\x55\x55\x55\x55\x55\x55\x55\x55\x55\x55\
\x55\x55\x55\x55\x55\x55\x55\x55\x55\x55\x55\x55\x55\x55\x55\x55\
\x55\x55\x55\x55\x55\x55\x55\x55\x55\x55\x55\x55\x55\x55\x55\x55\
\x55\x55\x55\x55\x55\x55\x55\x55\x55\x55\x55\x55\x55\x55\x55\x55\
\x55\x55\x55\x55\x55\x55\x55\x55\x55\x55\x55\x55\x55\x55\x55\x55\
\x55\x55\x55\x55\x55\x55\x55\x55\x55\x55\x55\x55\x55\x55\x55\x55\
\x55\x55\x55\x55\x55\x55\x55\x55\x55\x55\x55\x55\x55\x55\x55\x55\
\x55\x55\x55\x55\x55\x55\x55\x55\x55\x55\x55\x55\x55\x55\x55\x55\
\x55\x55\x55\x55\x55\x55\x55\x55\x55\x55\x55\x55\x55\x55\x55\x55\
\x55\x55\x55\x55\x55\x55\x55\x55\x55\x55\x55\x55\x55\x55\x55\x55\
\x55\x55\x55\x55\x55\x55\x55\x55\x55\x55\x55\x55\x55\x55\x55\x55\
\x55\x55\x55\x55\x55\x55\x55\x55\x55\x55\x55\x55\x55\x55\x55\x55\
\x55\x55\x55\x55\x55\x55\x55\x55\x55\x55\x55\x55\x55\x55\x55\x55\
\x55\x55\x55\x55\x55\x55\x55\x55\x55\x55\x55\x55\x55\x55\x55\x55\
\x55\x55\x55\x55\x55\x55\x55\x55\x55\x55\x55\x55\x55\x55\x55\x55\
\x55\x55\x55\x55\x55\x55\x55\x55\x55\x55\x55\x55\x55\x55\x55\x55\
\x55\x55\x55\x55\x55\x55\x55\x55\x55\x55\x55\x55\x55\x55\x55\x55\
\x55\x55\x55\x55\x55\x55\x55\x55\x55\x55\x55\x55\x55\x55\x55\x55\
\x55\x55\x55\x55\x55\x55\x55\x55\x55\x55\x55\x55\x55\x55\x55\x55\
\x55\x55\x55\x55\x55\x55\x55\x55\x55\x55\x55\x55\x55\x55\x55\x55\
\x55\x55\x55\x55\x55\x55\x55\x55\x55\x55\x55\x55\x55\x55\x55\x55\
\x55\x55\x55\x55\x55\x55\x55\x55\x55\x55\x55\x55\x55\x55\x55\x55\
\x55\x55\x55\x55\x55\x55\x55\x55\x55\x55\x55\x55\x55\x55\x55\x55\
\x55\x55\x55\x55\x55\x55\x55\x55\x55\x55\x55\x55\x55\x55\x55\x55\
\x55\x55\x55\x55\x55\x55\x55\x55\x55\x55\x55\x55\x55\x55\x55\x55\
\x55\x55\x55\x55\x55\x55\x55\x55\x55\x55\x55\x55\x55\x55\x55\x55\
\x55\x55\x55\x55\x55\x55\x55\x55\x55\x55\x55\x55\x55\x55\x55\x55\
\x55\x55\x55\x55\x55\x55\x55\x55\x55\x55\x55\x55\x55\x55\x55\x55\
\x55\x55\x55\x55\x55\x55\x55\x55\x55\x55\x55\x55\x55\x55\x55\x55\
\x55\x55\x55\x55\x55\x55\x55\x55\x55\x55\x55\x55\x55\x55\x55\x55\
\x55\x55\x55\x55\x55\x55\x55\x55\x55\x55\x55\x55\x55\x55\x55\x55\
\x55\x55\x55\x55\x55\x55\x55\x55\x55\x55\x55\x55\x55\x55\x55\x55\
\x55\x55\x55\x55\x55\x55\x55\x55\x55\x55\x55\x55\x55\x55\x55\x55\
\x55\x55\x55\x55\x55\x55\x55\x55\x55\x55\x55\x55\x55\x55\x55\x55\
\x55\x55\x55\x55\x55\x55\x55\x55\x55\x55\x55\x55\x55\x55\x55\x55\
\x55\x55\x55\x55\x55\x55\x55\x55\x55\x55\x55\x55\x55\x55\x55\x55\
\x55\x55\x55\x55\x55\x55\x55\x55\x55\x55\x55\x55\x55\x55\x55\x55\
\x55\x55\x55\x55\x55\x55\x55\x55\x55\x55\x55\x55\x55\x55\x55\x55\
\x55\x55\x55\x55\x55\x55\x55\x55\x55\x55\x55\x55\x55\x55\x55\x55\
\x55\x55\x55\x55\x55\x55\x55\x55\x55\x55\x55\x55\x55\x55\x55\x55\
\x55\x55\x55\x55\x55\x55\x55\x55\x55\x55\x55\x55\x55\x55\x55\x55\
\x55\x55\x55\x55\x55\x55\x55\x55\x55\x55\x55\x55\x55\x55\x55\x55\
\x55\x55\x55\x55\x55\x55\x55\x55\x55\x55\x55\x55\x55\x55\x55\x55\
\x55\x55\x55\x55\x55\x55\x55\x55\x55\x55\x55\x55\x55\x55\x55\x55\
\x55\x55\x55\x55\x55\x55\x55\x55\x55\x55\x55\x55\x55\x55\x55\x55\
\x55\x55\x55\x55\x55\x55\x55\x55\x55\x55\x55\x55\x55\x55\x55\x55\
\x55\x55\x55\x55\x55\x55\x55\x55\x55\x55\x55\x55\x55\x55\x55\x55\
\x55\x55\x55\x55\x55\x55\x55\x55\x55\x55\x55\x55\x55\x55\x55\x55\
\x55\x55\x55\x55\x55\x55\x55\x55\x55\x55\x55\x55\x55\x55\x55\x55\
\x55\x55\x55\x55\x55\x55\x55\x55\x55\x55\x55\x55\x55\x55\x55\x55\
\x55\x55\x55\x55\x55\x55\x55\x55\x55\x55\x55\x55\x55\x55\x55\x55\
\x55\x55\x55\x55\x55\x55\x55\x55\x55\x55\x55\x55\x55\x55\x55\x55\
\x55\x55\x55\x55\x55\x55\x55\x55\x55\x55\x55\x55\x55\x55\x55\x55\
\x55\x55\x55\x55\x55\x55\x55\x55\x55\x55\x55\x55\x55\x55\x55\x55\
\x55\x55\x55\x55\x55\x55\x55\x55\x55\x55\x55\x55\x55\x55\x55\x55\
\x55\x55\x55\x55\x55\x55\x55\x55\x55\x55\x55\x55\x55\x55\x55\x55\
\x55\x55\x55\x55\x55\x55\x55\x55\x55\x55\x55\x55\x55\x55\x55\x55\
\x55\x55\x55\x55\x55\x55\x55\x55\x55\x55\x55\x55\x55\x55\x55\x55\
\x55\x55\x55\x55\x55\x55\x55\x55\x55\x55\x55\x55\x55\x55\x55\x55\
\x55\x55\x55\x55\x55\x55\x55\x55\x55\x55\x55\x55\x55\x55\x55\x55\
\x55\x55\x55\x55\x55\x55\x55\x55\x55\x55\x55\x55\x55\x55\x55\x55\
\x55\x55\x55\x55\x55\x55\x55\x55\x55\x55\x55\x55\x55\x55\x55\x55\
\x55\x55\x55\x55\x55\x55\x55\x55\x55\x55\x55\x55\x55\x55\x55\x55\
\x55\x55\x55\x55\x55\x55\x55\x55\x55\x55\x55\x55\x55\x55\x55\x55\
\x55\x55\x55\x55\x55\x55\x55\x55\x55\x55\x55\x55\x55\x55\x55\x55\
\x55\x55\x55\x55\x55\x55\x55\x55\x55\x55\x55\x55\x55\x55\x55\x55\
\x55\x55\x55\x55\x55\x55\x55\x55\x55\x55\x55\x55\x55\x55\x55\x55\
\x55\x55\x55\x55\x55\x55\x55\x55\x55\x55\x55\x55\x55\x55\x55\x55\
\x55\x55\x55\x55\x55\x55\x55\x55\x55\x55\x55\x55\x55\x55\x55\x55\
\x55\x55\x55\x55\x55\x55\x55\x55\x55\x55\x55\x55\x55\x55\x55\x55\
\x55\x55\x55\x55\x55\x55\x55\x55\x55\x55\x55\x55\x55\x55\x55\x55\
\x55\x55\x55\x55\x55\x55\x55\x55\x55\x55\x55\x55\x55\x55\x55\x55\
\x55\x55\x55\x55\x55\x55\x55\x55\x55\x55\x55\x55\x55\x55\x55\x55\
\x55\x55\x55\x55\x55\x55\x55\x55\x55\x55\x55\x55\x55\x55\x55\x55\
\x55\x55\x55\x55\x55\x55\x55\x55\x55\x55\x55\x55\x55\x55\x55\x55\
\x55\x55\x55\x55\x55\x55\x55\x55\x55\x55\x55\x55\x55\x55\x55\x55\
\x55\x55\x55\x55\x55\x55\x55\x55\x55\x55\x55\x55\x55\x55\x55\x55\
\x55\x55\x55\x55\x55\x55\x55\x55\x55\x55\x55\x55\x55\x55\x55\x55\
\x55\x55\x55\x55\x55\x55\x55\x55\x55\x55\x55\x55\x55\x55\x55\x55\
\x55\x55\x55\x55\x55\x55\x55\x55\x55\x55\x55\x55\x55\x55\x55\x55\
\x55\x55\x55\x55\x55\x55\x55\x55\x55\x55\x55\x55\x55\x55\x55\x55\
\x55\x55\x55\x55\x55\x55\x55\x55\x55\x55\x55\x55\x55\x55\x55\x55\
\x55\x55\x55\x55\x55\x55\x55\x55\x55\x55\x55\x55\x55\x55\x55\x55\
\x55\x55\x55\x55\x55\x55\x55\x55\x55\x55\x55\x55\x55\x55\x55\x55\
\x55\x55\x55\x55\x55\x55\x55\x55\x55\x55\x55\x55\x55\x55\x55\x55\
\x55\x55\x55\x55\x55\x55\x55\x55\x55\x55\x55\x55\x55\x55\x55\x55\
\x55\x55\x55\x55\x55\x55\x55\x55\x55\x55\x55\x55\x55\x55\x55\x55\
\x55\x55\x55\x55\x55\x55\x55\x55\x55\x55\x55\x55\x55\x55\x55\x55\
\x55\x55\x55\x55\x55\x55\x55\x55\x55\x55\x55\x55\x55\x55\x55\x55\
\x55\x55\x55\x55\x55\x55\x55\x55\x55\x55\x55\x55\x55\x55\x55\x55\
\x55\x55\x55\x55\x55\x55\x55\x55\x55\x55\x55\x55\x55\x55\x55\x55\
\x55\x55\x55\x55\x55\x55\x55\x55\x55\x55\x55\x55\x55\x55\x55\x55\
\x55\x55\x55\x55\x55\x55\x55\x55\x55\x55\x55\x55\x55\x55\x55\x55\
\x55\x55\x55\x55\x55\x55\x55\x55\x55\x55\x55\x55\x55\x55\x55\x55\
\x55\x55\x55\x55\x55\x55\x55\x55\x55\x55\x55\x55\x55\x55\x55\x55\
\x55\x55\x55\x55\x55\x55\x55\x55\x55\x55\x55\x55\x55\x55\x55\x55\
\x55\x55\x55\x55\x55\x55\x55\x55\x55\x55\x55\x55\x55\x55\x55\x55\
\x55\x55\x55\x55\x55\x55\x55\x55\x55\x55\x55\x55\x55\x55\x55\x55\
\x55\x55\x55\x55\x55\x55\x55\x55\x55\x55\x55\x55\x55\x55\x55\x55\
\x55\x55\x55\x55\x55\x55\x55\x55\x55\x55\x55\x55\x55\x55\x55\x55\
\x55\x55\x55\x55\x55\x55\x55\x55\x55\x55\x55\x55\x55\x55\x55\x55\
\x55\x55\x55\x55\x55\x55\x55\x55\x55\x55\x55\x55\x55\x55\x55\x55\
\x55\x55\x55\x55\x55\x55\x55\x55\x55\x55\x55\x55\x55\x55\x55\x55\
\x55\x55\x55\x55\x55\x55\x55\x55\x55\x55\x55\x55\x55\x55\x55\x55\
\x55\x55\x55\x55\x55\x55\x55\x55\x55\x55\x55\x55\x55\x55\x55\x55\
\x55\x55\x55\x55\x55\x55\x55\x55\x55\x55\x55\x55\x55\x55\x55\x55\
\x55\x55\x55\x55\x55\x55\x55\x55\x55\x55\x55\x55\x55\x55\x55\x55\
\x55\x55\x55\x55\x55\x55\x55\x55\x55\x55\x55\x55\x55\x55\x55\x55\
\x55\x55\x55\x55\x55\x55\x55\x55\x55\x55\x55\x55\x55\x55\x55\x55\
\x55\x55\x55\x55\x55\x55\x55\x55\x55\x55\x55\x55\x55\x55\x55\x55\
\x55\x55\x55\x55\x55\x55\x55\x55\x55\x55\x55\x55\x55\x55\x55\x55\
\x55\x55\x55\x55\x55\x55\x55\x55\x55\x55\x55\x55\x55\x55\x55\x55\
\x55\x55\x55\x55\x55\x55\x55\x55\x55\x55\x55\x55\x55\x55\x55\x55\
\x55\x55\x55\x55\x55\x55\x55\x55\x55\x55\x55\x55\x55\x55\x55\x55\
\x55\x55\x55\x55\x55\x55\x55\x55\x55\x55\x55\x55\x55\x55\x55\x55\
\x55\x55\x55\x55\x55\x55\x55\x55\x55\x55\x55\x55\x55\x55\x55\x55\
\x55\x55\x55\x55\x55\x55\x55\x55\x55\x55\x55\x55\x55\x55\x55\x55\
\x55\x55\x55\x55\x55\x55\x55\x55\x55\x55\x55\x55\x55\x55\x55\x55\
\x55\x55\x55\x55\x55\x55\x55\x55\x55\x55\x55\x55\x55\x55\x55\x55\
\x55\x55\x55\x55\x55\x55\x55\x55\x55\x55\x55\x55\x55\x55\x55\x55\
\x55\x55\x55\x55\x55\x55\x55\x55\x55\x55\x55\x55\x55\x55\x55\x55\
\x55\x55\x55\x55\x55\x55\x55\x55\x55\x55\x55\x55\x55\x55\x55\x55\
\x55\x55\x55\x55\x55\x55\x55\x55\x55\x55\x55\x55\x55\x55\x55\x55\
\x55\x55\x55\x55\x55\x55\x55\x55\x55\x55\x55\x55\x55\x55\x55\x55\
\x55\x55\x55\x55\x55\x55\x55\x55\x55\x55\x55\x55\x55\x55\x55\x55\
\x55\x55\x55\x55\x55\x55\x55\x55\x55\x55\x55\x55\x55\x55\x55\x55\
\x55\x55\x55\x55\x55\x55\x55\x55\x55\x55\x55\x55\x55\x55\x55\x55\
\x55\x55\x55\x55\x55\x55\x55\x55\x55\x55\x55\x55\x55\x55\x55\x55\
\x55\x55\x55\x55\x55\x55\x55\x55\x55\x55\x55\x55\x55\x55\x55\x55\
\x55\x55\x55\x55\x55\x55\x55\x55\x55\x55\x55\x55\x55\x55\x55\x55\
\x55\x55\x55\x55\x55\x55\x55\x55\x55\x55\x55\x55\x55\x55\x55\x55\
\x55\x55\x55\x55\x55\x55\x55\x55\x55\x55\x55\x55\x55\x55\x55\x55\
\x55\x55\x55\x55\x55\x55\x55\x55\x55\x55\x55\x55\x55\x55\x55\x55\
\x55\x55\x55\x55\x55\x55\x55\x55\x55\x55\x55\x55\x55\x55\x55\x55\
\x55\x55\x55\x55\x55\x55\x55\x55\x55\x55\x55\x55\x55\x55\x55\x55\
\x55\x55\x55\x55\x55\x55\x55\x55\x55\x55\x55\x55\x55\x55\x55\x55\
\x55\x55\x55\x55\x55\x55\x55\x55\x55\x55\x55\x55\x55\x55\x55\x55\
\x55\x55\x55\x55\x55\x55\x55\x55\x55\x55\x55\x55\x55\x55\x55\x55\
\x55\x55\x55\x55\x55\x55\x55\x55\x55\x55\x55\x55\x55\x55\x55\x55\
\x55\x55\x55\x55\x55\x55\x55\x55\x55\x55\x55\x55\x55\x55\x55\x55\
\x55\x55\x55\x55\x55\x55\x55\x55\x55\x55\x55\x55\x55\x55\x55\x55\
\x55\x55\x55\x55\x55\x55\x55\x55\x55\x55\x55\x55\x55\x55\x55\x55\
\x55\x55\x55\x55\x55\x55\x55\x55\x55\x55\x55\x55\x55\x55\x55\x55\
\x55\x55\x55\x55\x55\x55\x55\x55\x55\x55\x55\x55\x55\x55\x55\x55\
\x26\xec\xf9\x4d\x00\x00\x20\x00\x49\x44\x41\x54\x55\x55\x55\x55\
\x55\x55\x55\x55\x55\x55\x55\x55\x55\x55\x55\x55\x55\x55\x55\x55\
\x55\x55\x55\x55\x55\x55\x55\x61\xef\x8e\x75\xdb\x2c\xc0\x30\x8c\
\x7e\x20\x0f\x0c\xa1\xc9\xd0\xec\x5d\x23\xb6\xc8\x73\xd4\x9b\xe9\
\xc6\x0d\x78\xa9\xd8\x2c\xb1\x76\x60\xe1\x26\x18\x28\x62\xa8\x14\
\x44\xbb\x59\x62\x42\x0c\x5c\x40\x44\xd5\x01\x09\xd8\x22\xc1\xc2\
\x04\x0c\x4e\x70\xf2\xc4\xee\x39\x92\xf7\x57\x9e\xfe\xdf\x7e\xa4\
\x0f\x00\x00\x00\x00\x00\x00\x00\x00\x00\x00\x00\x00\x00\x00\x00\
\x00\x00\x00\x00\x00\x00\x00\x00\x00\x00\x00\x00\x00\x00\x00\x00\
\x00\x00\x00\x00\x00\x00\x00\x00\x00\x00\x00\x00\x00\x00\x00\x00\
\x00\x00\x00\x00\x00\x00\x00\x00\x00\x00\x00\x00\x00\x00\x00\x00\
\x00\x00\x00\x00\x00\x00\x00\x00\x00\x00\x00\x00\x00\x00\x00\x00\
\x00\x00\x00\x00\x00\x00\x00\x00\x00\x00\x00\x00\x00\x00\x00\x00\
\x00\x00\x00\x00\x00\x00\x00\x00\x00\x00\x00\x00\x00\x00\x00\x00\
\x00\x00\x00\x00\x00\x00\x00\x00\x00\x00\x00\x00\x00\x00\x00\x00\
\x00\x00\x00\x00\x00\x00\x00\x00\x00\x00\x00\x00\x00\x00\x00\x00\
\x00\x00\x00\x00\x00\x00\x00\x00\x00\x00\x00\x00\x00\x00\x00\x00\
\x00\x00\x00\x00\x00\x00\x00\x00\x00\x00\x00\x00\x00\x00\x00\x00\
\x00\x00\x00\x00\x00\x00\x00\x00\x00\x00\x00\x00\x00\x00\x00\x00\
\x00\x00\x00\x00\x00\x00\x00\x00\x00\x00\x00\x00\x00\x00\x00\x00\
\x00\x00\x00\x00\x00\x00\x00\x00\x00\x00\x00\x00\x00\x00\x00\x00\
\x00\x00\x00\x00\x00\x00\x00\x00\x00\x00\x00\x00\x00\x00\x00\x00\
\x00\x00\x00\x00\x00\x00\x00\x00\x00\x00\x00\x00\x00\x00\x00\x00\
\x00\x00\x00\x00\x00\x00\x00\x00\x00\x00\x00\x00\x00\x00\x00\x00\
\x00\x00\x00\x00\x00\x00\x00\x00\x00\x00\x00\x00\x00\x00\x00\x00\
\x00\x00\x00\x00\x00\x00\x00\x00\x00\x00\x00\x00\x00\x00\x00\x00\
\x00\x00\x00\x00\x00\x00\x00\x00\x00\x00\x00\x00\x00\x00\x00\x00\
\x00\x00\x00\x00\x00\x00\x00\x00\x00\x00\x00\x00\x00\x00\x00\x00\
\x00\x00\x00\x00\x00\x00\x00\x00\x00\x00\x00\x00\x00\x00\x00\x00\
\x00\x00\x00\x00\x00\x00\x00\x00\x00\x00\x00\x00\x00\x00\x00\x00\
\x00\x00\x00\x00\x00\x00\x00\x00\x00\x00\x00\x00\x00\x00\x00\x00\
\x00\x00\x00\x00\x00\x00\x00\x00\x00\x00\x00\x00\x00\x00\x00\x00\
\x00\x00\x00\x00\x00\x00\x00\x00\x00\x00\x00\x00\x00\x00\x00\x00\
\x00\x00\x00\x00\x00\x00\x00\x00\x00\x00\x00\x00\x00\x00\x00\x00\
\x00\x00\x00\x00\x00\x00\x00\x00\x00\x00\x00\x00\x00\x00\x00\x00\
\x00\x00\x00\x00\x00\x00\x00\x00\x00\x00\x00\x00\x00\x00\x00\x00\
\x00\x00\x00\x00\x00\x00\x00\x00\x00\x00\x00\x00\x00\x00\x00\x00\
\x00\x00\x00\x00\x00\x00\x00\x00\x00\x00\x00\x00\x00\x00\x00\x00\
\x00\x00\x00\x00\x00\x00\x00\x00\x00\x00\x00\x00\x00\x00\x00\x00\
\x00\x00\x00\x00\x00\x00\x00\x00\x00\x00\x00\x00\x00\x00\x00\x00\
\x00\x00\x00\x00\x00\x00\x00\x00\x00\x00\x00\x00\x00\x00\x00\x00\
\x00\x00\x00\x00\x00\x00\x00\x00\x00\x00\x00\x00\x00\x00\x00\x00\
\x00\x00\x00\x00\x00\x00\x00\x00\x00\x00\x00\x00\x00\x00\x00\x00\
\x00\x00\x00\x00\x00\x00\x00\x00\x00\x00\x00\x00\x00\x00\x00\x00\
\x00\x00\x00\x00\x00\x00\x00\x00\x00\x00\x00\x00\x00\x00\x00\x00\
\x00\x00\x00\x00\x00\x00\x00\x00\x00\x00\x00\x00\x00\x00\x00\x00\
\x00\x00\x00\x00\x00\x00\x00\x00\x00\x00\x00\x00\x00\x00\x00\x00\
\x00\x00\x00\x00\x00\x00\x00\x00\x00\x00\x00\x00\x00\x00\x00\x00\
\x00\x00\x00\x00\x00\x00\x00\x00\x00\x00\x00\x00\x00\x00\x00\x00\
\x00\x00\x00\x00\x00\x00\x00\x00\x00\x00\x00\x00\x00\x00\x00\x00\
\x00\x00\x00\x00\x00\x00\x00\x00\x00\x00\x00\x00\x00\x00\x00\x00\
\x00\x00\x00\x00\x00\x00\x00\x00\x00\x00\x00\x00\x00\x00\x00\x00\
\x00\x00\x00\x00\x00\x00\x00\x00\x00\x00\x00\x00\x00\x00\x00\x00\
\x00\x00\x00\x00\x00\x00\x00\x00\x00\x00\x00\x00\x00\x00\x00\x00\
\x00\x00\x00\x00\x00\x00\x00\x00\x00\x00\x00\x00\x00\x00\x00\x00\
\x00\x00\x00\x00\x00\x00\x00\x00\x00\x00\x00\x00\x00\x00\x00\x00\
\x00\x00\x00\x00\x00\x00\x00\x00\x00\x00\x00\x00\x00\x00\x00\x00\
\x00\x00\x00\x00\x00\x00\x00\x00\x00\x00\x00\x00\x00\x00\x00\x00\
\x00\x00\x00\x00\x00\x00\x00\x00\x00\x00\x00\x00\x00\x00\x00\x00\
\x00\x00\x00\x00\x00\x00\x00\x00\x00\x00\x00\x00\x00\x00\x00\x00\
\x00\x00\x00\x00\x00\x00\x00\x00\x00\x00\x00\x00\x00\x00\x00\x00\
\x00\x00\x00\x00\x00\x00\x00\x00\x00\x00\x00\x00\x00\x00\x00\x00\
\x00\x00\x00\x00\x00\x00\x00\x00\x00\x00\x00\x00\x00\x00\x00\x00\
\x00\x00\x00\x00\x00\x00\x00\x00\x00\x00\x00\x00\x00\x00\x00\x00\
\x00\x00\x00\x00\x00\x00\x00\x00\x00\x00\x00\x00\x00\x00\x00\x00\
\x00\x00\x00\x00\x00\x00\x00\x00\x00\x00\x00\x00\x00\x00\x00\x00\
\x00\x00\x00\x00\x00\x00\x00\x00\x00\x00\x00\x00\x00\x00\x00\x00\
\x00\x00\x00\x00\x00\x00\x00\x00\x00\x00\x00\x00\x00\x00\x00\x00\
\x00\x00\x00\x00\x00\x00\x00\x00\x00\x00\x00\x00\x00\x00\x00\x00\
\x00\x00\x00\x00\x00\x00\x00\x00\x00\x00\x00\x00\x00\x00\x00\x00\
\x00\x00\x00\x00\x00\x00\x00\x00\x00\x00\x00\x00\x00\x00\x00\x00\
\x00\x00\x00\x00\x00\x00\x00\x00\x00\x00\x00\x00\x00\x00\x00\x00\
\x00\x00\x00\x00\x00\x00\x00\x00\x00\x00\x00\x00\x00\x00\x00\x00\
\x00\x00\x00\x00\x00\x00\x00\x00\x00\x00\x00\x00\x00\x00\x00\x00\
\x00\x00\x00\x00\x00\x00\x00\x00\x00\x00\x00\x00\x00\x00\x00\x00\
\x00\x00\x00\x00\x00\x00\x00\x00\x00\x00\x00\x00\x00\x00\x00\x00\
\x00\x00\x00\x00\x00\x00\x00\x00\x00\x00\x00\x00\x00\x00\x00\x00\
\x00\x00\x00\x00\x00\x00\x00\x00\x00\x00\x00\x00\x00\x00\x00\x00\
\x00\x00\x00\x00\x00\x00\x00\x00\x00\x00\x00\x00\x00\x00\x00\x00\
\x00\x00\x00\x00\x00\x00\x00\x00\x00\x00\x00\x00\x00\x00\x00\x00\
\x00\x00\x00\x00\x00\x00\x00\x00\x00\x00\x00\x00\x00\x00\x00\x00\
\x00\x00\x00\x00\x00\x00\x00\x00\x00\x00\x00\x00\x00\x00\x00\x00\
\x00\x00\x00\x00\x00\x00\x00\x00\x00\x00\x00\x00\x00\x00\x00\x00\
\x00\x00\x00\x00\x00\x00\x00\x00\x00\x00\x00\x00\x00\x00\x00\x00\
\x00\x00\x00\x00\x00\x00\x00\x00\x00\x00\x00\x00\x00\x00\x00\x00\
\x00\x00\x00\x00\x00\x00\x00\x00\x00\x00\x00\x00\x00\x00\x00\x00\
\x00\x00\x00\x00\x00\x00\x00\x00\x00\x00\x00\x00\x00\x00\x00\x00\
\x00\x00\x00\x00\x00\x00\x00\x00\x00\x00\x00\x00\x00\x00\x00\x00\
\x00\x00\x00\x00\x00\x00\x00\x00\x00\x00\x00\x00\x00\x00\x00\x00\
\x00\x00\x00\x00\x00\x00\x00\x00\x00\x00\x00\x00\x00\x00\x00\x00\
\x00\x00\x00\x00\x00\x00\x00\x00\x00\x00\x00\x00\x00\x00\x00\x00\
\x00\x00\x00\x00\x00\x00\x00\x00\x00\x00\x00\x00\x00\x00\x00\x00\
\x00\x00\x00\x00\x00\x00\x00\x00\x00\x00\x00\x00\x00\x00\x00\x00\
\x00\x00\x00\x00\x00\x00\x00\x00\x00\x00\x00\x00\x00\x00\x00\x00\
\x00\x00\x00\x00\x00\x00\x00\x00\x00\x00\x00\x00\x00\x00\x00\x00\
\x00\x00\x00\x00\x00\x00\x00\x00\x00\x00\x00\x00\x00\x00\x00\x00\
\x00\x00\x00\x00\x00\x00\x00\x00\x00\x00\x00\x00\x00\x00\x00\x00\
\x00\x00\x00\x00\x00\x00\x00\x00\x00\x00\x00\x00\x00\x00\x00\x00\
\x00\x00\x00\x00\x00\x00\x00\x00\x00\x00\x00\x00\x00\x00\x00\x00\
\x00\x00\x00\x00\x00\x00\x00\x00\x00\x00\x00\x00\x00\x00\x00\x00\
\x00\x00\x00\x00\x00\x00\x00\x00\x00\x00\x00\x00\x00\x00\x00\x00\
\x00\x00\x00\x00\x00\x00\x00\x00\x00\x00\x00\x00\x00\x00\x00\x00\
\x00\x00\x00\x00\x00\x00\x00\x00\x00\x00\x00\x00\x00\x00\x00\x00\
\x00\x00\x00\x00\x00\x00\x00\x00\x00\x00\x00\x00\x00\x00\x00\x00\
\x00\x00\x00\x00\x00\x00\x00\x00\x00\x00\x00\x00\x00\x00\x00\x00\
\x00\x00\x00\x00\x00\x00\x00\x00\x00\x00\x00\x00\x00\x00\x00\x00\
\x00\x00\x00\x00\x00\x00\x00\x00\x00\x00\x00\x00\x00\x00\x00\x00\
\x00\x00\x00\x00\x00\x00\x00\x00\x00\x00\x00\x00\x00\x00\x00\x00\
\x00\x00\x00\x00\x00\x00\x00\x00\x00\x00\x00\x00\x00\x00\x00\x00\
\x00\x00\x00\x00\x00\x00\x00\x00\x00\x00\x00\x00\x00\x00\x00\x00\
\x00\x00\x00\x00\x00\x00\x00\x00\x00\x00\x00\x00\x00\x00\x00\x00\
\x00\x00\x00\x00\x00\x00\x00\x00\x00\x00\x00\x00\x00\x00\x00\x00\
\x00\x00\x00\x00\x00\x00\x00\x00\x00\x00\x00\x00\x00\x00\x00\x00\
\x00\x00\x00\x00\x00\x00\x00\x00\x00\x00\x00\x00\x00\x00\x00\x00\
\x00\x00\x00\x00\x00\x00\x00\x00\x00\x00\x00\x00\x00\x00\x00\x00\
\x00\x00\x00\x00\x00\x00\x00\x00\x00\x00\x00\x00\x00\x00\x00\x00\
\x00\x00\x00\x00\x00\x00\x00\x00\x00\x00\x00\x00\x00\x00\x00\x00\
\x00\x00\x00\x00\x00\x00\x00\x00\x00\x00\x00\x00\x00\x00\x00\x00\
\x00\x00\x00\x00\x00\x00\x00\x00\x00\x00\x00\x00\x00\x00\x00\x00\
\x00\x00\x00\x00\x00\x00\x00\x00\x00\x00\x00\x00\x00\x00\x00\x00\
\x00\x00\x00\x00\x00\x00\x00\x00\x00\x00\x00\x00\x00\x00\x00\x00\
\x00\x00\x00\x00\x00\x00\x00\x00\x00\x00\x00\x00\x00\x00\x00\x00\
\x00\x00\x00\x00\x00\x00\x00\x00\x00\x00\x00\x00\x00\x00\x00\x00\
\x00\x00\x00\x00\x00\x00\x00\x00\x00\x00\x00\x00\x00\x00\x00\x00\
\x00\x00\x00\x00\x00\x00\x00\x00\x00\x00\x00\x00\x00\x00\x00\x00\
\x00\x00\x00\x00\x00\x00\x00\x00\x00\x00\x00\x00\x00\x00\x00\x00\
\x00\x00\x00\x00\x00\x00\x00\x00\x00\x00\x00\x00\x00\x00\x00\x00\
\x00\x00\x00\x00\x00\x00\x00\x00\x00\x00\x00\x00\x00\x00\x00\x00\
\x00\x00\x00\x00\x00\x00\x00\x00\x00\x00\x00\x00\x00\x00\x00\x00\
\x00\x00\x00\x00\x00\x00\x00\x00\x00\x00\x00\x00\x00\x00\x00\x00\
\x00\x00\x00\x00\x00\x00\x00\x00\x00\x00\x00\x00\x00\x00\x00\x00\
\x00\x00\x00\x00\x00\x00\x00\x00\x00\x00\x00\x00\x00\x00\x00\x00\
\x00\x00\x00\x00\x00\x00\x00\x00\x00\x00\x00\x00\x00\x00\x00\x00\
\x00\x00\x00\x00\x00\x00\x00\x00\x00\x00\x00\x00\x00\x00\x00\x00\
\x00\x00\x00\x00\x00\x00\x00\x00\x00\x00\x00\x00\x00\x00\x00\x00\
\x00\x00\x00\x00\x00\x00\x00\x00\x00\x00\x00\x00\x00\x00\x00\x00\
\x00\x00\x00\x00\x00\x00\x00\x00\x00\x00\x00\x00\x00\x00\x00\x00\
\x00\x00\x00\x00\x00\x00\x00\x00\x00\x00\x00\x00\x00\x00\x00\x00\
\x00\x00\x00\x00\x00\x00\x00\x00\x00\x00\x00\x00\x00\x60\x67\x3e\
\xa8\x07\x00\x00\x00\x00\xb7\xb4\x5c\xfd\x30\x33\xc7\xf5\x0c\x00\
\xb8\x07\x9f\xce\x66\xfd\xb2\x1e\x01\x00\x00\x00\xdc\x8d\x45\x3d\
\x00\x00\x00\x00\xb8\xb5\x27\x33\x73\x52\x8f\x00\x80\x7b\x70\x54\
\x0f\x00\x00\x00\x00\xee\xce\x87\xf5\x00\x00\x00\x00\x00\x00\x00\
\x00\x00\x00\xde\x5f\x22\x36\x00\x00\x00\x00\x00\x00\x00\x00\x00\
\x32\x22\x36\x00\x00\x00\x00\x00\x00\x00\x00\x00\x32\x22\x36\x00\
\x00\x00\x00\x00\x00\x00\x00\x00\x32\x22\x36\x00\x00\x00\x00\x00\
\x00\x00\x00\x00\x32\x22\x36\x00\x00\x00\x00\x00\x00\x00\x00\x00\
\x32\x22\x36\x00\x00\x00\x00\x00\x00\x00\x00\x00\x32\x22\x36\x00\
\x00\x00\x00\x00\x00\x00\x00\x00\x32\x22\x36\x00\x00\x00\x00\x00\
\x00\x00\x00\x00\x32\x22\x36\x00\x00\x00\x00\x00\x00\x00\x00\x00\
\x32\x22\x36\x00\x00\x00\x00\x00\x00\x00\x00\x00\x32\x22\x36\x00\
\x00\x00\x00\x00\x00\x00\x00\x00\x32\x22\x36\x00\x00\x00\x00\x00\
\x00\x00\x00\x00\x32\x22\x36\x00\x00\x00\x00\x00\x00\x00\x00\x00\
\x32\x22\x36\x00\x00\x00\x00\x00\x00\x00\x00\x00\x32\x22\x36\x00\
\x00\x00\x00\x00\x00\x00\x00\x00\x32\x22\x36\x00\x00\x00\x00\x00\
\x00\x00\x00\x00\x32\x22\x36\x00\x00\x00\x00\x00\x00\x00\x00\x00\
\x32\x22\x36\x00\x00\x00\x00\x00\x00\x00\x00\x00\x32\x22\x36\x00\
\x00\x00\x00\x00\x00\x00\x00\x00\x32\x22\x36\x00\x00\x00\x00\x00\
\x00\x00\x00\x00\x32\x22\x36\x00\x00\x00\x00\x00\x00\x00\x00\x00\
\x32\x22\x36\x00\x00\x00\x00\x00\x00\x00\x00\x00\x32\x22\x36\x00\
\x00\x00\x00\x00\x00\x00\x00\x00\x32\x22\x36\x00\x00\x00\x00\x00\
\x00\x00\x00\x00\x32\x22\x36\x00\x00\x00\x00\x00\x00\x00\x00\x00\
\x32\x22\x36\x00\x00\x00\x00\x00\x00\x00\x00\x00\x32\x22\x36\x00\
\x00\x00\x00\x00\x00\x00\x00\x00\x32\x22\x36\x00\x00\x00\x00\x00\
\x00\x00\x00\x00\x32\x22\x36\x00\x00\x00\x00\x00\x00\x00\x00\x00\
\x32\x22\x36\x00\x00\x00\x00\x00\x00\x00\x00\x00\x32\x22\x36\x00\
\x00\x00\x00\x00\x00\x00\x00\x00\x32\x22\x36\x00\x00\x00\x00\x00\
\x00\x00\x00\x00\x32\x22\x36\x00\x00\x00\x00\x00\x00\x00\x00\x00\
\x32\x22\x36\x00\x00\x00\x00\x00\x00\x00\x00\x00\x32\x22\x36\x00\
\x00\x00\x00\x00\x00\x00\x00\x00\x32\x22\x36\x00\x00\x00\x00\x00\
\x00\x00\x00\x00\x32\x22\x36\x00\x00\x00\x00\x00\x00\x00\x00\x00\
\x32\x22\x36\x00\x00\x00\x00\x00\x00\x00\x00\x00\x32\x8b\x7a\x00\
\x00\x00\x00\x70\xf0\xbe\x9a\x99\x57\xf5\x08\x00\xfe\xe5\xa3\x99\
\xf9\xbc\x1e\x01\x00\x00\x00\x20\x62\x03\x00\x00\x00\xee\xda\x9b\
\xd9\xac\x5f\xd4\x23\x00\xf8\x87\xe5\xea\xd1\x88\xd8\x00\x00\x00\
\x80\x07\xc0\x39\x51\x00\x00\x00\x00\x00\x00\x00\x00\x00\x32\x22\
\x36\x00\x00\x00\x00\x00\x00\x00\x00\x00\x32\x22\x36\x00\x00\x00\
\x00\x00\x00\x00\x00\x00\x32\x22\x36\x00\x00\x00\x00\x00\x00\x00\
\x00\x00\x32\x22\x36\x00\x00\x00\x00\x00\x00\x00\x00\x00\x32\x22\
\x36\x00\x00\x00\x00\x00\x00\x00\x00\x00\x32\x22\x36\x00\x00\x00\
\x00\x00\x00\x00\x00\x00\x32\x22\x36\x00\x00\x00\x00\x00\x00\x00\
\x00\x00\x32\x22\x36\x00\x00\x00\x00\x00\x00\x00\x00\x00\x32\x22\
\x36\x00\x00\x00\x00\x00\x00\x00\x00\x00\x32\x22\x36\x00\x00\x00\
\x00\x00\x00\x00\x00\x00\x32\x22\x36\x00\x00\x00\x00\x00\x00\x00\
\x00\x00\x32\x22\x36\x00\x00\x00\x00\x00\x00\x00\x00\x00\x32\x22\
\x36\x00\x00\x00\x00\x00\x00\x00\x00\x00\x32\x22\x36\x00\x00\x00\
\x00\x00\x00\x00\x00\x00\x32\x22\x36\x00\x00\x00\x00\x00\x00\x00\
\x00\x00\x32\x22\x36\x00\x00\x00\x00\x00\x00\x00\x00\x00\x32\x22\
\x36\x00\x00\x00\x00\x00\x00\x00\x00\x00\x32\x22\x36\x00\x00\x00\
\x00\x00\x00\x00\x00\x00\x32\x22\x36\x00\x00\x00\x00\x00\x00\x00\
\x00\x00\x32\x8b\x7a\x00\x00\x00\xc0\x2c\x57\x47\x33\x73\x5e\xcf\
\x80\x3d\xe4\xbd\x1e\x80\xf7\xc5\xd9\x2c\x57\x17\xf5\x08\xd8\x33\
\x57\xb3\x59\xff\x5c\x8f\x00\x00\x00\xd8\x86\x1f\xbb\x01\x00\x80\
\x87\xe0\x6c\x66\xbe\xab\x47\x00\x00\xf0\x60\x7d\xf6\xf7\x07\xd8\
\xde\x97\x33\xf3\xac\x1e\x01\x00\x00\xb0\x0d\xe7\x44\x01\x00\x00\
\x00\x00\x00\x00\x00\x00\xc8\x88\xd8\x00\x00\x00\x00\x00\x00\x00\
\x00\x00\xc8\x88\xd8\x00\x00\x00\x00\x00\x00\x00\x00\x00\xc8\x88\
\xd8\x00\x00\x00\x00\x00\x00\x00\x00\x00\xc8\x88\xd8\x00\x00\x00\
\x00\x00\x00\x00\x00\x00\xc8\x88\xd8\x00\x00\x00\x00\x00\x00\x00\
\x00\x00\xc8\x88\xd8\x00\x00\x00\x00\x00\x00\x00\x00\x00\xc8\x88\
\xd8\x00\x00\x00\x00\x00\x00\x00\x00\x00\xc8\x88\xd8\x00\x00\x00\
\x00\x00\x00\x00\x00\x00\xc8\x88\xd8\x00\x00\x00\x00\x00\x00\x00\
\x00\x00\xc8\x88\xd8\x00\x00\x00\x00\x00\x00\x00\x00\x00\xc8\x88\
\xd8\x00\x00\x00\x00\x00\x00\x00\x00\x00\xc8\x88\xd8\x00\x00\x00\
\x00\x00\x00\x00\x00\x00\xc8\x88\xd8\x00\x00\x00\x00\x00\x00\x00\
\x00\x00\xc8\x88\xd8\x00\x00\x00\x00\x00\x00\x00\x00\x00\xc8\x88\
\xd8\x00\x00\x00\x00\x00\x00\x00\x00\x00\xc8\x88\xd8\x00\x00\x00\
\x00\x00\x00\x00\x00\x00\xc8\x88\xd8\x00\x00\x00\x00\x00\x00\x00\
\x00\x00\xc8\x88\xd8\x00\x00\x00\x00\x00\x00\x00\x00\x00\xc8\x88\
\xd8\x00\x00\x00\x00\x00\x00\x00\x00\x00\xc8\x88\xd8\x00\x00\x00\
\x00\x00\x00\x00\x00\x00\xc8\x88\xd8\x00\x00\x00\x00\x00\x00\x00\
\x00\x00\xc8\x88\xd8\x00\x00\x00\x00\x00\x00\x00\x00\x00\xc8\x88\
\xd8\x00\x00\x00\x00\x00\x00\x00\x00\x00\xc8\x88\xd8\x00\x00\x00\
\x00\x00\x00\x00\x00\x00\xc8\x88\xd8\x00\x00\x00\x00\x00\x00\x00\
\x00\x00\xc8\x88\xd8\x00\x00\x00\x00\x00\x00\x00\x00\x00\xc8\x88\
\xd8\x00\x00\x00\x00\x00\x00\x00\x00\x00\xc8\x88\xd8\x00\x00\x00\
\x00\x00\x00\x00\x00\x00\xc8\x88\xd8\x00\x00\x00\x00\x00\x00\x00\
\x00\x00\xc8\x88\xd8\x00\x00\x00\x00\x00\x00\x00\x00\x00\xc8\x88\
\xd8\x00\x00\x00\x00\x00\x00\x00\x00\x00\xc8\x88\xd8\x00\x00\x00\
\x00\x00\x00\x00\x00\x00\xc8\x88\xd8\x00\x00\x00\x00\x00\x00\x00\
\x00\x00\xc8\x88\xd8\x00\x00\x00\x00\x00\x00\x00\x00\x00\xc8\x88\
\xd8\x00\x00\x00\x00\x00\x00\x00\x00\x00\xc8\x88\xd8\x00\x00\x00\
\x00\x00\x00\x00\x00\x00\xc8\x88\xd8\x00\x00\x00\x00\x00\x00\x00\
\x00\x00\xc8\x88\xd8\x00\x00\x00\x00\x00\x00\x00\x00\x00\xc8\x88\
\xd8\x00\x00\x00\x00\x00\x00\x00\x00\x00\xc8\x2c\xea\x01\x00\x00\
\x00\x7b\xe6\xe9\xcc\xfc\x58\x8f\x80\x3d\xf3\x47\x3d\x00\x80\xff\
\xf4\xdb\xcc\x9c\xd6\x23\x60\x0f\x7d\x3b\x33\xe7\xf5\x08\x00\x00\
\x80\x43\x22\x62\x03\x00\x00\xb8\x99\x5f\x67\xb3\x7e\x57\x8f\x00\
\x00\xf8\xdf\x36\xeb\x3f\x67\xc6\x73\x0d\xdc\xd4\x72\x75\x5d\x4f\
\x00\x00\x00\x38\x34\xce\x89\x02\x00\x00\x00\x00\x00\x00\x00\x00\
\x90\x11\xb1\x01\x00\x00\x00\x00\x00\x00\x00\x00\x90\x11\xb1\x01\
\x00\x00\x00\x00\x00\x00\x00\x00\x90\x11\xb1\x01\x00\x00\x00\x00\
\x00\x00\x00\x00\x90\x11\xb1\x01\x00\x00\x00\x00\x00\x00\x00\x00\
\x90\x11\xb1\x01\x00\x00\x00\x00\x00\x00\x00\x00\x90\x11\xb1\x01\
\x00\x00\x00\x00\x00\x00\x00\x00\x90\x11\xb1\x01\x00\x00\x00\x00\
\x00\x00\x00\x00\x90\x11\xb1\x01\x00\x00\x00\x00\x00\x00\x00\x00\
\x90\x11\xb1\x01\x00\x00\x00\x00\x00\x00\x00\x00\x90\x11\xb1\x01\
\x00\x00\x00\x00\x00\x00\x00\x00\x90\x11\xb1\x01\x00\x00\x00\x00\
\x00\x00\x00\x00\x90\x11\xb1\x01\x00\x00\x00\x00\x00\x00\x00\x00\
\x90\x11\xb1\x01\x00\x00\x00\x00\x00\x00\x00\x00\x90\x11\xb1\x01\
\x00\x00\x00\x00\x00\x00\x00\x00\x90\x11\xb1\x01\x00\x00\x00\x00\
\x00\x00\x00\x00\x90\x11\xb1\x01\x00\x00\x00\x00\x00\x00\x00\x00\
\x90\x11\xb1\x01\x00\x00\x00\x00\x00\x00\x00\x00\x90\x11\xb1\x01\
\x00\x00\x00\x00\x00\x00\x00\x00\x90\x11\xb1\x01\x00\x00\x00\x00\
\x00\x00\x00\x00\x90\x11\xb1\x01\x00\x00\x00\x00\x00\x00\x00\x00\
\x90\x11\xb1\x01\x00\x00\x00\x00\x00\x00\x00\x00\x90\x11\xb1\x01\
\x00\x00\x00\x00\x00\x00\x00\x00\x90\x11\xb1\x01\x00\x00\x00\x00\
\x00\x00\x00\x00\x90\x11\xb1\x01\x00\x00\x00\x00\x00\x00\x00\x00\
\x90\x11\xb1\x01\x00\x00\x00\x00\x00\x00\x00\x00\x90\x11\xb1\x01\
\x00\x00\x00\x00\x00\x00\x00\x00\x90\x11\xb1\x01\x00\x00\x00\x00\
\x00\x00\x00\x00\x90\x11\xb1\x01\x00\x00\x00\x00\x00\x00\x00\x00\
\x90\x11\xb1\x01\x00\x00\x00\x00\x00\x00\x00\x00\x90\x11\xb1\x01\
\x00\x00\x00\x00\x00\x00\x00\x00\x90\x11\xb1\x01\x00\x00\x00\x00\
\x00\x00\x00\x00\x90\x11\xb1\x01\x00\x00\x00\x00\x00\x00\x00\x00\
\x90\x11\xb1\x01\x00\x00\x00\x00\x00\x00\x00\x00\x90\x11\xb1\x01\
\x00\x00\x00\x00\x00\x00\x00\x00\x90\x11\xb1\x01\x00\x00\x00\x00\
\x00\x00\x00\x00\x90\x11\xb1\x01\x00\x00\x00\x00\x00\x00\x00\x00\
\x90\x11\xb1\x01\x00\x00\x00\x00\x00\x00\x00\x00\x90\x11\xb1\x01\
\x00\x00\x00\x00\x00\x00\x00\x00\x90\x11\xb1\x01\x00\x00\x00\x00\
\x00\x00\x00\x00\x90\x11\xb1\x01\x00\x00\x00\x00\x00\x00\x00\x00\
\x90\x11\xb1\x01\x00\x00\x00\x00\x00\x00\x00\x00\x90\x11\xb1\x01\
\x00\x00\x00\x00\x00\x00\x00\x00\x90\x11\xb1\x01\x00\x00\x00\x00\
\x00\x00\x00\x00\x90\x11\xb1\x01\x00\x00\x00\x00\x00\x00\x00\x00\
\x90\x11\xb1\x01\x00\x00\x00\x00\x00\x00\x00\x00\x90\x11\xb1\x01\
\x00\x00\x00\x00\x00\x00\x00\x00\x90\x59\xd4\x03\x00\x00\x00\xf6\
\xcc\xc9\x2c\x57\x8f\xeb\x11\x00\x00\x40\xc6\x7f\x2b\x00\x00\x00\
\x3b\xe6\x45\x0b\x00\x00\xe0\x66\x2e\xeb\x01\x00\x00\x00\x00\x00\
\x00\x87\xc4\x39\x51\x00\x00\x00\x00\x00\x00\x00\x00\x00\x32\x22\
\x36\x00\x00\x00\x00\x00\x00\x00\x00\x00\x32\x22\x36\x00\x00\x00\
\x00\x00\x00\x00\x00\x00\x32\x22\x36\x00\x00\x00\x00\x00\x00\x00\
\x00\x00\x32\x22\x36\x00\x00\x00\x00\x00\x00\x00\x00\x00\x32\x22\
\x36\x00\x00\x00\x00\x00\x00\x00\x00\x00\x32\x22\x36\x00\x00\x00\
\x00\x00\x00\x00\x00\x00\x32\x22\x36\x00\x00\x00\x00\x00\x00\x00\
\x00\x00\x32\x22\x36\x00\x00\x00\x00\x00\x00\x00\x00\x00\x32\x22\
\x36\x00\x00\x00\x00\x00\x00\x00\x00\x00\x32\x22\x36\x00\x00\x00\
\x00\x00\x00\x00\x00\x00\x32\x22\x36\x00\x00\x00\x00\x00\x00\x00\
\x00\x00\x32\x22\x36\x00\x00\x00\x00\x00\x00\x00\x00\x00\x32\x22\
\x36\x00\x00\x00\x00\x00\x00\x00\x00\x00\x32\x22\x36\x00\x00\x00\
\x00\x00\x00\x00\x00\x00\x32\x22\x36\x00\x00\x00\x00\x00\x00\x00\
\x00\x00\x32\x22\x36\x00\x00\x00\x00\x00\x00\x00\x00\x00\x32\x22\
\x36\x00\x00\x00\x00\x00\x00\x00\x00\x00\x32\x22\x36\x00\x00\x00\
\x00\x00\x00\x00\x00\x00\x32\x22\x36\x00\x00\x00\x00\x00\x00\x00\
\x00\x00\x32\x22\x36\x00\x00\x00\x00\x00\x00\x00\x00\x00\x32\x22\
\x36\x00\x00\x00\x00\x00\x00\x00\x00\x00\x32\x22\x36\x00\x00\x00\
\x00\x00\x00\x00\x00\x00\x32\x22\x36\x00\x00\x00\x00\x00\x00\x00\
\x00\x00\x32\x22\x36\x00\x00\x00\x00\x00\x00\x00\x00\x00\x32\x22\
\x36\x00\x00\x00\x00\x00\x00\x00\x00\x00\x32\x22\x36\x00\x00\x00\
\x00\x00\x00\x00\x00\x00\x32\x22\x36\x00\x00\x00\x00\x00\x00\x00\
\x00\x00\x32\x22\x36\x00\x00\x00\x00\x00\x00\x00\x00\x00\x32\x22\
\x36\x00\x00\x00\x00\x00\x00\x00\x00\x00\x32\x22\x36\x00\x00\x00\
\x00\x00\x00\x00\x00\x00\x32\x22\x36\x00\x00\x00\x00\x00\x00\x00\
\x00\x00\x32\x22\x36\x00\x00\x00\x00\x00\x00\x00\x00\x00\x32\x22\
\x36\x00\x00\x00\x00\x00\x00\x00\x00\x00\x32\x22\x36\x00\x00\x00\
\x00\x00\x00\x00\x00\x00\x32\x22\x36\x00\x00\x00\x00\x00\x00\x00\
\x00\x00\x32\x22\x36\x00\x00\x00\x00\x00\x00\x00\x00\x00\x32\x22\
\x36\x00\x00\x00\x00\x00\x00\x00\x00\x00\x32\x22\x36\x00\x00\x00\
\x00\x00\x00\x00\x00\x00\x32\x22\x36\x00\x00\x00\x00\x00\x00\x00\
\x00\x00\x32\x8b\x7a\x00\x00\x00\xc0\xcc\xfc\x34\x33\x17\xf5\x88\
\x1d\xfb\x7a\x66\x3e\xae\x47\x6c\xe1\x9b\x99\x59\xd7\x23\x00\x00\
\x38\x58\x9f\xcc\xcc\x17\xf5\x88\x2d\x3d\x9f\x99\xcb\x7a\xc4\x0e\
\x5d\xd5\x03\x00\x00\x00\xb6\x25\x62\x03\x00\x00\x7a\x9b\xf5\xef\
\x33\xf3\x7d\x3d\x63\xa7\x96\xab\x5f\x66\x3f\x22\xb6\xeb\xd9\xac\
\x0f\xeb\xbb\x07\x00\xe0\xe1\x58\xae\x8e\xeb\x09\x37\xf0\xda\xb3\
\x31\x00\x00\x40\xc3\x39\x51\x00\x00\x80\xbb\xf1\xb6\x1e\xb0\xa5\
\xd3\x7a\x00\x00\x00\x7f\xb1\x77\x6f\x21\x97\xe5\xe9\x59\xc0\x9f\
\xea\xee\xa9\x99\x9e\x49\xd3\xc7\x0a\x0c\x19\x11\x22\x3a\x49\x14\
\xf1\xb0\xd0\x24\x06\x21\x03\x12\x89\x12\x21\x32\x17\x1a\xc3\x04\
\x8d\x12\x45\x6f\x63\x16\x1a\x1d\x73\x70\x4b\x02\x7a\xe1\x21\x07\
\x48\x82\xf1\x40\x10\x02\x26\x98\x0c\x89\x39\x28\x82\x42\xd8\x24\
\x6a\x50\xd0\x20\xb9\x90\x80\xf2\x55\x1f\xd2\xf6\xf4\x4c\xdb\xdd\
\x55\x5e\x74\x4b\xf7\xf4\xd4\x61\xed\xef\xfb\xf6\xfe\xaf\x67\xaf\
\xdf\xef\x6e\xba\xab\xbf\x7a\x61\x6e\x9e\xaa\xf7\x59\xef\xff\xac\
\x7d\xe1\xe8\x01\x0e\xd0\x92\xe1\x01\x00\x00\xce\x8e\x12\x1b\x00\
\x00\xc0\x71\x5c\x8c\x1e\x60\xa1\xa6\xa5\x22\x00\x00\x7d\x9a\x3e\
\x9a\x50\x62\x03\x00\x00\x18\x44\x89\x0d\x00\x00\xe0\x38\x5a\x16\
\x60\x4a\x6c\x00\x00\x1c\x53\x4b\xde\xbc\x93\xe4\xf9\xd1\x43\x00\
\x00\x00\x6c\x95\x12\x1b\x00\x00\xc0\x71\xb4\x94\xd8\xbe\x20\xd3\
\xfc\xf8\xe8\x21\x00\x00\x38\x5b\x2d\x25\xb6\xe7\xb3\xdf\xdd\x19\
\x3d\x04\x00\x00\xc0\x56\x29\xb1\x01\x00\x00\x1c\x47\x4b\x89\x2d\
\xe9\x7a\xe2\x09\x00\x80\x2e\x2d\x25\xb6\xa6\xfc\x0e\x00\x00\x70\
\x76\x94\xd8\x00\x00\x00\x8e\xe3\x62\xf4\x00\x07\x68\x59\x2c\x02\
\x00\xd0\xa7\x25\x6b\x2a\xb1\x01\x00\x00\x0c\xa4\xc4\x06\x00\x00\
\x70\x1c\x4d\x4b\xb0\x96\xc5\x22\x00\x00\x7d\x5a\xae\xfe\x36\xe5\
\x77\x00\x00\x80\xb3\xa3\xc4\x06\x00\x00\x70\x1c\x4d\x4b\xb0\x96\
\xc5\x22\x00\x00\x7d\x5a\xb2\x66\xd3\x25\x65\x00\x00\x80\xb3\xa3\
\xc4\x06\x00\x00\x70\x1c\x4d\x4b\x30\x97\xd8\x00\x00\xb8\x7e\xd3\
\xfc\x54\x92\x9b\xa3\xc7\x58\xa8\xe9\x23\x14\x00\x00\x80\xb3\xa3\
\xc4\x06\x00\x00\x70\x1c\x17\x49\xee\x8e\x1e\x62\x21\x25\x36\x00\
\x00\x8e\xa1\x29\x67\x2a\xb1\x01\x00\x00\x0c\xa4\xc4\x06\x00\x00\
\x70\x0c\xfb\xdd\x9b\x49\x5e\x18\x3d\xc6\x42\x4d\xcb\x45\x00\x00\
\x7a\xb4\x3c\x25\x9a\x28\xb1\x01\x00\x00\x0c\xa5\xc4\x06\x00\x00\
\x70\x3c\x2d\x8b\xb0\xa6\xe5\x22\x00\x00\x3d\x9a\x3e\x96\xb8\x18\
\x3d\x00\x00\x00\xc0\x96\x29\xb1\x01\x00\x00\x1c\x4f\xcb\x22\xac\
\x69\xb9\x08\x00\x40\x8f\xa6\x9c\xd9\xf2\x01\x0a\x00\x00\xc0\x59\
\x52\x62\x03\x00\x00\x38\x9e\x96\x45\x58\xd3\x72\x11\x00\x80\x1e\
\x4d\x39\xb3\x25\xbb\x03\x00\x00\x9c\x25\x25\x36\x00\x00\x80\xe3\
\x69\x59\x84\x79\x4e\x14\x00\x80\x63\x68\xc9\x99\xff\x37\xfb\xdd\
\x4b\xa3\x87\x00\x00\x00\xd8\x32\x25\x36\x00\x00\x80\xe3\x69\x79\
\x4e\xf4\x03\x99\xe6\x27\x46\x0f\x01\x00\xc0\xd9\x69\xb9\xc4\x76\
\x7b\xf4\x00\x00\x00\x00\x5b\xa7\xc4\x06\x00\x00\x70\x3c\x2d\x97\
\xd8\x92\x9e\x05\x23\x00\x00\x3d\x5a\x32\x66\x53\x6e\x07\x00\x00\
\x38\x4b\x4a\x6c\x00\x00\x00\xc7\xd3\xb4\x0c\x6b\x59\x30\x02\x00\
\xd0\xa3\x25\x63\x36\xe5\x76\x00\x00\x80\xb3\xa4\xc4\x06\x00\x00\
\x70\x3c\x4d\xcb\xb0\x5b\xa3\x07\x00\x00\xe0\xec\xb4\x64\xcc\xa6\
\xdc\x0e\x00\x00\x70\x96\x94\xd8\x00\x00\x00\x8e\xe7\x62\xf4\x00\
\x07\x68\xb9\x92\x01\x00\x40\x83\x69\x7e\x24\xc9\xb3\xa3\xc7\x58\
\xa8\x29\xb7\x03\x00\x00\x9c\x25\x25\x36\x00\x00\x80\xe3\x69\xba\
\xe8\xa0\xc4\x06\x00\xc0\x75\x7a\x36\xc9\xa3\xa3\x87\x58\xa8\x29\
\xb7\x03\x00\x00\x9c\x25\x25\x36\x00\x00\x80\xe3\x79\x21\xc9\x1b\
\xa3\x87\x58\x48\x89\x0d\x00\x80\xeb\xd4\x94\x2f\x95\xd8\x00\x00\
\x00\x06\x53\x62\x03\x00\x00\x38\x96\xfd\xee\x6e\x92\xdb\xa3\xc7\
\x58\xe8\xd6\xe8\x01\x00\x00\x38\x2b\x4d\xf9\x52\x89\x0d\x00\x00\
\x60\x30\x25\x36\x00\x00\x80\xe3\xba\x18\x3d\xc0\x42\x4d\x97\x32\
\x00\x00\x58\xbf\xa6\x7c\xd9\x92\xd9\x01\x00\x00\xce\x96\x12\x1b\
\x00\x00\xc0\x71\xb5\x5c\x75\x68\x5a\x32\x02\x00\xb0\x7e\x4d\xf9\
\xb2\x25\xb3\x03\x00\x00\x9c\x2d\x25\x36\x00\x00\x80\xe3\x6a\x59\
\x88\x35\x2d\x19\x01\x00\x58\x3f\xcf\x89\x02\x00\x00\xb0\x98\x12\
\x1b\x00\x00\xc0\x71\xb5\x2c\xc4\x9e\xcb\x34\xdf\x18\x3d\x04\x00\
\x00\x67\xa3\xe5\x23\x89\x57\xb3\xdf\x7d\x7a\xf4\x10\x00\x00\x00\
\x5b\xa7\xc4\x06\x00\x00\x70\x5c\x17\xa3\x07\x58\xe8\xb1\x24\x4f\
\x8f\x1e\x02\x00\x80\xb3\xd1\x52\x62\x6b\xc9\xeb\x00\x00\x00\x67\
\x4d\x89\x0d\x00\x00\xe0\xb8\x5a\x2e\xb1\x25\x3d\x8b\x46\x00\x00\
\xd6\xaf\x25\x5b\x36\xe5\x75\x00\x00\x80\xb3\xa5\xc4\x06\x00\x00\
\x70\x5c\x4d\x4b\xb1\x5b\xa3\x07\x00\x00\xe0\x6c\xb4\x64\xcb\xa6\
\xbc\x0e\x00\x00\x70\xb6\x94\xd8\x00\x00\x00\x8e\xab\xe9\x79\xa2\
\x96\x6b\x19\x00\x00\xac\x5f\x4b\xb6\x6c\xca\xeb\x00\x00\x00\x67\
\x4b\x89\x0d\x00\x00\xe0\xb8\x9a\x2e\x3b\xb4\x2c\x1a\x01\x00\x58\
\xb3\x69\x7e\x5f\x92\xa7\x46\x8f\xb1\x50\x53\x5e\x07\x00\x00\x38\
\x5b\x4a\x6c\x00\x00\x00\xc7\xd5\xb4\x14\x53\x62\x03\x00\xe0\x3a\
\xdc\x4a\x72\x63\xf4\x10\x0b\x35\xe5\x75\x00\x00\x80\xb3\xa5\xc4\
\x06\x00\x00\x70\x4c\xfb\xdd\xcb\x49\x5e\x1b\x3d\xc6\x42\xb7\x46\
\x0f\x00\x00\xc0\x59\x68\xca\x95\x4a\x6c\x00\x00\x00\x2b\xa0\xc4\
\x06\x00\x00\x70\x7c\x17\xa3\x07\x58\xc8\x25\x36\x00\x00\xae\x43\
\x53\xae\x6c\xc9\xea\x00\x00\x00\x67\x4d\x89\x0d\x00\x00\xe0\xf8\
\x5a\xae\x3b\x34\x2d\x1b\x01\x00\x58\xaf\xa6\x5c\xd9\x92\xd5\x01\
\x00\x00\xce\x9a\x12\x1b\x00\x00\xc0\xf1\xb5\x2c\xc6\x9a\x96\x8d\
\x00\x00\xac\x97\xe7\x44\x01\x00\x00\x38\x88\x12\x1b\x00\x00\xc0\
\xf1\xb5\x2c\xc6\x9a\x96\x8d\x00\x00\xac\x57\xd3\xc7\x11\x9e\x13\
\x05\x00\x00\x58\x01\x25\x36\x00\x00\x80\xe3\x6b\x59\x8c\x3d\x93\
\x69\x7e\x74\xf4\x10\x00\x00\xd4\x6b\x29\xb1\xbd\x9c\xfd\xee\xb5\
\xd1\x43\x00\x00\x00\xa0\xc4\x06\x00\x00\x70\x0a\x2d\x97\xd8\x1e\
\x49\xf2\xdc\xe8\x21\x00\x00\xa8\xd7\x52\x62\x6b\xc9\xe9\x00\x00\
\x00\x67\x4f\x89\x0d\x00\x00\xe0\xf8\x9a\x96\x63\x2d\x0b\x47\x00\
\x00\xd6\xab\xe5\x99\xfa\xa6\x9c\x0e\x00\x00\x70\xd6\x94\xd8\x00\
\x00\x00\x8e\xaf\x69\x39\xd6\xb2\x70\x04\x00\x60\xbd\x5a\x3e\x8c\
\xb8\x18\x3d\x00\x00\x00\x00\x6f\x51\x62\x03\x00\x00\x38\xbe\xa6\
\xe5\x58\xcb\xc2\x11\x00\x80\xf5\x6a\xc9\x94\x4d\x1f\x9b\x00\x00\
\x00\x9c\x35\x25\x36\x00\x00\x80\xe3\x6b\x5a\x8e\xb5\x2c\x1c\x01\
\x00\x58\xa3\x69\x7e\x3c\xc9\x17\x8c\x1e\x63\xa1\xa6\x9c\x0e\x00\
\x00\x70\xd6\x94\xd8\x00\x00\x00\x8e\xaf\x69\x39\xe6\x39\x51\x00\
\x00\xae\xa2\x29\x4f\x36\xe5\x74\x00\x00\x80\xb3\xa6\xc4\x06\x00\
\x00\x70\x6c\xfb\xdd\x67\x92\x7c\x7a\xf4\x18\x0b\xb9\xc4\x06\x00\
\xc0\x55\x34\xe5\xc9\x8b\xd1\x03\x00\x00\x00\xf0\x16\x25\x36\x00\
\x00\x80\xd3\x68\xb9\xf2\xd0\xb4\x74\x04\x00\x60\x7d\x9a\xf2\x64\
\x4b\x46\x07\x00\x00\x38\x7b\x4a\x6c\x00\x00\x00\xa7\xd1\xb2\x20\
\x6b\x5a\x3a\x02\x00\xb0\x3e\x4d\x79\xb2\x25\xa3\x03\x00\x00\x9c\
\x3d\x25\x36\x00\x00\x80\xd3\x68\x59\x90\xdd\x1a\x3d\x00\x00\x00\
\xd5\x9a\xf2\x64\x4b\x46\x07\x00\x00\x38\x7b\x4a\x6c\x00\x00\x00\
\xa7\x71\x31\x7a\x80\x85\x9a\x2e\x67\x00\x00\xb0\x3e\x2d\x79\xf2\
\x6e\x92\xdb\xa3\x87\x00\x00\x00\xe0\x2d\x4a\x6c\x00\x00\x00\xa7\
\xd1\x72\xe5\xe1\xc9\x4c\xf3\xcd\xd1\x43\x00\x00\x50\xab\xa5\xc4\
\xf6\x42\xf6\xbb\x37\x47\x0f\x01\x00\x00\xc0\x5b\x94\xd8\x00\x00\
\x00\x4e\xa3\xa5\xc4\x96\xf4\x2c\x1e\x01\x00\x58\x9f\x96\xe7\x44\
\x9b\xf2\x39\x00\x00\xc0\xd9\x53\x62\x03\x00\x00\x38\x8d\xa6\x25\
\x59\xcb\xe2\x11\x00\x80\xf5\x69\xf9\x20\xe2\x62\xf4\x00\x00\x00\
\x00\xbc\x43\x89\x0d\x00\x00\xe0\x34\x9a\x96\x64\x2d\x8b\x47\x00\
\x00\xd6\xa7\x25\x4b\x36\x7d\x64\x02\x00\x00\x70\xf6\x94\xd8\x00\
\x00\x00\x4e\xa3\x69\x49\xd6\xb2\x78\x04\x00\x60\x7d\x5a\xae\xfa\
\x36\xe5\x73\x00\x00\x80\xb3\xa7\xc4\x06\x00\x00\x70\x1a\x4d\x4b\
\x32\x25\x36\x00\x00\x0e\x37\xcd\x4f\x24\xf9\xc0\xe8\x31\x16\x6a\
\xca\xe7\x00\x00\x00\x67\x4f\x89\x0d\x00\x00\xe0\x34\x9a\x9e\x13\
\x6d\xb9\x9e\x01\x00\xc0\xba\x34\x7d\x0c\xd1\x94\xcf\x01\x00\x00\
\xce\x9e\x12\x1b\x00\x00\xc0\x29\xec\x77\xaf\x27\x79\x69\xf4\x18\
\x0b\x35\x2d\x1f\x01\x00\x58\x8f\xa6\x1c\xe9\x12\x1b\x00\x00\xc0\
\x8a\x28\xb1\x01\x00\x00\x9c\x4e\xcb\xa2\xac\x69\xf9\x08\x00\xc0\
\x7a\x34\xe5\xc8\x96\x6c\x0e\x00\x00\xb0\x09\x4a\x6c\x00\x00\x00\
\xa7\xd3\xb2\x28\xf3\x9c\x28\x00\x00\x97\xd1\x94\x23\x5b\xb2\x39\
\x00\x00\xc0\x26\x28\xb1\x01\x00\x00\x9c\xce\xc5\xe8\x01\x16\x6a\
\xba\xa0\x01\x00\xc0\x7a\x34\xe5\xc8\x96\x6c\x0e\x00\x00\xb0\x09\
\x4a\x6c\x00\x00\x00\xa7\xd3\x72\xed\xa1\x69\xf9\x08\x00\xc0\x7a\
\xb4\xe4\xc8\x37\x92\xbc\x30\x7a\x08\x00\x00\x00\xde\xa1\xc4\x06\
\x00\x00\x70\x3a\x2d\x25\xb6\x0f\x66\x9a\x3f\x34\x7a\x08\x00\x00\
\xea\xb4\x3c\x27\x7a\x3b\xfb\xdd\xdd\xd1\x43\x00\x00\x00\xf0\x0e\
\x25\x36\x00\x00\x80\xd3\x69\x29\xb1\x25\x3d\x0b\x48\x00\x00\xd6\
\xa3\xe5\x12\x9b\xa7\x44\x01\x00\x00\x56\x46\x89\x0d\x00\x00\xe0\
\x74\x9a\x96\x65\x2d\x0b\x48\x00\x00\xd6\xa3\x25\x43\x36\x7d\x5c\
\x02\x00\x00\xb0\x09\x4a\x6c\x00\x00\x00\xa7\xd3\xb4\x2c\x6b\x59\
\x40\x02\x00\xb0\x1e\x2d\x19\xb2\x29\x97\x03\x00\x00\x6c\x82\x12\
\x1b\x00\x00\xc0\xe9\x34\x2d\xcb\x5a\x16\x90\x00\x00\xac\xc1\x34\
\xdf\x48\xf2\xdc\xe8\x31\x16\x6a\xca\xe5\x00\x00\x00\x9b\xa0\xc4\
\x06\x00\x00\x70\x3a\x4d\xcb\xb2\x5b\xa3\x07\x00\x00\xa0\xca\xd3\
\x49\x1e\x1b\x3d\xc4\x42\x17\xa3\x07\x00\x00\x00\xe0\x73\x29\xb1\
\x01\x00\x00\x9c\xce\xf3\x49\xee\x8c\x1e\x62\x21\x97\xd8\x00\x00\
\x38\x44\x53\x7e\x6c\xfa\xb8\x04\x00\x00\x60\x13\x94\xd8\x00\x00\
\x00\x4e\x65\xbf\xbb\x93\xb7\x8a\x6c\x0d\x9a\x96\x90\x00\x00\x8c\
\xd7\x94\x1f\x95\xd8\x00\x00\x00\x56\x46\x89\x0d\x00\x00\xe0\xb4\
\x5a\x16\x66\x4d\x4b\x48\x00\x00\xc6\x6b\x7a\x8e\xbe\x25\x93\x03\
\x00\x00\x6c\x86\x12\x1b\x00\x00\xc0\x69\xb5\x2c\xcc\x9a\x96\x90\
\x00\x00\x8c\xd7\xf4\x11\xc4\xc5\xe8\x01\x00\x00\x00\xf8\x5c\x4a\
\x6c\x00\x00\x00\xa7\xd5\xb2\x30\x6b\x5a\x42\x02\x00\x30\x5e\x53\
\x7e\x6c\xf9\xb0\x04\x00\x00\x60\x33\x94\xd8\x00\x00\x00\x4e\xab\
\x65\x61\xe6\x12\x1b\x00\x00\x87\x68\x29\xb1\x7d\x36\xfb\xdd\xcb\
\xa3\x87\x00\x00\x00\xe0\x73\x29\xb1\x01\x00\x00\x9c\x56\x4b\x89\
\xed\x66\xa6\xf9\xa9\xd1\x43\x00\x00\x50\xa3\xe5\x23\x88\x96\xcb\
\xc8\x00\x00\x00\x9b\xa2\xc4\x06\x00\x00\x70\x5a\x2d\x25\xb6\xa4\
\x67\x11\x09\x00\xc0\x78\x2d\x97\xd8\x94\xd8\x00\x00\x00\x56\x48\
\x89\x0d\x00\x00\xe0\xb4\x9a\x96\x66\x2d\x8b\x48\x00\x00\xc6\x6b\
\xc9\x8e\x4d\x1f\x95\x00\x00\x00\x6c\x86\x12\x1b\x00\x00\xc0\x69\
\x35\x2d\xcd\x5a\x16\x91\x00\x00\x8c\xd7\x72\xc5\xb7\x29\x8f\x03\
\x00\x00\x6c\x86\x12\x1b\x00\x00\xc0\x69\x35\x2d\xcd\x5a\x16\x91\
\x00\x00\x8c\x34\xcd\x8f\x26\x79\x66\xf4\x18\x0b\x35\x5d\x46\x06\
\x00\x00\xd8\x0c\x25\x36\x00\x00\x80\xd3\x6a\x5a\x9a\xb9\xc4\x06\
\x00\xc0\x12\xcf\xa5\x67\xdf\xd0\xf4\x51\x09\x00\x00\xc0\x66\xb4\
\xfc\xa1\x12\x00\x00\xe0\x3c\xec\x77\x2f\x26\x79\x7d\xf4\x18\x0b\
\x29\xb1\x01\x00\xb0\x44\x53\x6e\x54\x62\x03\x00\x00\x58\x21\x25\
\x36\x00\x00\x80\xd3\x6b\xb9\xc6\xd6\xb4\x8c\x04\x00\x60\x9c\xa6\
\x67\xe8\x95\xd8\x00\x00\x00\x56\x48\x89\x0d\x00\x00\xe0\xf4\x5a\
\x16\x67\x4d\xcb\x48\x00\x00\xc6\x69\xfa\xf8\xa1\xe5\x83\x12\x00\
\x00\x80\x4d\x51\x62\x03\x00\x00\x38\xbd\x96\xc5\x59\xd3\x32\x12\
\x00\x80\x71\x9a\x72\x63\xcb\x07\x25\x00\x00\x00\x9b\xa2\xc4\x06\
\x00\x00\x70\x7a\x2d\x8b\xb3\xa6\x65\x24\x00\x00\xe3\x34\xe5\xc6\
\x96\x2c\x0e\x00\x00\xb0\x29\x4a\x6c\x00\x00\x00\xa7\xd7\xb2\x38\
\x7b\x36\xd3\xec\xcf\x8d\x00\x00\x3c\x4c\xcb\x33\xf4\xaf\x64\xbf\
\xfb\xcc\xe8\x21\x00\x00\x00\xf8\x7c\x96\x11\x00\x00\x00\xa7\xd7\
\x52\x62\x7b\x34\xc9\x33\xa3\x87\x00\x00\x60\xf5\x5a\x2e\xb1\x5d\
\x8c\x1e\x00\x00\x00\x80\x7b\x53\x62\x03\x00\x00\x38\xbd\xa6\xe5\
\x59\xcb\x42\x12\x00\x80\x71\x5a\x32\x63\xcb\xc7\x24\x00\x00\x00\
\x9b\xa3\xc4\x06\x00\x00\x70\x7a\x4d\xcb\xb3\x96\x85\x24\x00\x00\
\xe3\xb4\x3c\x27\xda\x94\xc3\x01\x00\x00\x36\x45\x89\x0d\x00\x00\
\xe0\xf4\x9a\x96\x67\x4a\x6c\x00\x00\x3c\x4c\x4b\x66\x6c\xba\x88\
\x0c\x00\x00\xb0\x29\x4a\x6c\x00\x00\x00\xa7\xd7\x54\x62\x6b\xb9\
\xaa\x01\x00\xc0\x08\xd3\x7c\x33\xc9\x93\xa3\xc7\x58\xa8\x29\x87\
\x03\x00\x00\x6c\x8a\x12\x1b\x00\x00\xc0\xe9\x35\x5d\x80\x68\xb9\
\xaa\x01\x00\xc0\x18\x4d\x79\x51\x89\x0d\x00\x00\x60\xa5\x94\xd8\
\x00\x00\x00\x4e\x6d\xbf\x7b\x25\xc9\xab\xa3\xc7\x58\xa8\x69\x29\
\x09\x00\xc0\xe9\x35\x5d\xee\x55\x62\x03\x00\x00\x58\x29\x25\x36\
\x00\x00\x80\x31\x5a\xae\xb1\x35\x2d\x25\x01\x00\x38\xbd\xa6\x8f\
\x1e\x5a\x32\x38\x00\x00\xc0\xe6\x28\xb1\x01\x00\x00\x8c\xd1\xb2\
\x40\x6b\x5a\x4a\x02\x00\x70\x7a\x4d\x79\xd1\x25\x36\x00\x00\x80\
\x95\x52\x62\x03\x00\x00\x18\xa3\x65\x81\xd6\xb4\x94\x04\x00\xe0\
\xf4\x9a\xf2\x62\x4b\x06\x07\x00\x00\xd8\x1c\x25\x36\x00\x00\x80\
\x31\x5a\x16\x68\x4d\x4b\x49\x00\x00\x4e\xaf\xe9\xf9\xf9\x96\x6b\
\xc8\x00\x00\x00\x9b\xa3\xc4\x06\x00\x00\x30\x46\x4b\x89\xed\xa9\
\x4c\xf3\x63\xa3\x87\x00\x00\x60\xb5\x5a\x3e\x7a\x78\x29\xfb\xdd\
\xeb\xa3\x87\x00\x00\x00\xe0\xde\x94\xd8\x00\x00\x00\xc6\x68\xb9\
\x02\x71\x23\x5d\xd7\x35\x00\x00\x38\xad\x96\x12\x5b\xcb\x47\x24\
\x00\x00\x00\x9b\xa4\xc4\x06\x00\x00\x30\x46\xd3\x12\xad\x65\x31\
\x09\x00\xc0\xe9\xb5\x64\xc5\xa6\xfc\x0d\x00\x00\xb0\x39\x4a\x6c\
\x00\x00\x00\x63\x34\x2d\xd1\x5a\x16\x93\x00\x00\x9c\x5e\xcb\xd5\
\xde\xa6\xfc\x0d\x00\x00\xb0\x39\x4a\x6c\x00\x00\x00\x63\x34\x2d\
\xd1\x5a\x16\x93\x00\x00\x9c\x5e\xcb\x07\x0f\x17\xa3\x07\x00\x00\
\x00\xe0\xfe\x94\xd8\x00\x00\x00\xc6\x68\x5a\xa2\xb5\x2c\x26\x01\
\x00\x38\xa5\x69\xfe\x50\x92\x0f\x8e\x1e\x63\xa1\xa6\x8f\x48\x00\
\x00\x00\x36\x47\x89\x0d\x00\x00\x60\x8c\xa6\x25\x9a\x12\x1b\x00\
\x00\xf7\xd2\x74\xb1\xb7\x29\x7f\x03\x00\x00\x6c\x8e\x12\x1b\x00\
\x00\xc0\x08\xfb\xdd\x6b\x49\x5e\x1e\x3d\xc6\x42\x4a\x6c\x00\x00\
\xdc\x4b\x53\x4e\x6c\xba\x84\x0c\x00\x00\xb0\x39\x4a\x6c\x00\x00\
\x00\xe3\xb4\x5c\x83\x68\xba\xb0\x01\x00\xc0\xe9\x34\x95\xd8\x5a\
\xb2\x37\x00\x00\xc0\x26\x29\xb1\x01\x00\x00\x8c\xd3\x72\x0d\xa2\
\x69\x39\x09\x00\xc0\xe9\x34\xe5\x44\x25\x36\x00\x00\x80\x15\x53\
\x62\x03\x00\x00\x18\xa7\x65\x91\xd6\xb4\x9c\x04\x00\xe0\x74\x9a\
\x2e\xf6\xb6\x64\x6f\x00\x00\x80\x4d\x52\x62\x03\x00\x00\x18\xa7\
\x65\x91\xd6\xb4\x9c\x04\x00\xe0\x74\x5a\x3e\x76\xb8\x93\xe4\xf9\
\xd1\x43\x00\x00\x00\x70\x7f\x4a\x6c\x00\x00\x00\xe3\xb4\x3c\x27\
\xfa\x44\xa6\xf9\x03\xa3\x87\x00\x00\x60\x75\x5a\x4a\x6c\xcf\x67\
\xbf\xbb\x33\x7a\x08\x00\x00\x00\xee\x4f\x89\x0d\x00\x00\x60\x9c\
\x96\x4b\x6c\x49\xcf\x82\x12\x00\x80\xd3\x69\xc9\x88\x4d\xb9\x1b\
\x00\x00\x60\x93\x94\xd8\x00\x00\x00\xc6\x69\x5a\xa6\xb5\x2c\x28\
\x01\x00\x38\x9d\x96\x67\xe7\x9b\x72\x37\x00\x00\xc0\x26\x29\xb1\
\x01\x00\x00\x8c\xd3\xb4\x4c\x6b\x59\x50\x02\x00\x70\x3a\x2d\x1f\
\x3a\x5c\x8c\x1e\x00\x00\x00\x80\x07\x53\x62\x03\x00\x00\x18\xa7\
\x69\x99\xd6\xb2\xa0\x04\x00\xe0\x74\x5a\x3e\x74\x68\xfa\x78\x04\
\x00\x00\x60\x93\x94\xd8\x00\x00\x00\xc6\x69\x5a\x69\xe6\xae\x69\
\x00\x00\x20\x00\x49\x44\x41\x54\xa6\x29\xb1\x01\x00\xf0\x8e\x69\
\x7e\x32\xc9\xcd\xd1\x63\x2c\xd4\x94\xbb\x01\x00\x00\x36\x49\x89\
\x0d\x00\x00\x60\x9c\x8b\x24\x77\x47\x0f\xb1\x90\x12\x1b\x00\x00\
\xef\xd6\x94\x0f\x9b\x2e\x20\x03\x00\x00\x6c\x92\x12\x1b\x00\x00\
\xc0\x28\xfb\xdd\x9b\x49\x5e\x18\x3d\xc6\x42\x2d\x4f\x45\x01\x00\
\x70\x1a\x4d\x25\x36\x97\xd8\x00\x00\x00\x56\x4e\x89\x0d\x00\x00\
\x60\xac\x96\xab\x10\x4d\x4b\x4a\x00\x00\x8e\xaf\x29\x1f\x2a\xb1\
\x01\x00\x00\xac\x9c\x12\x1b\x00\x00\xc0\x58\x2d\x0b\xb5\xa6\x25\
\x25\x00\x00\xc7\xd7\x74\xa9\xb7\x25\x73\x03\x00\x00\x6c\x96\x12\
\x1b\x00\x00\xc0\x58\x2d\x0b\x35\x25\x36\x00\x00\xde\xad\x29\x1f\
\xb6\x5c\x3f\x06\x00\x00\xd8\x2c\x25\x36\x00\x00\x80\xb1\x5a\x4a\
\x6c\x4d\x97\x36\x00\x00\x38\xbe\x96\x12\xdb\xeb\xd9\xef\x5e\x1c\
\x3d\x04\x00\x00\x00\x0f\xa6\xc4\x06\x00\x00\x30\x56\xcb\x55\x88\
\x0f\x64\x9a\x9f\x18\x3d\x04\x00\x00\xab\xd1\x52\x62\x6b\xc9\xdb\
\x00\x00\x00\x9b\xa6\xc4\x06\x00\x00\x30\x56\xcb\x25\xb6\xa4\x67\
\x51\x09\x00\xc0\xf1\xb5\x5c\xea\x6d\xca\xdb\x00\x00\x00\x9b\xa5\
\xc4\x06\x00\x00\x30\x56\xd3\x52\xad\x65\x51\x09\x00\xc0\xf1\xb5\
\x7c\xe0\xe0\x12\x1b\x00\x00\x40\x01\x25\x36\x00\x00\x80\xb1\x9a\
\x96\x6a\x2d\x8b\x4a\x00\x00\x8e\xaf\x25\x1b\x36\x7d\x34\x02\x00\
\x00\xb0\x59\x4a\x6c\x00\x00\x00\x63\x35\x2d\xd5\x5a\x16\x95\x00\
\x00\x1c\xd3\x34\x3f\x92\xe4\xd9\xd1\x63\x2c\xd4\x94\xb7\x01\x00\
\x00\x36\x4b\x89\x0d\x00\x00\x60\xac\xa6\xa5\x9a\x12\x1b\x00\x00\
\x49\xf2\x4c\x92\x47\x47\x0f\xb1\x50\x53\xde\x06\x00\x00\xd8\x2c\
\x25\x36\x00\x00\x80\xb1\x5e\x48\xf2\xc6\xe8\x21\x16\xba\x35\x7a\
\x00\x00\x00\x56\xa1\xe9\xe3\x86\x8b\xd1\x03\x00\x00\x00\xf0\x70\
\x4a\x6c\x00\x00\x00\x23\xed\x77\x77\x93\x3c\x3f\x7a\x8c\x85\x9a\
\x96\x95\x00\x00\x1c\x4f\x53\x2e\x74\x89\x0d\x00\x00\xa0\x80\x12\
\x1b\x00\x00\xc0\x78\x2d\x8b\xb5\xa6\x65\x25\x00\x00\xc7\xd3\x74\
\xa1\xb7\x25\x6b\x03\x00\x00\x6c\x9a\x12\x1b\x00\x00\xc0\x78\x2d\
\x8b\x35\x25\x36\x00\x00\x92\xae\x5c\xe8\x39\x51\x00\x00\x80\x02\
\x4a\x6c\x00\x00\x00\xe3\xb5\x94\xd8\x9a\x2e\x6e\x00\x00\x70\x3c\
\x4d\x25\xb6\x96\xac\x0d\x00\x00\xb0\x69\x4a\x6c\x00\x00\x00\xe3\
\xb5\x5c\x87\x78\x2e\xd3\x7c\x63\xf4\x10\x00\x00\x0c\xd7\x52\x62\
\x7b\x35\xfb\xdd\x2b\xa3\x87\x00\x00\x00\xe0\xe1\x94\xd8\x00\x00\
\x00\xc6\x6b\xb9\x0e\xf1\xbe\x24\x4f\x8f\x1e\x02\x00\x80\xe1\x5a\
\x2e\xf4\xb6\x7c\x2c\x02\x00\x00\xb0\x79\x4a\x6c\x00\x00\x00\xe3\
\xb5\x94\xd8\x92\x9e\xab\x1b\x00\x00\x1c\x4f\x4b\x26\x54\x62\x03\
\x00\x00\x28\xa1\xc4\x06\x00\x00\x30\x5e\x53\x89\xad\xe5\xea\x06\
\x00\x00\xc7\xd3\x52\x62\x6b\xca\xd9\x00\x00\x00\x9b\xa6\xc4\x06\
\x00\x00\x30\x5e\xd3\x85\x88\x96\x85\x25\x00\x00\xc7\xd3\x92\x09\
\x95\xd8\x00\x00\x00\x4a\x28\xb1\x01\x00\x00\x8c\xd7\xb4\x5c\x6b\
\x59\x58\x02\x00\x70\x0c\xd3\xfc\x58\x92\xa7\x46\x8f\xb1\x50\x53\
\xce\x06\x00\x00\xd8\x34\x25\x36\x00\x00\x80\xf1\x9a\x96\x6b\x4a\
\x6c\x00\x00\xdb\x76\x2b\xc9\x8d\xd1\x43\x2c\xd4\x74\xf1\x18\x00\
\x00\x60\xd3\x94\xd8\x00\x00\x00\x46\xdb\xef\x5e\x4e\xf2\xda\xe8\
\x31\x16\xba\x35\x7a\x00\x00\x00\x86\x6a\xfa\xa8\xa1\xe9\x63\x11\
\x00\x00\x80\x4d\x53\x62\x03\x00\x00\x58\x87\x96\x2b\x11\x4d\x4b\
\x4b\x00\x00\xae\x5f\xd3\x47\x0d\x4a\x6c\x00\x00\x00\x25\x94\xd8\
\x00\x00\x00\xd6\xa1\x65\xc1\xa6\xc4\x06\x00\xb0\x6d\x4d\x79\xb0\
\xe5\x43\x11\x00\x00\x80\xcd\x53\x62\x03\x00\x00\x58\x87\x96\x12\
\x5b\xd3\xe5\x0d\x00\x00\xae\x5f\x53\x89\xad\x25\x63\x03\x00\x00\
\x6c\x9e\x12\x1b\x00\x00\xc0\x3a\xb4\x5c\x89\x68\x5a\x5a\x02\x00\
\x70\xfd\x9a\xf2\xa0\x12\x1b\x00\x00\x40\x09\x25\x36\x00\x00\x80\
\x75\x68\x59\xb0\x3d\x93\x69\x7e\x74\xf4\x10\x00\x00\x0c\xd3\x72\
\x99\xf7\xe5\xec\x77\xaf\x8d\x1e\x02\x00\x00\x80\x65\x94\xd8\x00\
\x00\x00\xd6\xa1\xa5\xc4\xf6\x48\x92\xe7\x46\x0f\x01\x00\xc0\x30\
\x2d\x97\xd8\x5a\x2e\x1d\x03\x00\x00\x10\x25\x36\x00\x00\x80\xb5\
\x68\x29\xb1\x25\x3d\xd7\x37\x00\x00\xb8\x7e\x2d\x25\xb6\xa6\x7c\
\x0d\x00\x00\xb0\x79\x4a\x6c\x00\x00\x00\xeb\xd0\x74\x29\xa2\x65\
\x71\x09\x00\xc0\xf5\x6b\xc9\x82\x4a\x6c\x00\x00\x00\x45\x94\xd8\
\x00\x00\x00\xd6\xa1\x69\xc9\xd6\xb2\xb8\x04\x00\xe0\xfa\xb5\x5c\
\xe5\x6d\xca\xd7\x00\x00\x00\x9b\xa7\xc4\x06\x00\x00\xb0\x0e\x4d\
\x4b\x36\x25\x36\x00\x80\x2d\x9a\xe6\x0f\x24\x79\x62\xf4\x18\x0b\
\x35\x5d\x3a\x06\x00\x00\xd8\x3c\x25\x36\x00\x00\x80\x75\x68\x2a\
\xb1\xb5\x5c\xdf\x00\x00\xe0\x7a\x35\x7d\xcc\xd0\x94\xaf\x01\x00\
\x00\x36\x4f\x89\x0d\x00\x00\x60\x0d\xf6\xbb\xcf\x24\xf9\xf4\xe8\
\x31\x16\x6a\x5a\x5e\x02\x00\x70\x7d\x9a\x3e\x66\x50\x62\x03\x00\
\x00\x28\xa2\xc4\x06\x00\x00\xb0\x1e\x2d\x8b\x36\x25\x36\x00\x80\
\x6d\x6a\xca\x81\x9e\x13\x05\x00\x00\x28\xa2\xc4\x06\x00\x00\xb0\
\x1e\x4a\x6c\x00\x00\xac\x59\x53\x0e\x6c\xc9\xd6\x00\x00\x00\x44\
\x89\x0d\x00\x00\x60\x4d\x5a\x16\x6d\x4d\xcf\x48\x01\x00\x70\x7d\
\x94\xd8\x00\x00\x00\x38\x0a\x25\x36\x00\x00\x80\xf5\x68\x79\xf2\
\xa8\x69\x79\x09\x00\xc0\xf5\x69\xf9\x98\xe1\x6e\x92\xdb\xa3\x87\
\x00\x00\x00\x60\x39\x25\x36\x00\x00\x80\xf5\x68\xb9\x16\xf1\x64\
\xa6\xf9\xe6\xe8\x21\x00\x00\x38\xb9\x96\x8f\x19\x5e\xcc\x7e\xf7\
\xc6\xe8\x21\x00\x00\x00\x58\x4e\x89\x0d\x00\x00\x60\x3d\x5a\x4a\
\x6c\x49\xcf\x15\x0e\x00\x00\xae\x4f\x4b\x89\xad\x29\x57\x03\x00\
\x00\x10\x25\x36\x00\x00\x80\x35\x69\x79\x4e\x34\xe9\x59\x60\x02\
\x00\x70\x7d\x5a\x32\xa0\x12\x1b\x00\x00\x40\x19\x25\x36\x00\x00\
\x80\xf5\x68\x5a\xb6\xb5\x2c\x30\x01\x00\xb8\x3e\x2d\xd7\x78\x9b\
\x72\x35\x00\x00\x00\x51\x62\x03\x00\x00\x58\x93\xa6\x65\x9b\x12\
\x1b\x00\xc0\xf6\xb4\x94\xd8\x9a\x2e\x1c\x03\x00\x00\x10\x25\x36\
\x00\x00\x80\x35\x69\x2a\xb1\xb5\x2c\x30\x01\x00\xb8\x0e\xd3\xfc\
\x44\x92\xc7\x47\x8f\xb1\x50\x53\xae\x06\x00\x00\x20\x4a\x6c\x00\
\x00\x00\x6b\xd2\x74\x31\xc2\x25\x36\x00\x80\x6d\x69\xca\x7f\x4a\
\x6c\x00\x00\x00\x65\x94\xd8\x00\x00\x00\xd6\x62\xbf\x7b\x3d\xc9\
\x4b\xa3\xc7\x58\xa8\x69\x89\x09\x00\xc0\xd5\x35\x5d\xe2\x55\x62\
\x03\x00\x00\x28\xa3\xc4\x06\x00\x00\xb0\x2e\x2d\x0b\x37\x25\x36\
\x00\x80\x6d\x69\xca\x7f\x4d\x17\x8e\x01\x00\x00\x88\x12\x1b\x00\
\x00\xc0\xda\xb4\x94\xd8\x9a\x2e\x71\x00\x00\x70\x75\x4d\x25\xb6\
\x96\x4c\x0d\x00\x00\xc0\xdb\x94\xd8\x00\x00\x00\xd6\xa5\xe5\x6a\
\x44\xd3\x12\x13\x00\x80\xab\x6b\xfa\x88\x41\x89\x0d\x00\x00\xa0\
\x8c\x12\x1b\x00\x00\xc0\xba\xb4\x2c\xdc\x94\xd8\x00\x00\xb6\xa5\
\x25\xff\xbd\x99\xe4\x85\xd1\x43\x00\x00\x00\x70\x18\x25\x36\x00\
\x00\x80\x75\x69\x29\xb1\x7d\x30\xd3\xfc\xa1\xd1\x43\x00\x00\x70\
\x32\x2d\x25\xb6\xdb\xd9\xef\xee\x8e\x1e\x02\x00\x00\x80\xc3\x28\
\xb1\x01\x00\x00\xac\x4b\x4b\x89\x2d\xe9\x7a\x52\x0a\x00\x80\xab\
\x69\x29\xb1\x35\xe5\x69\x00\x00\x00\xde\xa6\xc4\x06\x00\x00\xb0\
\x2e\x17\xa3\x07\x38\x40\xcb\x22\x13\x00\x80\xab\x6b\xf9\x80\x41\
\x89\x0d\x00\x00\xa0\x90\x12\x1b\x00\x00\xc0\xba\x34\x2d\xdd\x94\
\xd8\x00\x00\xb6\xa3\x25\xfb\x35\x7d\x14\x02\x00\x00\xc0\xdb\x94\
\xd8\x00\x00\x00\xd6\xa5\xa9\xc4\xd6\x72\x8d\x03\x00\x80\xab\x98\
\xe6\x1b\x49\x9e\x1b\x3d\xc6\x42\x4d\x79\x1a\x00\x00\x80\xb7\x29\
\xb1\x01\x00\x00\xac\x4b\xd3\xe5\x88\x96\x6b\x1c\x00\x00\x5c\xcd\
\xd3\x49\xde\x37\x7a\x88\x85\x94\xd8\x00\x00\x00\x0a\x29\xb1\x01\
\x00\x00\xac\xcb\xed\x24\x77\x46\x0f\xb1\x90\x12\x1b\x00\xc0\x36\
\x34\x5d\xe0\x55\x62\x03\x00\x00\x28\xa4\xc4\x06\x00\x00\xb0\x26\
\xfb\xdd\x9d\x24\xcf\x8f\x1e\x63\x21\x25\x36\x00\x80\x6d\x68\xca\
\x7d\x4d\x97\x8d\x01\x00\x00\x78\x9b\x12\x1b\x00\x00\xc0\xfa\xb4\
\x5c\x8f\x68\xba\xc8\x01\x00\xc0\xe5\x35\x95\xd8\x5a\xb2\x34\x00\
\x00\x00\xef\xa2\xc4\x06\x00\x00\xb0\x3e\x2d\xd7\x23\x9a\x96\x99\
\x00\x00\x5c\x5e\xd3\xc7\x0b\x4a\x6c\x00\x00\x00\x85\x94\xd8\x00\
\x00\x00\xd6\xa7\x65\xf1\xa6\xc4\x06\x00\xb0\x0d\x4d\xb9\xaf\xe5\
\x83\x10\x00\x00\x00\xde\x45\x89\x0d\x00\x00\x60\x7d\x5a\x4a\x6c\
\x4d\x17\x39\x00\x00\xb8\xbc\x96\x12\xdb\x6b\xd9\xef\x7e\x73\xf4\
\x10\x00\x00\x00\x1c\x4e\x89\x0d\x00\x00\x60\x7d\x5a\x4a\x6c\x37\
\x33\xcd\x4f\x8e\x1e\x02\x00\x80\xa3\x6b\x29\xb1\xb9\xc2\x06\x00\
\x00\x50\x4a\x89\x0d\x00\x00\x60\x7d\x9a\x96\x6f\x2d\x0b\x4d\x00\
\x00\x2e\xaf\xe5\x02\x6f\xcb\xc7\x20\x00\x00\x00\xbc\x87\x12\x1b\
\x00\x00\xc0\xfa\x34\x2d\xdf\x94\xd8\x00\x00\xce\x5f\x4b\xe6\x6b\
\xfa\x18\x04\x00\x00\x80\x77\x51\x62\x03\x00\x00\x58\x1f\x25\x36\
\x00\x00\xd6\xa4\x25\xf3\x35\xe5\x68\x00\x00\x00\xde\x45\x89\x0d\
\x00\x00\x60\x7d\x9a\x96\x6f\x2d\x4f\x4b\x01\x00\x70\x19\xd3\xfc\
\x68\x92\x67\x46\x8f\xb1\x50\x53\x8e\x06\x00\x00\xe0\x5d\x94\xd8\
\x00\x00\x00\xd6\xa7\xe9\x19\xa4\x96\xab\x1c\x00\x00\x5c\xce\xb3\
\xe9\xd9\x25\x28\xb1\x01\x00\x00\x94\x6a\xf9\x83\x27\x00\x00\xc0\
\x76\xec\x77\x2f\x26\x79\x7d\xf4\x18\x0b\x29\xb1\x01\x00\x9c\xb7\
\xa6\xbc\xd7\xf4\x31\x08\x00\x00\x00\xef\xa2\xc4\x06\x00\x00\xb0\
\x4e\x2d\x0b\x38\xcf\x89\x02\x00\x9c\xb7\xa6\x12\x9b\x4b\x6c\x00\
\x00\x00\xa5\x94\xd8\x00\x00\x00\xd6\xa9\xa5\xc4\xd6\xb4\xd4\x04\
\x00\xe0\x70\x4d\x79\x4f\x89\x0d\x00\x00\xa0\x94\x12\x1b\x00\x00\
\xc0\x3a\xb5\x2c\xe0\x9a\x96\x9a\x00\x00\x1c\xae\xe9\xf2\x6e\x4b\
\x86\x06\x00\x00\xe0\x3d\x94\xd8\x00\x00\x00\xd6\xa9\x65\x01\xa7\
\xc4\x06\x00\x70\xde\x9a\xf2\x5e\xcb\x35\x63\x00\x00\x00\xde\x43\
\x89\x0d\x00\x00\x60\x9d\x5a\x4a\x6c\xcf\x66\x9a\x6f\x8c\x1e\x02\
\x00\x80\xa3\x69\x29\xb1\x7d\x3a\xfb\xdd\xab\xa3\x87\x00\x00\x00\
\xe0\x72\x94\xd8\x00\x00\x00\xd6\xa9\xe5\x8a\xc4\xa3\x49\x9e\x1d\
\x3d\x04\x00\x00\x47\xd3\xf2\x9c\x68\xcb\x47\x20\x00\x00\x00\xdc\
\x83\x12\x1b\x00\x00\xc0\x3a\x35\x2d\xe1\x5a\xae\x73\x00\x00\x70\
\xb8\x96\xac\xd7\xf2\x11\x08\x00\x00\x00\xf7\xa0\xc4\x06\x00\x00\
\xb0\x4e\x4a\x6c\x00\x00\xac\x41\x4b\xd6\x6b\xca\xcf\x00\x00\x00\
\xbc\x87\x12\x1b\x00\x00\xc0\x3a\x35\x2d\xe1\x5a\x9e\x98\x02\x00\
\xe0\x70\x4a\x6c\x00\x00\x00\x1c\x9d\x12\x1b\x00\x00\xc0\x3a\x35\
\x3d\x87\xd4\xb2\xd8\x04\x00\xe0\x10\xd3\x7c\x33\xc9\x93\xa3\xc7\
\x58\x48\x89\x0d\x00\x00\xa0\x98\x12\x1b\x00\x00\xc0\x3a\x35\x2d\
\xe1\x94\xd8\x00\x00\xce\x53\xd3\xc5\xdd\xa6\x8f\x40\x00\x00\x00\
\x78\x0f\x25\x36\x00\x00\x80\x35\xda\xef\x5e\x49\xf2\xea\xe8\x31\
\x16\x52\x62\x03\x00\x38\x4f\x4d\x39\xaf\xe9\x23\x10\x00\x00\x00\
\xde\x43\x89\x0d\x00\x00\x60\xbd\x5a\xae\x49\x34\x5d\xe8\x00\x00\
\x60\x39\x25\x36\x00\x00\x00\x4e\x42\x89\x0d\x00\x00\x60\xbd\x5a\
\x4a\x6c\x4d\xcb\x4d\x00\x00\x96\x6b\xfa\x58\x41\x89\x0d\x00\x00\
\xa0\x98\x12\x1b\x00\x00\xc0\x7a\xb5\x2c\xe2\x94\xd8\x00\x00\xce\
\x53\x53\xce\x6b\xf9\x00\x04\x00\x00\x80\x7b\x50\x62\x03\x00\x00\
\x58\x2f\x25\x36\x00\x00\x46\x6a\xca\x79\x2d\xd9\x19\x00\x00\x80\
\x7b\x50\x62\x03\x00\x00\x58\xaf\x96\x45\xdc\x53\x99\xe6\xc7\x46\
\x0f\x01\x00\xc0\xb5\x6b\x79\x4e\xf4\xa5\xec\x77\xaf\x8f\x1e\x02\
\x00\x00\x80\xcb\x53\x62\x03\x00\x00\x58\xaf\x96\x27\x91\x6e\xa4\
\x67\xc1\x09\x00\xc0\x72\x2d\x97\xd8\x5a\x72\x33\x00\x00\x00\xf7\
\xa1\xc4\x06\x00\x00\xb0\x5e\x2d\x97\xd8\x92\x9e\x05\x27\x00\x00\
\xcb\xb5\x64\xbc\xa6\xdc\x0c\x00\x00\xc0\x3d\x28\xb1\x01\x00\x00\
\xac\x57\xd3\x32\xce\x25\x36\x00\x80\xf3\xa3\xc4\x06\x00\x00\xc0\
\x49\x28\xb1\x01\x00\x00\xac\x57\xd3\xb3\x48\x2d\x0b\x4e\x00\x00\
\x96\x6b\xf9\x50\x41\x89\x0d\x00\x00\xa0\x9c\x12\x1b\x00\x00\xc0\
\x7a\x35\x2d\xe3\x94\xd8\x00\x00\xce\xc9\x34\x7f\x30\xc9\x87\x46\
\x8f\xb1\x50\xd3\xc7\x1f\x00\x00\x00\xdc\x83\x12\x1b\x00\x00\xc0\
\x7a\x29\xb1\x01\x00\x30\x4a\x53\xbe\x6b\xca\xcd\x00\x00\x00\xdc\
\x83\x12\x1b\x00\x00\xc0\x5a\xed\x77\xaf\x25\x79\x79\xf4\x18\x0b\
\xb5\x3c\x35\x05\x00\xc0\x32\x4a\x6c\x00\x00\x00\x9c\x8c\x12\x1b\
\x00\x00\xc0\xba\xb5\x3c\x8d\xd4\xb4\xe4\x04\x00\xe0\xe1\x9a\x3e\
\x52\x50\x62\x03\x00\x00\x28\xa7\xc4\x06\x00\x00\xb0\x6e\x2d\x0b\
\x39\x25\x36\x00\x80\xf3\xd2\x94\xef\x5a\x3e\xfc\x00\x00\x00\xe0\
\x3e\x94\xd8\x00\x00\x00\xd6\x4d\x89\x0d\x00\x80\x11\x9a\xf2\x5d\
\x4b\x66\x06\x00\x00\xe0\x3e\x94\xd8\x00\x00\x00\xd6\xad\x65\x21\
\xd7\xf4\xdc\x14\x00\x00\x0f\xd7\x52\x62\xbb\x93\xe4\xf6\xe8\x21\
\x00\x00\x00\xb8\x1a\x25\x36\x00\x00\x80\x75\x6b\x79\x1a\xe9\x89\
\x4c\xf3\x07\x46\x0f\x01\x00\xc0\xb5\x69\xf9\x48\xe1\xf9\xec\x77\
\x77\x46\x0f\x01\x00\x00\xc0\xd5\x28\xb1\x01\x00\x00\xac\x5b\xcb\
\x25\xb6\xa4\xe7\x5a\x07\x00\x00\x0f\xd7\x92\xed\x5a\x3e\xfa\x00\
\x00\x00\xe0\x01\x94\xd8\x00\x00\x00\xd6\x4d\x89\x0d\x00\x80\x11\
\x5a\xb2\x5d\x53\x5e\x06\x00\x00\xe0\x3e\x94\xd8\x00\x00\x00\xd6\
\xad\x69\x29\xd7\xf2\xe4\x14\x00\x00\x0f\xd7\x92\xed\x9a\xf2\x32\
\x00\x00\x00\xf7\xa1\xc4\x06\x00\x00\xb0\x6e\x4d\xcf\x23\xb5\x5c\
\xeb\x00\x00\xe0\xe1\x5a\x4a\x6c\x4d\x79\x19\x00\x00\x80\xfb\x50\
\x62\x03\x00\x00\x58\xb7\xa6\xcb\x12\x4a\x6c\x00\x00\xe7\x60\x9a\
\x9f\x4c\xf2\xfe\xd1\x63\x2c\xd4\x94\x97\x01\x00\x00\xb8\x0f\x25\
\x36\x00\x00\x80\x75\xbb\x9d\xe4\xee\xe8\x21\x16\x6a\xb9\xd6\x01\
\x00\xc0\x83\x35\x7d\x9c\xa0\xc4\x06\x00\x00\x70\x06\x94\xd8\x00\
\x00\x00\xd6\x6c\xbf\x7b\x23\xc9\x8b\xa3\xc7\x58\xa8\x69\xd9\x09\
\x00\xc0\xfd\x35\x7d\x9c\xa0\xc4\x06\x00\x00\x70\x06\x94\xd8\x00\
\x00\x00\xd6\xaf\x65\x31\xa7\xc4\x06\x00\x70\x1e\x9a\x72\xdd\xc5\
\xe8\x01\x00\x00\x00\xb8\x3a\x25\x36\x00\x00\x80\xf5\x53\x62\x03\
\x00\xe0\x94\x9a\x72\x5d\x4b\x56\x06\x00\x00\xe0\x01\x94\xd8\x00\
\x00\x00\xd6\xaf\x65\x31\xd7\xf4\xec\x14\x00\x00\xf7\xa7\xc4\x06\
\x00\x00\xc0\x49\x29\xb1\x01\x00\x00\xac\x5f\xcb\x13\x49\x4a\x6c\
\x00\x00\xe7\xa1\x25\xd7\xbd\x9e\xfd\xee\xc5\xd1\x43\x00\x00\x00\
\x70\x75\x4a\x6c\x00\x00\x00\xeb\xd7\x72\x5d\xe2\xf1\x4c\xf3\x13\
\xa3\x87\x00\x00\xe0\xca\x5a\x2e\xb1\xdd\x1e\x3d\x00\x00\x00\x00\
\xd7\x43\x89\x0d\x00\x00\x60\xfd\x5a\x4a\x6c\x49\xcf\xc2\x13\x00\
\x80\xfb\x6b\xc9\x74\x4d\x39\x19\x00\x00\x80\x07\x50\x62\x03\x00\
\x00\x58\xbf\xa6\xe5\x5c\xcb\xd3\x53\x00\x00\xdc\x5f\x4b\xa6\x6b\
\xca\xc9\x00\x00\x00\x3c\x80\x12\x1b\x00\x00\xc0\xfa\x5d\x8c\x1e\
\xe0\x00\x2d\x57\x3b\x00\x00\xb8\xbf\x96\x4c\xd7\x94\x93\x01\x00\
\x00\x78\x00\x25\x36\x00\x00\x80\xf5\x6b\xba\x30\xd1\xb2\xf0\x04\
\x00\xe0\x5e\xa6\xf9\x46\x92\xe7\x46\x8f\xb1\x50\x53\x4e\x06\x00\
\x00\xe0\x01\x94\xd8\x00\x00\x00\xd6\xaf\x69\x39\xa7\xc4\x06\x00\
\xd0\xed\xd9\x24\x8f\x8e\x1e\x62\xa1\xa6\x9c\x0c\x00\x00\xc0\x03\
\x28\xb1\x01\x00\x00\xac\xdf\x0b\x49\xde\x18\x3d\xc4\x42\xb7\x46\
\x0f\x00\x00\xc0\x95\x34\xe5\x39\x25\x36\x00\x00\x80\x33\xa1\xc4\
\x06\x00\x00\xb0\x76\xfb\xdd\xdd\x24\xcf\x8f\x1e\x63\x21\x97\xd8\
\x00\x00\xba\x35\xe5\xb9\x8b\xd1\x03\x00\x00\x00\x70\x3d\x94\xd8\
\x00\x00\x00\x3a\xb4\x5c\x99\x68\x5a\x7a\x02\x00\xf0\xf9\x9a\xf2\
\x5c\x4b\x46\x06\x00\x00\xe0\x21\x94\xd8\x00\x00\x00\x3a\xb4\x2c\
\xe8\x9a\x9e\x9f\x02\x00\xe0\xf3\x29\xb1\x01\x00\x00\x70\x72\x4a\
\x6c\x00\x00\x00\x1d\x5a\x9e\x4a\x6a\x5a\x7a\x02\x00\xf0\xf9\x9a\
\x3e\x4a\x50\x62\x03\x00\x00\x38\x13\x4a\x6c\x00\x00\x00\x1d\x5a\
\x16\x74\xcf\x65\x9a\x6f\x8c\x1e\x02\x00\x80\x4b\x6b\xf9\x28\xe1\
\x33\xd9\xef\x5e\x19\x3d\x04\x00\x00\x00\xd7\x43\x89\x0d\x00\x00\
\xa0\x43\x4b\x89\xed\x7d\x49\x9e\x1e\x3d\x04\x00\x00\x97\xd6\x52\
\x62\x6b\xb9\x54\x0c\x00\x00\xc0\x02\x4a\x6c\x00\x00\x00\x1d\x5a\
\x4a\x6c\x49\xd7\x13\x54\x00\x00\x7c\xae\x96\x12\x5b\x53\x3e\x06\
\x00\x00\xe0\x21\x94\xd8\x00\x00\x00\x3a\x34\x5d\x9a\x68\x59\x7c\
\x02\x00\xf0\xf9\x5a\x3e\x48\x50\x62\x03\x00\x00\x38\x23\x4a\x6c\
\x00\x00\x00\x1d\x9a\x96\x74\x4a\x6c\x00\x00\xbd\x5a\xb2\x5c\xd3\
\x47\x1e\x00\x00\x00\x3c\x84\x12\x1b\x00\x00\x40\x07\x25\x36\x00\
\x00\x8e\x6b\x9a\x1f\x4b\xf2\xf4\xe8\x31\x16\x6a\xca\xc7\x00\x00\
\x00\x3c\x84\x12\x1b\x00\x00\x40\x87\xa6\x25\x5d\xcb\x13\x54\x00\
\x00\x7c\xae\xe7\x92\xdc\x18\x3d\xc4\x42\x4d\xf9\x18\x00\x00\x80\
\x87\x50\x62\x03\x00\x00\x68\xb0\xdf\xbd\x9c\xe4\xb5\xd1\x63\x2c\
\xe4\x12\x1b\x00\x40\xa7\xa6\x1c\xe7\x39\x51\x00\x00\x80\x33\xa2\
\xc4\x06\x00\x00\xd0\xa3\x65\x51\xd7\xb4\xfc\x04\x00\xe0\x1d\x4d\
\x39\xce\x25\x36\x00\x00\x80\x33\xa2\xc4\x06\x00\x00\xd0\xa3\x65\
\x51\xd7\xb4\xfc\x04\x00\xe0\x1d\x4d\x39\xae\x25\x1b\x03\x00\x00\
\xb0\x80\x12\x1b\x00\x00\x40\x8f\x96\x45\xdd\xad\xd1\x03\x00\x00\
\x70\x29\x4d\x39\xae\x25\x1b\x03\x00\x00\xb0\x80\x12\x1b\x00\x00\
\x40\x0f\xcf\x89\x02\x00\x70\x4c\x4d\x39\xae\x25\x1b\x03\x00\x00\
\xb0\x80\x12\x1b\x00\x00\x40\x8f\x96\x6b\x13\xcf\x64\x9a\x1f\x1d\
\x3d\x04\x00\x00\x07\x6b\x29\xb1\xfd\x9f\xec\x77\x9f\x1d\x3d\x04\
\x00\x00\x00\xd7\x47\x89\x0d\x00\x00\xa0\x47\x4b\x89\xed\x91\x24\
\xcf\x8e\x1e\x02\x00\x80\x83\xb5\x94\xd8\x5a\x72\x31\x00\x00\x00\
\x0b\x29\xb1\x01\x00\x00\xf4\x68\x7a\x32\xa9\x65\x01\x0a\x00\xc0\
\x3b\x6e\x8d\x1e\x60\x21\x25\x36\x00\x00\x80\x33\xa3\xc4\x06\x00\
\x00\xd0\xa3\x69\x59\xa7\xc4\x06\x00\xd0\xa7\x25\xc3\x35\x7d\xdc\
\x01\x00\x00\xc0\x02\x4a\x6c\x00\x00\x00\x3d\x94\xd8\x00\x00\x38\
\xa6\x96\x0c\xd7\x94\x8b\x01\x00\x00\x58\x40\x89\x0d\x00\x00\xa0\
\x47\xd3\xb2\xae\xe5\x29\x2a\x00\x00\x92\x64\x9a\xdf\x9f\xe4\x89\
\xd1\x63\x2c\xd4\x94\x8b\x01\x00\x00\x58\x40\x89\x0d\x00\x00\xa0\
\x47\xd3\xb3\x49\x2d\x57\x3c\x00\x00\x78\x4b\x53\x7e\x6b\xca\xc5\
\x00\x00\x00\x2c\xa0\xc4\x06\x00\x00\xd0\x62\xbf\x7b\x35\xc9\xa7\
\x47\x8f\xb1\x50\xd3\x12\x14\x00\x80\xae\xfc\xe6\x12\x1b\x00\x00\
\xc0\x99\x51\x62\x03\x00\x00\xe8\xd2\xb2\xb0\x6b\x5a\x82\x02\x00\
\xd0\x95\xdf\x5a\x32\x31\x00\x00\x00\x0b\x29\xb1\x01\x00\x00\x74\
\x69\x59\xd8\xdd\x1a\x3d\x00\x00\x00\x07\x69\xca\x6f\x2d\x99\x18\
\x00\x00\x80\x85\x94\xd8\x00\x00\x00\xba\x5c\x8c\x1e\x60\xa1\xa6\
\x4b\x1e\x00\x00\x74\xe5\xb7\x96\x4c\x0c\x00\x00\xc0\x42\x4a\x6c\
\x00\x00\x00\x5d\x5a\xae\x4e\x34\x2d\x41\x01\x00\xe8\xc9\x6f\x77\
\xa3\xc4\x06\x00\x00\x70\x76\x94\xd8\x00\x00\x00\xba\xb4\x94\xd8\
\x9e\xcc\x34\xdf\x1c\x3d\x04\x00\x00\x8b\xb5\x94\xd8\x5e\xcc\x7e\
\xf7\xc6\xe8\x21\x00\x00\x00\xb8\x5e\x4a\x6c\x00\x00\x00\x5d\x5a\
\x4a\x6c\x49\x72\x6b\xf4\x00\x00\x00\x2c\xd6\x92\xdd\x9a\xf2\x30\
\x00\x00\x00\x0b\x29\xb1\x01\x00\x00\x74\x69\x7a\x3a\xa9\xe5\x9a\
\x07\x00\x00\x3d\xd9\xad\x29\x0f\x03\x00\x00\xb0\x90\x12\x1b\x00\
\x00\x40\x97\xa6\xcb\x13\x2d\x8b\x50\x00\x00\x7a\xb2\x5b\x53\x1e\
\x06\x00\x00\x60\x21\x25\x36\x00\x00\x80\x2e\x4d\x4b\xbb\x96\x45\
\x28\x00\x00\x9e\x13\x05\x00\x00\x60\x20\x25\x36\x00\x00\x80\x2e\
\x4d\x4b\xbb\x96\x45\x28\x00\xc0\xb6\x4d\xf3\x17\x24\x79\x7c\xf4\
\x18\x0b\x79\x4e\x14\x00\x00\xe0\x0c\x29\xb1\x01\x00\x00\x74\x69\
\x5a\xda\xb9\xc4\x06\x00\xd0\xa1\x29\xb7\x35\x7d\xd4\x01\x00\x00\
\xc0\x42\x4a\x6c\x00\x00\x00\x4d\xf6\xbb\xd7\x93\xbc\x34\x7a\x8c\
\x85\x9a\x96\xa1\x00\x00\x5b\xd6\x94\xdb\x94\xd8\x00\x00\x00\xce\
\x90\x12\x1b\x00\x00\x40\x9f\x96\xc5\x9d\xe7\x44\x01\x00\x3a\x34\
\xe5\xb6\x96\x2c\x0c\x00\x00\xc0\x01\x94\xd8\x00\x00\x00\xfa\xb4\
\x3c\x29\xda\x74\xd1\x03\x00\x60\xcb\x9a\x72\x5b\x4b\x16\x06\x00\
\x00\xe0\x00\x4a\x6c\x00\x00\x00\x7d\x5a\xae\x4f\x34\x2d\x43\x01\
\x00\xb6\xac\x29\xb7\xb5\x64\x61\x00\x00\x00\x0e\xa0\xc4\x06\x00\
\x00\xd0\xa7\x65\x71\xd7\xb4\x0c\x05\x00\xd8\xb2\x96\xdc\xf6\x66\
\x92\xe7\x47\x0f\x01\x00\x00\xc0\xf5\x53\x62\x03\x00\x00\xe8\xd3\
\x52\x62\xfb\x60\xa6\xf9\x83\xa3\x87\x00\x00\xe0\xa1\x6e\x8d\x1e\
\x60\xa1\xdb\xd9\xef\xee\x8e\x1e\x02\x00\x00\x80\xeb\xa7\xc4\x06\
\x00\x00\xd0\xe7\x62\xf4\x00\x07\x68\xb9\xea\x01\x00\xb0\x65\x2d\
\x99\xad\x29\x07\x03\x00\x00\x70\x00\x25\x36\x00\x00\x80\x3e\x2d\
\x97\xd8\x92\x9e\x85\x28\x00\xc0\x96\xb5\x64\xb6\xa6\x1c\x0c\x00\
\x00\xc0\x01\x94\xd8\x00\x00\x00\xfa\x34\x2d\xef\x5a\x16\xa2\x00\
\x00\x5b\xd6\x92\xd9\x9a\x72\x30\x00\x00\x00\x07\x50\x62\x03\x00\
\x00\xe8\xd3\xb4\xbc\xbb\x35\x7a\x00\x00\x00\x1e\xea\xb9\xd1\x03\
\x2c\xd4\x94\x83\x01\x00\x00\x38\x80\x12\x1b\x00\x00\x40\x9f\x8b\
\xd1\x03\x1c\xa0\xe5\xaa\x07\x00\xc0\x36\x4d\xf3\xd3\x49\xde\x37\
\x7a\x8c\x85\x9a\x72\x30\x00\x00\x00\x07\x50\x62\x03\x00\x00\xe8\
\x73\x3b\xc9\x9d\xd1\x43\x2c\xa4\xc4\x06\x00\xb0\x6e\x4d\x79\xcd\
\x25\x36\x00\x00\x80\x33\xa5\xc4\x06\x00\x00\xd0\x66\xbf\xbb\x93\
\xe4\xf9\xd1\x63\x2c\xd4\xb4\x14\x05\x00\xd8\xa2\xa6\xbc\xa6\xc4\
\x06\x00\x00\x70\xa6\x94\xd8\x00\x00\x00\x3a\xb5\x2c\xf0\x6e\x8d\
\x1e\x00\x00\x80\x07\x6a\xca\x6b\x2d\x19\x18\x00\x00\x80\x03\x29\
\xb1\x01\x00\x00\x74\xba\x18\x3d\xc0\x42\x4d\x97\x3d\x00\x00\xb6\
\xa8\x29\xaf\xb5\x64\x60\x00\x00\x00\x0e\xa4\xc4\x06\x00\x00\xd0\
\xa9\xe5\x0a\x45\xd3\x52\x14\x00\x60\x8b\x9a\xf2\x5a\x4b\x06\x06\
\x00\x00\xe0\x40\x4a\x6c\x00\x00\x00\x9d\x5a\x16\x78\x4d\xcf\x53\
\x01\x00\xd7\x65\x9a\xbf\x21\xd3\xfc\xe1\xd1\x63\xb0\x48\x4b\x89\
\xed\xb5\xec\x77\xbf\x39\x7a\x08\x00\x00\x00\x8e\x43\x89\x0d\x00\
\x00\xa0\x53\x4b\x89\xed\x66\xa6\xf9\xc9\xd1\x43\x00\x00\x27\x34\
\xcd\x9f\x48\xf2\x4f\x93\xfc\x82\x22\x5b\x85\x96\x8f\x0e\x3c\x25\
\x0a\x00\x00\x70\xc6\x94\xd8\x00\x00\x00\x3a\x35\x2d\xf1\x5a\xae\
\x7b\x00\x00\x57\x35\xcd\x1f\x4f\xf2\xc3\x6f\xff\xaf\x2f\x89\x22\
\x5b\x83\x96\xac\xd6\x94\x7f\x01\x00\x00\x38\x90\x12\x1b\x00\x00\
\x40\xa7\x96\x4b\x6c\x49\xcf\x62\x14\x00\xb8\x8a\x69\xfe\x63\x49\
\xfe\x79\x3e\xf7\xef\x9d\x15\xd9\xd6\xaf\x25\xab\x35\xe5\x5f\x00\
\x00\x00\x0e\xa4\xc4\x06\x00\x00\xd0\xa9\x69\x89\xd7\xb2\x18\x05\
\x00\x2e\x6b\x9a\x3f\x96\xe4\xc7\x93\x3c\x76\x8f\x7f\xab\xc8\xb6\
\x6e\x2d\x59\xad\x29\xff\x02\x00\x00\x70\x20\x25\x36\x00\x00\x80\
\x4e\x4d\x4b\xbc\x5b\xa3\x07\x00\x00\x8e\x68\x9a\xbf\x22\xc9\x4f\
\x26\x79\xff\x03\x7e\x95\x22\xdb\x1a\x4d\xf3\x23\x49\x9e\x19\x3d\
\xc6\x42\x4d\xf9\x17\x00\x00\x80\x03\x29\xb1\x01\x00\x00\x74\xba\
\x18\x3d\xc0\x01\x5a\xae\x7b\x00\x00\x87\x9a\xe6\xdf\x9b\xe4\x53\
\x49\x3e\xb4\xe0\x57\x2b\xb2\xad\xcf\x73\xe9\xd9\x13\x34\xe5\x5f\
\x00\x00\x00\x0e\xd4\xf2\x87\x53\x00\x00\x00\xde\x6d\xbf\x7b\x31\
\xc9\xeb\xa3\xc7\x58\x48\x89\x0d\x00\xce\xd1\x34\x7f\x59\x92\x9f\
\x4d\xf2\xe4\x01\xff\x95\x22\xdb\xba\x34\xe5\x34\x97\xd8\x00\x00\
\x00\xce\x98\x12\x1b\x00\x00\x40\xaf\x96\x6b\x14\x4d\xcb\x51\x00\
\x60\x89\x69\xfe\x6d\x49\x7e\x2e\x6f\x5d\xf2\x3a\x94\x22\xdb\x7a\
\x34\xe5\x34\x25\x36\x00\x00\x80\x33\xa6\xc4\x06\x00\x00\xd0\xab\
\x65\x91\x77\x6b\xf4\x00\x00\xc0\x35\x9a\xe6\xdf\x92\xe4\xe7\x93\
\x5c\xa5\x84\xa6\xc8\xb6\x0e\x4d\x39\xad\x25\xfb\x02\x00\x00\x70\
\x09\x4a\x6c\x00\x00\x00\xbd\x5c\x62\x03\x00\x4e\x6b\x9a\x9f\x4a\
\xf2\x33\x49\x7e\xeb\x35\xfc\x34\x45\xb6\xf1\x9a\x72\x5a\x4b\xf6\
\x05\x00\x00\xe0\x12\x94\xd8\x00\x00\x00\x7a\xb5\x5c\xa3\x68\x5a\
\x8e\x02\x00\xf7\x33\xcd\x37\x93\xfc\x78\x92\x2f\xbd\xc6\x9f\xaa\
\xc8\x36\x56\x53\x4e\x6b\xc9\xbe\x00\x00\x00\x5c\x82\x12\x1b\x00\
\x00\x40\xaf\x96\x45\xde\xb3\x99\x66\x7f\xfe\x04\x80\x66\xd3\x7c\
\x23\xc9\x0f\x24\xf9\xd8\x11\x7e\xba\x22\xdb\x38\x2d\x25\xb6\x4f\
\x67\xbf\x7b\x75\xf4\x10\x00\x00\x00\x1c\x8f\x25\x02\x00\x00\x40\
\xaf\x96\x12\xdb\xa3\x49\x9e\x19\x3d\x04\x00\x70\x25\x7f\x3d\xc9\
\x37\x1d\xf1\xe7\x7f\x49\x92\x5f\x54\x64\x3b\xb9\x5b\xa3\x07\x58\
\xa8\x25\xf7\x02\x00\x00\x70\x49\x4a\x6c\x00\x00\x00\xbd\x2e\x46\
\x0f\x70\x80\x96\x2b\x1f\x00\xc0\x7b\x4d\xf3\x37\x24\xf9\x8e\x13\
\xfc\x4e\x1f\x8d\x22\xdb\xa9\xb5\x64\xb4\xa6\xdc\x0b\x00\x00\xc0\
\x25\x28\xb1\x01\x00\x00\xf4\x6a\xba\x48\xd1\xb2\x20\x05\x00\xde\
\x6d\x9a\xff\x70\x92\x1f\x3e\xe1\xef\xa8\xc8\x76\x5a\x2d\x19\xad\
\x29\xf7\x02\x00\x00\x70\x09\x4a\x6c\x00\x00\x00\xbd\x9a\x96\x79\
\x2d\x0b\x52\x00\xe0\xff\x9b\xe6\x8f\x26\xf9\x97\x49\x6e\x9e\xf8\
\x77\x56\x64\x3b\x9d\x96\x8c\xd6\x94\x7b\x01\x00\x00\xb8\x04\x25\
\x36\x00\x00\x80\x5e\x4d\xcb\xbc\x5b\xa3\x07\x00\x00\x0e\x30\xcd\
\xb7\x92\xfc\x74\x92\xa7\x07\x4d\xa0\xc8\x76\x6c\xd3\x7c\x33\xc9\
\x93\xa3\xc7\x58\xa8\x29\xf7\x02\x00\x00\x70\x09\x4a\x6c\x00\x00\
\x00\xbd\x2e\x46\x0f\x70\x80\x96\x2b\x1f\x00\xc0\x34\x3f\x9e\xe4\
\x27\x92\x7c\xf1\xe0\x49\x14\xd9\x8e\xab\xe9\x23\x83\xa6\xdc\x0b\
\x00\x00\xc0\x25\x28\xb1\x01\x00\x00\xb4\xda\xef\x5e\x49\xf2\xea\
\xe8\x31\x16\x52\x62\x03\x80\x06\xd3\xfc\x48\x92\x7f\x9c\xe4\x2b\
\x46\x8f\xf2\x36\x45\xb6\xe3\x69\xca\x67\x2e\xb1\x01\x00\x00\x9c\
\x39\x25\x36\x00\x00\x80\x6e\x2d\x57\x29\x9a\x96\xa4\x00\xb0\x65\
\xdf\x9e\xe4\xe3\xa3\x87\x78\x0f\x45\xb6\xe3\x68\xca\x67\x4a\x6c\
\x00\x00\x00\x67\x4e\x89\x0d\x00\x00\xa0\x5b\xcb\x42\xaf\xe9\xb9\
\x2a\x00\xd8\xa6\x69\xfe\xda\x24\x7f\x73\xf4\x18\xf7\xa1\xc8\x76\
\xfd\x9a\xf2\x59\x4b\xe6\x05\x00\x00\xe0\x92\x94\xd8\x00\x00\x00\
\xba\xb9\xc4\x06\x00\x5c\xdd\x34\x7f\x71\x92\x7f\x96\xe4\xc6\xe8\
\x51\x1e\x40\x91\xed\x7a\x35\xe5\xb3\x96\xcc\x0b\x00\x00\xc0\x25\
\x29\xb1\x01\x00\x00\x74\x6b\xb9\x4a\xd1\xb4\x24\x05\x80\x6d\x99\
\xe6\xc7\x93\xfc\x78\x92\xa7\x46\x8f\xb2\x80\x22\xdb\xf5\x69\xca\
\x67\x2d\x99\x17\x00\x00\x80\x4b\x52\x62\x03\x00\x00\xe8\xd6\xb2\
\xd0\x7b\x2a\xd3\xfc\xd8\xe8\x21\x00\x80\xf7\x98\xe6\x1b\x49\xbe\
\x2f\xc9\xef\x19\x3d\xca\x01\x14\xd9\xae\x47\xcb\x73\xa2\x2f\x65\
\xbf\x7b\x7d\xf4\x10\x00\x00\x00\x1c\x97\x12\x1b\x00\x00\x40\xb7\
\x96\xa7\x95\x6e\xa4\x67\x51\x0a\x00\x5b\xf2\x17\x92\x7c\x62\xf4\
\x10\x97\xa0\xc8\x76\x75\x2d\x97\xd8\x5a\xf2\x2e\x00\x00\x00\x57\
\xe0\x2b\x78\x00\x00\x80\x6e\x3f\x9d\xe4\xb5\xd1\x43\x2c\xf4\xd9\
\xd1\x03\x00\x00\xef\x32\xcd\x7f\x30\xc9\xdf\x1f\x3d\xc6\x15\x7c\
\x34\xc9\x4f\x66\x9a\xff\x40\xf6\xbb\xbb\xa3\x87\x29\xf4\x23\x49\
\x7e\x76\xf4\x10\x0b\xfc\xef\xd1\x03\x00\x00\x00\x70\x7c\x37\x46\
\x0f\x00\x00\x00\x00\x00\xc0\x89\x4d\xf3\xad\x24\xbf\x9c\xe4\x23\
\xa3\x47\xb9\x82\xcf\x26\xf9\xa3\xd9\xef\xfe\xed\xe8\x41\x00\x00\
\x00\x80\xab\xf1\x9c\x28\x00\x00\x00\x00\xc0\x96\x4c\xf3\x63\x49\
\x7e\x2c\xdd\x05\xb6\xd7\x93\x7c\xbd\x02\x1b\x00\x00\x00\x9c\x07\
\x25\x36\x00\x00\x00\x00\x80\x6d\xf9\xce\x24\x1f\x1b\x3d\xc4\x15\
\xdc\x49\xf2\xa7\xb2\xdf\x7d\x6a\xf4\x20\x00\x00\x00\xc0\xf5\xf0\
\x9c\x28\x00\x00\x00\x00\xc0\x56\x4c\xf3\xd7\x25\xf9\x89\xd1\x63\
\x5c\xd1\x27\xb2\xdf\xfd\xe8\xe8\x21\x00\x00\x00\x80\xeb\xa3\xc4\
\x06\x00\x00\x00\x00\xb0\x05\xd3\xfc\xe1\x24\xbf\x9a\xe4\xd9\xd1\
\xa3\x5c\xc1\x5f\xca\x7e\xf7\x7d\xa3\x87\x00\x00\x00\x00\xae\x97\
\xe7\x44\x01\x00\x00\x00\x00\xce\xdd\x34\x3f\x92\xe4\x47\xd2\x5d\
\x60\xfb\x56\x05\x36\x00\x00\x00\x38\x4f\x4a\x6c\x00\x00\x00\x00\
\x00\xe7\xef\x2f\x27\xf9\x9a\xd1\x43\x5c\xc1\x77\x64\xbf\xfb\xde\
\xd1\x43\x00\x00\x00\x00\xc7\xa1\xc4\x06\x00\x00\x00\x00\x70\xce\
\xa6\xf9\x77\x26\xf9\x9e\xd1\x63\x5c\xc1\xdf\x4b\xf2\xc9\xd1\x43\
\x00\x00\x00\x00\xc7\x73\x63\xf4\x00\x00\x00\x00\x00\x00\x1c\xc9\
\x34\xbf\x3f\xc9\x2f\x25\xf9\xdd\xa3\x47\xb9\xa4\x1f\x4d\xf2\x4d\
\xd9\xef\xee\x8e\x1e\x04\x00\x00\x00\x38\x1e\x97\xd8\x00\x00\x00\
\x00\x00\xce\xd7\x77\xa5\xb7\xc0\xf6\x6f\x92\xfc\x79\x05\x36\x00\
\x00\x00\x38\x7f\x2e\xb1\x01\x00\x00\x00\x00\x9c\xa3\x69\xfe\x58\
\x92\x9f\x4b\xe7\xdf\x03\xff\xb7\x24\x5f\x99\xfd\xee\x85\xd1\x83\
\x00\x00\x00\x00\xc7\xd7\xf8\x97\x17\x00\x00\x00\x00\x00\x3c\xc8\
\x34\x3f\x93\xe4\x3f\x27\xf9\xa2\xd1\xa3\x5c\xc2\xed\x24\x5f\x9e\
\xfd\xee\x7f\x8c\x1e\x04\x00\x00\x00\x38\x0d\xcf\x89\x02\x00\x00\
\x00\x00\x9c\x93\x69\xbe\x91\xe4\xfb\xd3\x59\x60\x7b\x2d\xc9\x9f\
\x50\x60\x03\x00\x00\x80\x6d\x51\x62\x03\x00\x00\x00\x00\x38\x2f\
\xdf\x98\xe4\xe3\xa3\x87\xb8\xa4\x4f\x64\xbf\xfb\xf7\xa3\x87\x00\
\x00\x00\x00\x4e\xcb\x73\xa2\x00\x00\x00\x00\x00\xe7\x62\x9a\x3f\
\x92\xe4\xbf\x26\x79\x62\xf4\x28\x97\xf0\xd7\xb2\xdf\xfd\xed\xd1\
\x43\x00\x00\x00\x00\xa7\xe7\x12\x1b\x00\x00\x00\x00\xc0\x39\x78\
\xeb\x19\xd1\x7f\x98\xce\x02\xdb\x8f\x24\xd9\x8d\x1e\x02\x00\x00\
\x00\x18\x43\x89\x0d\x00\x00\x00\x00\xe0\x3c\x7c\x7d\x92\xaf\x1b\
\x3d\xc4\x25\xfc\x42\x92\x6f\xc9\x7e\x77\x77\xf4\x20\x00\x00\x00\
\xc0\x18\x9e\x13\x05\x00\x00\x00\x00\x68\x37\xcd\x4f\xe5\xad\x67\
\x44\x3f\x3c\x7a\x94\x03\xfd\x7a\x92\xdf\x9f\xfd\xee\xc5\xd1\x83\
\x00\x00\x00\x00\xe3\xb8\xc4\x06\x00\x00\x00\x00\xd0\xef\xef\xa4\
\xaf\xc0\xf6\x5a\x92\x3f\xa9\xc0\x06\x00\x00\x00\xb8\xc4\x06\x00\
\x00\x00\x00\xd0\x6c\x9a\xbf\x2a\xc9\xbf\x1b\x3d\xc6\x25\xfc\xb9\
\xec\x77\x3f\x3c\x7a\x08\x00\x00\x00\x60\x3c\x25\x36\x00\x00\x00\
\x00\x80\x56\xd3\xfc\xfe\x24\xbf\x92\xe4\x4b\x47\x8f\x72\xa0\x1f\
\xca\x7e\xf7\xcd\xa3\x87\x00\x00\x00\x00\xd6\xc1\x73\xa2\x00\x00\
\x00\x00\x00\xbd\xbe\x2d\x7d\x05\xb6\x5f\x49\xf2\x57\x46\x0f\x01\
\x00\x00\x00\xac\x87\x4b\x6c\x00\x00\x00\x00\x00\x8d\xa6\xf9\x4b\
\x93\xfc\xc7\x24\x37\x47\x8f\x72\x80\x97\x92\xfc\xbe\xec\x77\xbf\
\x3e\x7a\x10\x00\x00\x00\x60\x3d\x5c\x62\x03\x00\x00\x00\x00\x68\
\x33\xcd\x8f\x24\xf9\xc1\x74\x15\xd8\x92\xe4\xcf\x28\xb0\x01\x00\
\x00\x00\xef\xa5\xc4\x06\x00\x00\x00\x00\xd0\xe7\x9b\x93\x7c\xd5\
\xe8\x21\x0e\xf4\x5d\xd9\xef\x7e\x6a\xf4\x10\x00\x00\x00\xc0\xfa\
\x28\xb1\x01\x00\x00\x00\x00\x34\x99\xe6\x2f\x4c\xf2\x3d\xa3\xc7\
\x38\xd0\xcf\x25\xf9\xe4\xe8\x21\x00\x00\x00\x80\x75\x52\x62\x03\
\x00\x00\x00\x00\xe8\xf2\xb7\x92\x3c\x39\x7a\x88\x03\xfc\xaf\x24\
\x7f\x3a\xfb\xdd\x9b\xa3\x07\x01\x00\x00\x00\xd6\xe9\xc6\xe8\x01\
\x00\x00\x00\x00\x00\x58\x68\x9a\x7f\x57\x92\xff\x94\xae\x0f\x94\
\xbf\x36\xfb\xdd\xa7\x46\x0f\x01\x00\x00\x00\xac\xd7\x63\xa3\x07\
\x00\x00\x00\x00\x00\x60\x81\x69\xbe\x91\xe4\xef\xa6\xab\xc0\xf6\
\x8f\xce\xaa\xc0\xf6\xd6\xff\x07\x7f\x35\xc9\x3f\xc9\x7e\xf7\x1b\
\xa3\xc7\x01\x00\x00\x80\x73\xd1\xf4\x97\x1d\x00\x00\x00\x00\x00\
\x5b\xf6\xb5\x49\xfe\xc8\xe8\x21\x0e\xf0\xdf\x93\x7c\xeb\xe8\x21\
\xae\xd9\xb7\x25\xd9\x25\xf9\xc5\x4c\xf3\x17\x8d\x1e\x06\x00\x00\
\x00\xce\x85\xe7\x44\x01\x00\x00\x00\x00\xd6\x6e\x9a\xdf\x97\xe4\
\x57\x93\x7c\x74\xf4\x28\x0b\xbd\x99\xe4\x2b\xb3\xdf\xfd\xd2\xe8\
\x41\xae\xcd\x34\xff\xd9\x24\x3f\xf4\xae\x7f\xf2\x6b\x49\xbe\xda\
\x45\x36\x00\x00\x00\xb8\x3a\x97\xd8\x00\x00\x00\x00\x00\xd6\xef\
\x5b\xd2\x53\x60\x4b\x92\xef\x3c\xb3\x02\xdb\x1f\x4f\xf2\x83\xef\
\xf9\xa7\xbf\x3d\x2e\xb2\x01\x00\x00\xc0\xb5\x50\x62\x03\x00\x00\
\x00\x00\x58\xb3\x69\x7e\x3a\xc9\x27\x47\x8f\x71\x80\x5f\x4a\xf2\
\xdd\xa3\x87\xb8\x36\xd3\xfc\x95\x49\xfe\x45\x92\x47\xef\xf1\x6f\
\x15\xd9\x00\x00\x00\xe0\x1a\x28\xb1\x01\x00\x00\x00\x00\xac\xdb\
\xdf\x48\xf2\xcc\xe8\x21\x16\x7a\x35\xc9\x37\x66\xbf\x7b\x63\xf4\
\x20\xd7\x62\x9a\xbf\x2c\xc9\xbf\x4a\xf2\xf8\x03\x7e\x95\x22\x1b\
\x00\x00\x00\x5c\xd1\x8d\xd1\x03\x00\x00\x00\x00\x00\x70\x1f\xd3\
\xfc\x3b\x92\xfc\x97\x24\x8f\x8d\x1e\x65\xa1\xbf\x98\xfd\xee\xfb\
\x47\x0f\x71\x2d\xa6\xf9\x23\x49\xfe\x43\x92\x8f\x2c\xfc\x2f\x7e\
\x2d\xc9\x57\x67\xbf\xfb\x8d\xe3\x0d\x05\x00\x00\x00\xe7\xc9\x25\
\x36\x00\x00\x00\x00\x80\xf5\xfa\xde\xf4\x14\xd8\x3e\x95\xe4\x07\
\x46\x0f\x71\x2d\xa6\xf9\x99\x24\x3f\x93\xe5\x05\xb6\xc4\x45\x36\
\x00\x00\x00\xb8\x34\x97\xd8\x00\x00\x00\x00\x00\xd6\x68\x9a\x3f\
\x96\xe4\xe7\x47\x8f\xb1\xd0\x2b\x49\xbe\x2c\xfb\xdd\xff\x1c\x3d\
\xc8\x95\x4d\xf3\xe3\x49\xfe\x75\x92\x3f\x74\xc9\x9f\xe0\x22\x1b\
\x00\x00\x00\x1c\xc8\x25\x36\x00\x00\x00\x00\x80\xb5\x99\xe6\x1b\
\x49\xbe\x7b\xf4\x18\x07\xf8\xf6\x33\x29\xb0\x3d\x96\xe4\xc7\x72\
\xf9\x02\x5b\xe2\x22\x1b\x00\x00\x00\x1c\x4c\x89\x0d\x00\x00\x00\
\x00\x60\x7d\xbe\x26\xc9\x97\x8f\x1e\x62\xa1\x5f\x4e\xf2\x0f\x46\
\x0f\x71\x65\x6f\x15\x07\xbf\x2f\xc9\xd7\x5d\xc3\x4f\x53\x64\x03\
\x00\x00\xfe\x1f\x7b\xf7\x1d\x2f\x47\x5d\xef\x7f\xfc\x75\x52\x49\
\x80\xd0\x05\x84\x40\xe8\x3d\xb4\xa1\x4c\xa4\x49\x90\x11\x41\x3a\
\x48\xc9\xda\xf5\x5e\xbc\x17\xb1\x5f\x47\x7f\x2a\x8a\x3a\x96\xab\
\xdc\x6b\xb9\xd7\xde\x46\x9a\x20\xb6\x2b\xb2\x4a\x17\x58\xca\x10\
\x40\x50\x2c\x74\xb0\x04\x10\x50\x7a\x08\xc9\xef\x8f\xd9\xa3\x21\
\x9c\xed\xb3\xfb\xf9\xcc\xee\xfb\xf9\x78\x9c\x47\x28\xc9\xce\x3b\
\x27\x39\x65\xbf\xfb\x9e\xcf\x47\x44\x3a\xa0\x12\x9b\x88\x88\x88\
\x88\x88\x88\x88\x88\x88\x88\x27\x79\x99\xea\xc3\xd6\x31\xda\xb4\
\x14\x78\x33\x59\xb2\xc4\x3a\x48\x01\x3e\x02\xbc\xb1\xc0\xc7\x53\
\x91\x4d\x44\x44\x44\x44\x44\x44\xa4\x4d\x2a\xb1\x89\x88\x88\x88\
\x88\x88\x88\x88\x88\x88\xf8\xf2\x0a\x60\x77\xeb\x10\x6d\xfa\x3c\
\x59\x72\x83\x75\x88\x9e\x05\xf1\x5b\x80\xff\xd7\x87\x47\x56\x91\
\x4d\x44\x44\x44\x44\x44\x44\xa4\x0d\x2a\xb1\x89\x88\x88\x88\x88\
\x88\x88\x88\x88\x88\x78\x91\x4f\x61\x3b\xd5\x3a\x46\x9b\xfe\x08\
\x7c\xc0\x3a\x44\xcf\x82\xf8\x68\xfa\xbb\x0e\x55\x45\x36\x11\x11\
\x11\x11\x11\x11\x91\x16\x54\x62\x13\x11\x11\x11\x11\x11\x11\x11\
\x11\x11\xf1\xe3\x10\x20\xb0\x0e\xd1\xa6\x93\xc9\x92\xc7\xac\x43\
\xf4\x24\x88\xf7\x01\xce\x00\xc6\xfa\x7c\x25\x15\xd9\x44\x44\x44\
\x44\x44\x44\x44\x9a\x50\x89\x4d\x44\x44\x44\x44\x44\x44\x44\x44\
\x44\xc4\x83\x72\x4d\x61\xfb\x31\xf0\x43\xeb\x10\x3d\x09\xe2\x75\
\x81\x73\x80\x69\x03\xba\xa2\x8a\x6c\x22\x22\x22\x22\x22\x22\x22\
\x0d\xa8\xc4\x26\x22\x22\x22\x22\x22\x22\x22\x22\x22\xe2\xc3\xa1\
\xc0\x2e\xd6\x21\xda\xf0\x04\xf9\x14\xb6\x65\xd6\x41\xba\x16\xc4\
\x93\x80\x6f\x03\xeb\x0d\xf8\xca\x2a\xb2\x89\x88\x88\x88\x88\x88\
\x88\x4c\x60\x8a\x75\x00\x11\x11\x11\x11\x11\x11\x11\x11\x11\x91\
\x91\x57\xae\x29\x6c\xa7\x92\x25\xf7\x5a\x87\xe8\xd1\x3b\x81\xc8\
\xe8\xda\xe3\x45\xb6\x97\x92\x25\x7f\x34\xca\x20\xed\xca\x3f\x36\
\xd7\x01\xd6\x07\x66\x4e\xf0\x36\x63\xb9\x7f\x5e\x09\x78\x1a\x78\
\x9c\xbc\xec\xd9\xec\xc7\x47\xc9\x92\xc5\x83\xfc\xad\x88\x88\x88\
\x88\x88\x88\x78\x36\x66\x1d\x40\x44\x44\x44\x44\x44\x44\x44\x44\
\x44\x64\xe4\x05\xf1\x11\xc0\xf9\xd6\x31\xda\x70\x07\xb0\x6d\xa9\
\xcb\x37\x41\xbc\x07\x70\x25\xf6\x37\x79\xff\x01\x50\x91\xcd\x5a\
\x10\x4f\x01\x36\x05\x36\x6a\xf0\x36\x9b\xbc\x9c\x56\xb4\x65\xc0\
\xfd\xe4\x1f\x53\x77\x00\x77\x3e\xef\x9f\xb3\xe4\xe1\x3e\x5c\x53\
\x44\x44\x44\x44\x44\xc4\x2d\x95\xd8\x44\x44\x44\x44\x44\x44\x44\
\x44\x44\x44\x2c\xe5\xab\x2d\x6f\x04\xe6\x5a\x47\x69\xc3\xd1\x64\
\xc9\xf7\xad\x43\x74\x2d\x88\x57\x27\x7f\x5f\xcf\x31\x4e\x32\x4e\
\x45\xb6\x41\x0a\xe2\x69\xc0\x76\xe4\x6b\x7b\x77\xad\xff\xb8\x23\
\xfd\x29\xa9\xf5\xea\x51\xf2\x42\xdb\xed\xc0\xf5\xc0\x55\xc0\x8d\
\x64\xc9\x33\xa6\xa9\x44\x44\x44\x44\x44\x44\xfa\x44\x25\x36\x11\
\x11\x11\x11\x11\x11\x11\x11\x11\x11\x4b\x41\x7c\x38\xf0\x03\xeb\
\x18\x6d\xb8\x0a\xd8\x9b\x2c\x59\x66\x1d\xa4\x2b\xf9\x5a\xc8\x73\
\x80\x63\xac\xa3\xac\x40\x45\xb6\x7e\x09\xe2\xcd\x81\xfd\x81\x80\
\xbc\xb0\xb6\x03\x30\xcd\x34\x53\x6f\x9e\x01\x32\xf2\x8f\xc5\xab\
\x81\xab\xc9\x92\x07\x6d\x23\x89\x88\x88\x88\x88\x88\x14\x43\x25\
\x36\x11\x11\x11\x11\x11\x11\x11\x11\x11\x11\x4b\x41\xfc\x4b\x60\
\x2f\xeb\x18\x6d\xd8\x93\x2c\xb9\xd6\x3a\x44\xd7\x82\xf8\x4d\xc0\
\x57\xac\x63\x34\xa0\x22\x5b\x11\x82\x78\x55\xf2\xd2\x5a\x54\x7f\
\xdb\xd4\x36\xd0\x40\xfc\x81\xbc\xd0\x76\x15\x70\x81\xfe\x0e\x89\
\x88\x88\x88\x88\x48\x59\xa9\xc4\x26\x22\x22\x22\x22\x22\x22\x22\
\x22\x22\x62\x25\x88\x77\x03\xae\xb3\x8e\xd1\x86\xb3\xc9\x92\xe3\
\xad\x43\x74\x2d\x88\xb7\x23\x9f\x60\xe5\x71\x6d\xe4\x38\x15\xd9\
\x3a\x95\xaf\xe2\xdd\x99\x7f\x96\xd6\xe6\x01\x53\x4c\x33\xd9\xbb\
\x06\x38\x1f\xf8\x3e\x59\x72\xa7\x75\x18\x11\x11\x11\x11\x11\x91\
\x76\xa9\xc4\x26\x22\x22\x22\x22\x22\x22\x22\x22\x22\x62\x25\x88\
\xcf\x04\xbc\x97\xc3\x16\x03\x5b\x91\x25\x77\x1b\xe7\xe8\x4e\x10\
\xcf\x24\x2f\x0a\x6e\x67\x1d\xa5\x0d\x2a\xb2\xb5\x23\x88\xe7\x02\
\x0b\x80\x13\x80\x0d\x8c\xd3\x78\x76\x13\xf0\x7d\xe0\x7c\xb2\xe4\
\x37\xd6\x61\x44\x44\x44\x44\x44\x44\x9a\xe9\xb9\xc4\x16\xa6\xd1\
\xf9\xc0\x5a\x05\x64\xe9\x87\xaf\xd6\x2a\xd5\xef\x5a\x87\x18\x35\
\x61\x1a\x8d\x01\x5b\x01\x1b\x02\x6b\x93\xff\xfd\x18\xff\xf1\x59\
\xe0\x21\xe0\xaf\xf5\x1f\x1f\x02\x7e\x5b\xab\x54\x1f\xb0\x49\x3b\
\xba\xc2\x34\x9a\x09\x5c\x80\xdf\x56\xde\x05\x77\x00\x00\x20\x00\
\x49\x44\x41\x54\x32\xeb\x1b\x6a\x95\xea\xed\xd6\x21\x64\xb4\x84\
\x69\xb4\x1a\xb0\x3b\xb0\x3d\xb0\x26\xb0\x46\xfd\xc7\x35\x81\x49\
\xc0\xc3\x2b\xbc\xfd\x1a\xb8\xae\x56\xa9\x3e\x62\x12\x58\x44\x3a\
\x12\xa6\xd1\x24\x60\x7d\x60\xf3\xfa\xdb\x7a\xc0\x2a\xc0\xca\x13\
\xfc\xe8\xf5\xeb\xe3\xb0\x78\x5f\xad\x52\xbd\xca\x3a\x84\xb4\x27\
\x4c\xa3\x1f\x01\xab\x5b\xe7\x10\x59\xce\x61\xb5\x4a\xf5\x51\xeb\
\x10\xd2\x1f\xf5\x33\x85\x6d\x80\x8d\xc8\xbf\x56\xaf\x07\xac\x5b\
\xff\xf1\x45\x68\xba\x8e\x17\x9f\xaf\x55\xaa\xe7\x59\x87\x18\x0a\
\x41\x3c\x1b\xb8\x13\xff\x7f\xb7\x3f\x4d\x96\xbc\xc7\x3a\x44\xd7\
\x82\xf8\xcb\xc0\x9b\xad\x63\x74\x40\x45\xb6\x89\x04\xf1\x06\xe4\
\xa5\xb5\x05\xc0\x5c\xe3\x34\x65\xf4\x5b\xf2\x42\xdb\xb9\x64\xc9\
\xcd\xd6\x61\x44\xa4\x0b\x41\xbc\x26\xb0\x07\xf9\xf7\xcb\xe3\xe7\
\xd6\xe3\x67\xd8\xcb\x78\xe1\xf9\xf5\x2d\xc0\xf5\x64\xc9\xdf\x4d\
\xf2\x4a\x79\x05\xf1\x85\xc0\x0c\xeb\x18\x22\xcb\x79\x39\x59\xf2\
\x94\x75\x08\xe9\x93\x7c\xba\xf2\xb6\xc0\x6c\x26\x3e\x0b\x9a\x6c\
\x17\x4e\x96\xf3\x9f\x64\xc9\x4f\xfa\x7d\x91\x22\x0e\x47\x9e\x03\
\xf6\x29\xe0\x71\xfa\xe1\x31\x40\x25\xb6\x3e\xab\xbf\x20\x3c\x97\
\xfc\xef\xc1\xbe\xf5\x1f\xd7\xee\xf0\x31\x6e\x03\x2e\x1f\x7f\xab\
\x55\xaa\x7f\x2e\x3a\xa7\xbc\xc0\x4b\xc8\xff\xbc\x3c\xfa\x3b\x70\
\xb7\x75\x08\x19\x7e\x61\x1a\xad\x02\x1c\x49\xfe\xb1\xb0\x27\xf9\
\x93\xff\x8e\x8b\x2b\x61\x1a\xfd\x96\x7c\x55\xc3\xe5\xc0\xf9\xb5\
\x4a\x55\x87\x02\x22\xc6\xc2\x34\x9a\x45\xbe\x46\x66\x6f\xf2\x27\
\x3f\x9b\x03\x9b\xa1\xc3\x17\x2f\xbc\xde\x04\x23\x13\x0b\x81\x75\
\xac\x43\x88\x2c\xc7\x7b\xd1\x43\x3a\x14\xa6\xd1\x0c\x60\x3e\x70\
\x48\xfd\x4d\x13\x75\xfc\x3b\xdf\x3a\xc0\x10\xf9\x77\xfc\x7f\x5e\
\xfb\x2b\xf0\x71\xeb\x10\x5d\x0b\xe2\x63\x29\x57\x81\x0d\x60\x0b\
\xe0\x52\x82\x58\x45\xb6\x20\x5e\x95\xfc\xec\xa6\x02\xec\x8f\x6e\
\x38\xea\xc5\xd6\xc0\xfb\x81\xf7\x13\xc4\xd7\x00\x9f\x07\xce\x23\
\x4b\x16\xdb\xc6\x12\x91\x86\x82\x78\x75\xe0\x68\xf2\xf3\xad\x3d\
\x81\x2d\xbb\x78\x94\x65\x04\xf1\xaf\xc9\xcf\xaf\x2f\x03\x7e\x40\
\x96\x3c\x59\x58\x46\x19\x56\x2f\x21\xbf\xd9\x57\xc4\x8b\x49\xd6\
\x01\xa4\x60\x41\xbc\x32\x70\x00\xf9\x39\xd0\xc1\xe4\x03\x08\xc4\
\xb7\x33\x06\x71\x91\x22\x0e\x48\x2e\x22\xff\x06\xca\xa3\xfd\xc2\
\x34\x9a\x5a\xab\x54\x9f\xb5\x0e\x32\x8c\xc2\x34\x5a\x0b\x78\x13\
\xf0\x16\xf2\x56\x6c\x2f\xb6\xa9\xbf\xfd\x6b\xfd\xb1\x2f\x01\xfe\
\x0b\xf8\x69\xad\x52\x5d\xda\xe3\x63\xcb\xc4\x0e\xb0\x0e\xd0\xc4\
\x65\xb5\x4a\x75\x89\x75\x08\x19\x4e\xf5\xc9\x0e\xf3\x80\xd7\x03\
\xaf\x22\x9f\xb8\xd4\xab\xad\xeb\x6f\xaf\x05\xbe\x18\xa6\xd1\xb9\
\xc0\x37\x80\x5f\xd6\x2a\xd5\x65\x05\x3c\xbe\x88\xb4\x10\xa6\xd1\
\x9a\xe4\x07\x7a\xe3\x85\xfa\x9d\xd1\x13\x5b\x11\x11\x11\xb7\xea\
\xdf\x97\x1f\x4e\xfe\x7d\xf9\x7c\x54\x34\x97\x51\x14\xc4\xab\x50\
\x8e\x72\xd5\xa9\x64\x49\x39\x27\x60\x06\xf1\xa6\xc0\x57\xad\x63\
\x74\x69\x0b\xe0\xdb\xf8\x3e\xc3\xeb\x9f\xfc\xcf\xee\x6d\xe4\x5f\
\x27\x8a\x38\xbb\x91\xe7\xdb\xb3\xfe\xf6\x59\x82\xf8\x2b\xc0\x97\
\x47\xbe\x30\x29\xe2\x45\x3e\x8d\x66\x3f\xf2\xcf\x7f\x47\x01\x2b\
\xf5\xf8\x88\x63\xe4\x9b\x47\xb6\x07\xde\x08\xfc\x9d\x20\x3e\x9b\
\xfc\xfc\xfa\x3a\xb2\x44\xe7\xd7\x22\x22\x32\x18\xf9\xd7\xb8\xa3\
\xc9\x5f\x4f\xdd\x1f\x98\x6e\x9a\x47\x5c\x2a\xa2\xc4\x76\x71\x01\
\x8f\xd1\x2f\x2b\x93\x8f\xd5\xbd\xd2\x3a\xc8\x30\x09\xd3\x68\x7b\
\xe0\xad\xe4\x63\xdb\xfb\x75\xc8\xbc\x7f\xfd\xed\x8e\x30\x8d\x3e\
\x07\x7c\xb3\x56\xa9\x3e\xd6\xa7\x6b\x8d\xaa\xf9\xd6\x01\x9a\xb8\
\xc8\x3a\x80\x0c\x9f\xfa\x8b\x64\x47\x00\x1f\x25\x2f\xcd\xf6\xcb\
\x4c\xe0\x35\xf5\xb7\x3f\x84\x69\x74\x2a\x70\xb6\x0a\xb9\x22\xc5\
\x0b\xd3\x68\x65\xe0\x30\xe0\x44\xe0\x40\xfc\x4f\xb0\x10\x11\x11\
\x11\x20\x4c\xa3\xbd\x81\x4f\x91\xbf\x78\x2e\x32\xca\x5e\x8b\xff\
\x95\xdd\xb7\x03\x5f\xb6\x0e\xd1\x95\x20\x9e\x06\x9c\x05\xcc\xb2\
\x8e\xd2\xa5\x87\xc9\x27\xf5\x8d\x96\x20\x0e\x81\x77\x92\x9f\xe1\
\xe8\xc6\xa4\xfe\x5b\x17\xf8\x00\x10\x13\xc4\xe7\x03\x5f\x00\xae\
\x54\xa9\x45\xc4\x40\xfe\xc2\xfe\x89\xc0\xa9\xc0\xa6\x7d\xbc\xd2\
\x2c\xf2\x12\xfd\x9b\x81\x5b\x09\xe2\x0f\x00\x3f\xd2\xc7\xbd\x88\
\x88\xf4\x55\x10\xcf\x07\x3e\x09\xec\x6a\x1d\x45\x7c\x2b\xe2\x85\
\xbe\x3b\x80\x7b\x80\x8d\x0b\x78\xac\x7e\x98\x8f\x4a\x6c\x85\x08\
\xd3\x68\x0d\xe0\x33\xc0\xeb\x06\x78\xd9\xcd\x80\xff\x06\x3e\x18\
\xa6\xd1\x5b\x81\xb3\x34\xd5\xa8\x77\xf5\x69\x35\xbb\x58\xe7\x68\
\xc2\x73\x39\x56\x4a\x28\x4c\xa3\x9d\x81\xd3\x19\xfc\x0a\xdd\x2d\
\xc8\x47\xab\x9e\x12\xa6\xd1\x3b\x6a\x95\xea\x55\x03\xbe\xbe\xc8\
\xd0\x09\xd3\x68\x2a\x79\x61\xed\x04\xf2\xe9\x2d\x33\x6d\x13\x89\
\x88\x88\x48\xbb\xc2\x34\xda\x0e\x48\x80\x57\x5a\x67\x11\x31\x17\
\xc4\x93\x81\x53\xac\x63\xb4\xe1\xa3\x64\x49\x59\xb7\x5c\x7c\x14\
\xd8\xdd\x3a\x44\x97\x9e\x02\x0e\x26\x4b\x7e\x6b\x1d\x64\x20\xf2\
\x8f\x87\xc3\xc8\xcb\x6b\xf3\x8c\xd3\x8c\xaa\x29\xc0\xb1\xf5\xb7\
\x5f\x11\xc4\x5f\x00\x52\xb2\xe4\x69\xdb\x58\x22\x23\x22\x88\xe7\
\x91\x6f\x27\xda\x6d\xc0\x57\xde\x1e\xf8\x01\x70\x19\x41\xfc\x0e\
\xb2\xe4\xc6\x01\x5f\x5f\x44\x44\x86\x5d\x10\xef\x48\x5e\x5e\x8b\
\xac\xa3\x48\x39\xf4\x5c\x62\xab\x55\xaa\xcb\xc2\x34\xba\x98\x7c\
\xac\xad\x47\x07\x00\x1f\xb6\x0e\x51\x76\x61\x1a\x1d\x45\x7e\x17\
\xd6\x7a\x46\x11\xd6\x22\x2f\x82\x9c\x10\xa6\xd1\x49\xb5\x4a\xf5\
\x3e\xa3\x1c\xc3\xe2\xa5\xe4\x23\xa4\x3d\xfa\x33\x70\x9b\x75\x08\
\x19\x0e\x61\x1a\xcd\x22\x2f\xdf\xbe\x01\xdb\xbf\xf3\xbb\x03\x57\
\x86\x69\xf4\x3d\xe0\xad\xb5\x4a\x75\x91\x61\x16\x91\x52\xaa\x4f\
\x5d\x7b\x13\xf0\x2e\x60\x03\xe3\x38\x22\x22\x22\xd2\x81\x30\x8d\
\xa6\x90\x4f\x5e\x3b\x05\x4d\xd5\x11\x19\x77\x08\xb0\xb9\x75\x88\
\x16\xee\x24\x3f\x8f\x2b\x9f\x20\x7e\x39\xf0\x6e\xeb\x18\x5d\x7a\
\x0e\x38\x86\x2c\xb9\xc6\x3a\x48\xdf\xe5\xd3\xf2\xde\x08\xbc\x83\
\xfc\x66\x66\xf1\x61\x2e\xf0\x15\xe0\x03\x04\xf1\xa9\xc0\x77\xc8\
\x92\x25\xb6\x91\x44\x86\x54\x10\xaf\x0d\x7c\x0e\x38\xde\x38\xc9\
\x7e\xc0\x0d\x04\xf1\xb7\x81\xb7\x97\x76\x8d\xb8\x88\x88\xf8\x91\
\x7f\xaf\x7f\x3a\x70\x12\x7e\x7b\x09\xe2\x50\x51\x07\x87\x9e\x57\
\xff\xed\x19\xa6\xd1\x2a\xd6\x21\xca\x2a\x4c\xa3\x75\xc3\x34\xfa\
\x3e\x70\x1e\x76\x05\xb6\xe5\x1d\x0c\xfc\x3a\x4c\xa3\x93\xea\xab\
\x01\xa5\x3b\x07\x58\x07\x68\xe2\x12\x4d\xdb\x93\x22\x84\x69\xb4\
\x0d\x70\x1d\xf9\x61\xa8\x97\xcf\x17\xc7\x02\x37\x84\x69\xb4\x87\
\x75\x10\x91\xb2\x08\xd3\x68\x8d\x30\x8d\x3e\x40\x3e\xf9\xf7\x74\
\x54\x60\x13\x11\x11\x29\x95\xfa\x54\xf7\x9f\x01\x6f\x47\x05\x36\
\x91\xe5\xbd\xc3\x3a\x40\x1b\x3e\x56\xca\xe2\x4a\x10\xcf\x02\xbe\
\x69\x1d\xa3\x07\x6f\x24\x4b\x7e\x6a\x1d\xa2\xaf\x82\x78\x12\x41\
\x7c\x3c\xf0\x5b\xe0\x8b\xa8\xc0\xe6\xd5\x6c\xe0\xeb\xc0\x2d\x04\
\xf1\x51\x04\xb1\x97\xf3\x35\x91\xe1\x10\xc4\xbb\x02\x37\x60\x5f\
\x60\x1b\x37\x46\xbe\xea\x3c\x23\x88\x77\x30\xce\x22\x22\x22\x65\
\x96\x97\xb4\x7f\x01\xbc\x05\x3f\xaf\xd1\x4a\x49\x14\x75\x78\x78\
\x49\x41\x8f\xd3\x0f\x53\x80\x7d\xac\x43\x94\x51\x98\x46\x5b\x00\
\xd7\x02\x47\x5a\x67\x59\xc1\xaa\xc0\xff\x00\x5f\xaa\xdf\xcd\x2d\
\x9d\x9b\x6f\x1d\xa0\x09\xad\x12\x95\x9e\xd5\xa7\x47\x5e\x07\x6c\
\x65\x9d\x65\x02\x1b\x00\x57\x84\x69\xf4\x66\xeb\x20\x22\x9e\x85\
\x69\xb4\x66\x98\x46\x9f\x04\xee\x05\x3e\x42\x3e\x95\x55\x44\x44\
\x44\x4a\x24\x4c\xa3\x2d\x81\x6b\xf0\x7d\x23\x95\xc8\xe0\xe5\x2f\
\x5a\x7b\x3f\xaf\xbc\x1b\x48\xad\x43\x74\xe9\x03\xf8\xb8\x19\xb7\
\x1b\x31\x59\xf2\x2d\xeb\x10\x7d\x15\xc4\xf3\xc9\xcf\x6c\xce\x04\
\x36\x31\x4e\x23\xed\xd9\x9a\xfc\x26\xf7\x6b\x09\x62\x7d\x4d\x17\
\x29\x42\x10\xbf\x0e\xb8\x0a\xd8\xc8\x3a\xca\x04\x36\x03\xae\x21\
\x88\x8f\xb3\x0e\x22\x22\x22\x25\x14\xc4\xdb\x91\x7f\xbf\xef\xfd\
\x39\xaf\x38\x55\x48\x89\xad\xbe\x16\xed\x96\x22\x1e\xab\x4f\xf4\
\xc4\xaa\x43\x61\x1a\xed\x42\xfe\x0d\xf4\xc6\xd6\x59\x9a\x78\x33\
\x70\x5e\x98\x46\x33\xac\x83\x94\x49\x98\x46\x1b\x01\x5b\x58\xe7\
\x68\x42\x25\x36\xe9\x5a\x98\x46\x63\x61\x1a\x7d\x9c\xfc\x60\xcd\
\xf3\x14\xce\x69\xc0\x97\xc3\x34\xfa\xaa\xca\xb8\x22\xcf\x17\xa6\
\xd1\xa4\x30\x8d\x5e\x07\xfc\x0e\x78\x0f\xbe\x3f\x96\x45\x44\x44\
\xa4\x81\x30\x8d\x0e\x20\xbf\x31\x6e\x4b\xeb\x2c\x22\x0e\x9d\x6c\
\x1d\xa0\x0d\x1f\x27\x4b\x9e\xb5\x0e\xd1\xb1\x20\xde\x1a\x78\x9b\
\x75\x8c\x2e\x7d\x0e\xf8\xa4\x75\x88\xbe\x09\xe2\x1d\x09\xe2\x0b\
\xc9\xb7\xba\xec\x6a\x1d\x47\xba\xb2\x1b\xf0\x0b\x82\xf8\x62\x82\
\x78\x77\xeb\x30\x22\xa5\x14\xc4\x93\x09\xe2\xff\x01\xbe\x01\x4c\
\xb7\x8e\xd3\xc4\x4c\xe0\x2c\x82\xf8\x3f\x35\x85\x51\x44\x44\xda\
\x16\xc4\x07\x03\x35\x74\xb3\x8a\xf4\xa0\xc8\x35\x0e\x9e\x57\x8a\
\xaa\xc4\xd6\x81\x30\x8d\x5e\x0a\x5c\x06\xac\x63\x1c\xa5\x1d\x87\
\x01\x3f\xaf\xaf\x27\x91\xf6\x78\x9e\xc2\xf6\x87\x5a\xa5\x7a\xaf\
\x75\x08\x29\xb5\x8f\x00\xb1\x75\x88\x0e\xbc\x91\x7c\xaa\xa4\x0e\
\x02\x44\x80\x30\x8d\x76\x04\x7e\x49\x7e\x90\xb7\xb6\x71\x1c\x11\
\x11\x11\xe9\x52\x98\x46\x47\x02\x17\x02\xab\x5b\x67\x11\x71\x27\
\x88\x57\x03\x8e\xb5\x8e\xd1\xc2\xbd\xc0\xb7\xad\x43\x74\x2c\x7f\
\x91\xfd\xbf\xc9\x37\x73\x94\xcd\x39\xc0\xdb\xc9\x92\x65\xd6\x41\
\x0a\x17\xc4\xb3\x09\xe2\xef\x00\x37\x02\x91\x75\x1c\x29\xc4\xfe\
\xe4\x53\xd9\xce\x27\x88\xe7\x58\x87\x11\x29\x8d\xfc\xeb\xd4\x17\
\x80\x93\xac\xa3\x74\xe0\x9d\x0c\x73\xc1\x5a\x44\x44\x8a\x13\xc4\
\x27\x00\x3f\x26\xdf\xaa\x27\xd2\xb5\x22\x4b\x6c\x9e\xa7\x27\xed\
\x10\xa6\xd1\xba\xd6\x21\xca\x20\x4c\xa3\x03\xc9\x0f\x9a\xcb\xf4\
\xc9\x65\x2f\xf2\xd5\x7c\x3a\x1c\x6f\x8f\xe7\x12\x9b\xe7\xcf\x23\
\xe2\x5c\x98\x46\x27\x03\xff\xcf\x3a\x47\x17\xde\x00\x7c\xcc\x3a\
\x84\x88\xa5\x30\x8d\x66\x85\x69\x74\x3a\x70\x03\x30\xcf\x3a\x8f\
\x88\x88\x88\x74\xaf\x3e\xd9\xfd\xbb\xc0\x64\xeb\x2c\x22\x4e\x1d\
\x07\x78\xdf\x2a\x90\x90\x25\x8b\xad\x43\x74\xe1\x30\xe0\x40\xeb\
\x10\x5d\xb8\x18\x78\x0d\x59\xb2\xd4\x3a\x48\xa1\xf2\x69\x43\x27\
\x03\xb7\x01\x15\x40\x37\xf0\x0d\x9f\x23\x80\x5b\x09\xe2\x53\x08\
\x62\x7d\xdd\x17\x69\xed\x43\xc0\xbf\x5a\x87\xe8\xc2\xbb\x09\xe2\
\x77\x59\x87\x10\x11\x11\xc7\x82\x38\x24\x1f\x4e\x50\x64\xff\x48\
\x46\x54\x91\x7f\x89\xae\x00\x96\x14\xf8\x78\x45\xdb\xdf\x3a\x80\
\x77\xf5\x35\x93\x67\x91\xaf\xb9\x2b\x9b\xed\x81\x6f\x6a\x9a\x51\
\x73\xf5\xf7\x8f\x4a\x6c\x32\x74\xc2\x34\x3a\x9e\x7c\xed\x46\x59\
\xc5\x61\x1a\x95\x75\xdd\x89\x48\x4f\xc2\x34\x0a\x80\x9b\xc8\x57\
\xfe\xe8\xd0\x5b\x44\x44\xa4\xc4\xc2\x34\x5a\x9f\xfc\xae\x5b\xef\
\x05\x1d\x11\x4b\xaf\xb7\x0e\xd0\xc2\xfd\xc0\x37\xad\x43\x74\x2c\
\x88\x67\x00\xa7\x5b\xc7\xe8\xc2\x8d\xc0\x91\x64\xc9\x33\xd6\x41\
\x0a\x15\xc4\xdb\x92\x4f\xd9\xfe\x1c\xb0\xb2\x71\x1a\xe9\xaf\x95\
\x81\xff\x02\xae\x22\x88\xb7\xb3\x0e\x23\xe2\x56\x10\xbf\x85\xbc\
\xc4\x56\x56\x9f\x26\x88\x5f\x6d\x1d\x42\x44\x44\x1c\x0a\xe2\x8d\
\x80\x1f\xe2\x7b\x4d\xb6\x94\x48\x61\x25\xb6\x5a\xa5\xfa\x18\x70\
\x6d\x51\x8f\xd7\x07\x5a\x29\xda\x44\x98\x46\xd3\x80\xef\x01\x6b\
\x5a\x67\xe9\xc1\xe1\xe4\xa3\x8d\xa5\xb1\x6d\x81\xf5\xac\x43\x34\
\xb0\x0c\xb8\xd4\x3a\x84\x94\x4f\x98\x46\xbb\x52\xc6\x35\x27\x2f\
\x74\x7a\x98\x46\x07\x59\x87\x10\x19\x94\x30\x8d\xc6\xea\x13\x14\
\xaf\x06\x36\xb1\xce\x23\x22\x22\x22\xbd\x09\xd3\x68\x06\xf0\x23\
\x60\x03\xeb\x2c\x22\x6e\x05\xf1\xf6\xc0\xee\xd6\x31\x5a\xf8\x44\
\x49\x0b\x55\xef\x01\xe6\x58\x87\xe8\xd0\x9d\xc0\x41\x64\xc9\xdf\
\xad\x83\x14\x26\x88\xa7\x11\xc4\x1f\x22\xbf\x51\x29\xb4\x8e\x23\
\x03\xb5\x07\x70\x23\x41\xfc\x61\x82\x58\x2f\x60\x8a\x2c\x2f\x88\
\xe7\x93\xaf\x11\x2d\xbb\x6f\xd4\x27\xed\x88\x88\x88\xe4\x82\x78\
\x15\xf2\x9b\x19\x5f\x64\x1d\x45\x86\x47\xd1\xe3\xfc\x2e\x2a\xf8\
\xf1\x8a\x74\x80\xa6\x74\x35\xf5\x49\xf2\x27\x9a\x65\xf7\x89\x30\
\x8d\xf6\xb6\x0e\xe1\x98\xe7\x32\xe7\x4d\xb5\x4a\xf5\xaf\xd6\x21\
\xa4\x5c\xc2\x34\x9a\x4a\x3e\x9e\x76\xaa\x75\x96\x82\x7c\x39\x4c\
\xa3\x32\xad\x73\x16\xe9\x4a\x7d\x05\xf8\x79\xe4\x77\xe5\x0f\xcb\
\xc7\xaf\x88\x88\xc8\xc8\xaa\x9f\xb7\x7c\x13\xd8\xcd\x3a\x8b\x88\
\x73\x6f\xb0\x0e\xd0\xc2\x9f\x81\xaf\x5b\x87\xe8\x58\x10\xcf\x01\
\xde\x6b\x1d\xa3\x43\x0f\x00\x11\x59\xb2\xc8\x3a\x48\x61\x82\x78\
\x4f\x60\x21\x70\x2a\x7a\x9e\x37\xaa\xa6\x02\x1f\x04\x16\xaa\xe8\
\x22\x52\x17\xc4\x2b\x03\x5f\x65\x38\x56\x2a\x4f\x06\xbe\xa6\xa2\
\xaa\x88\x88\x00\x10\xc4\x93\x80\xef\x02\x3b\x5a\x47\x91\xe1\x52\
\x74\x89\xcd\xf3\x2a\xc0\x8d\x80\xcd\xac\x43\x78\x14\xa6\xd1\xa1\
\xe4\x2b\xbc\x86\xc1\x64\xe0\x9c\x30\x8d\xca\x3c\x51\xae\x9f\x3c\
\xaf\x12\xf5\x5c\x82\x15\xbf\xde\x03\xcc\xb5\x0e\x51\xa0\xd9\x40\
\x62\x1d\x42\xa4\x9f\xea\xd3\x13\x17\x02\x47\x5a\x67\x11\x11\x11\
\x91\xc2\xbc\x06\x78\x95\x75\x08\x11\xd7\xf2\x17\x7c\x2b\xd6\x31\
\x5a\xf8\x22\x59\xf2\xb4\x75\x88\x2e\x7c\x06\x58\xc9\x3a\x44\x07\
\x9e\x03\x0e\x27\x4b\x6e\xb7\x0e\x52\x98\x20\x3e\x8a\x7c\xca\xb6\
\xd6\x49\x0a\xe4\xdb\x40\xae\x22\x88\x3f\x57\x9f\xce\x21\x32\xca\
\x4e\x63\xb8\x36\x10\x6c\x0b\xbc\xcf\x3a\x84\x88\x88\xb8\xf0\x2f\
\xc0\x61\xd6\x21\x64\xf8\x14\x5d\x62\xbb\x16\x78\xa2\xe0\xc7\x2c\
\x92\xe7\x29\x54\x26\xc2\x34\x9a\x0c\x7c\xca\x3a\x47\xc1\xd6\x07\
\xde\x61\x1d\xc2\x9b\x30\x8d\xa6\x00\xfb\x59\xe7\x68\xc2\x73\x09\
\x56\x1c\x0a\xd3\x68\x6b\xf2\xbb\x3b\x87\xcd\x5b\xc2\x34\xda\xcb\
\x3a\x84\x48\x3f\x84\x69\xf4\x72\xe0\x0a\x86\xeb\xf0\x4e\x44\x44\
\x64\xa4\xd5\xd7\x88\x7e\xd4\x3a\x87\x48\x09\xbc\x12\x58\xcb\x3a\
\x44\x13\xcf\x00\x5f\xb1\x0e\xd1\xb1\x20\x3e\x80\xf2\xdd\x20\xf3\
\x7e\xb2\xa4\x66\x1d\xa2\x60\x3f\x02\xce\xb1\x0e\x21\xae\x8c\x01\
\x27\x93\x4f\x65\xdb\xc1\x3a\x8c\x88\x89\x20\xde\x03\x38\xc5\x3a\
\x46\x1f\xc4\xfa\xb8\x16\x11\x19\x71\x41\xbc\x2a\xf9\x04\x66\x91\
\xc2\x15\x5a\x62\xab\x55\xaa\x8b\xc9\x5f\x98\xf4\xca\xf3\x14\x2a\
\x2b\xc7\x03\x5b\x59\x87\xe8\x83\xb7\x86\x69\xe4\xf9\x60\xd0\xc2\
\x6e\x80\xd7\x35\x85\xcf\x02\x57\x5a\x87\x90\xd2\xf9\x1c\x30\xcd\
\x3a\x44\x1f\x8c\x01\xff\xab\x15\xd8\x32\x6c\xc2\x34\x5a\x00\xfc\
\x04\x98\x69\x9d\x45\x44\x44\x44\x0a\x75\x0a\xb0\x81\x75\x08\x91\
\x12\xf0\xbe\x4a\xf4\x0c\xb2\xe4\x41\xeb\x10\x1d\x09\xe2\xa9\xe4\
\x67\x03\x65\xf2\x0b\xe0\xd3\xd6\x21\x0a\x97\x25\x4b\xc8\x27\x0d\
\x9e\x6d\x1d\x45\xdc\xd9\x02\xb8\x96\x20\xf6\x3e\x89\x52\xa4\x58\
\x41\x3c\x06\xfc\x0f\xc5\x0f\x13\xf1\x60\x2a\xf0\x05\xeb\x10\x22\
\x22\x62\xea\x5d\xc0\x8b\xac\x43\xc8\x70\xea\xc7\x37\x4f\x9e\x57\
\x02\xee\x1f\xa6\xd1\x30\x7e\xc3\xd8\x95\xfa\x64\xae\x61\x9c\x62\
\x04\x79\x59\x4b\xd3\xd8\x9e\xcf\xf3\x24\xc2\x5a\xad\x52\xf5\x3c\
\xc5\x51\x9c\x09\xd3\x68\x2e\xf0\x32\xeb\x1c\x7d\xb4\x3d\xc3\xfd\
\xfb\x93\x11\x13\xa6\xd1\x3b\x80\x14\x98\x62\x9d\x45\x44\x44\x44\
\x8a\x13\xa6\xd1\xda\x40\x6c\x9d\x43\xc4\xbd\x20\x9e\x0d\x44\xd6\
\x31\x5a\xf8\x6f\xeb\x00\x5d\x38\x19\xd8\xc6\x3a\x44\x07\x16\x01\
\x15\xb2\x64\xa9\x75\x90\xbe\x50\x91\x4d\x1a\x9b\x01\x7c\x87\x20\
\xfe\xdf\xfa\x6a\x65\x91\x51\xb0\x2f\xb0\x8b\x75\x88\x3e\xda\x87\
\x20\x0e\xac\x43\x88\x88\x88\x81\x20\x5e\x9f\xbc\xc4\x26\xd2\x17\
\xa3\x56\x62\x5b\x13\xd8\xc9\x3a\x84\x23\x27\x92\xdf\x09\x35\xac\
\x34\x8d\xed\xf9\x3c\x4f\x22\xd4\x2a\x51\xe9\xd4\x30\x8e\x61\x5f\
\xd1\xdb\xac\x03\x88\xf4\x2a\x4c\xa3\xb1\x30\x8d\x3e\x05\x7c\xc6\
\x3a\x8b\x88\x88\x88\xf4\xc5\xfb\x81\x59\xd6\x21\x44\x4a\xe0\xb5\
\xe4\x53\xb7\xbd\xba\x8c\x2c\xf9\x95\x75\x88\x8e\x04\xf1\x7a\x94\
\x6f\x7d\x4d\x85\x2c\x59\x64\x1d\xa2\xaf\x54\x64\x93\xe6\xfe\x15\
\xf8\x25\x41\xbc\xb1\x75\x10\x91\x01\x18\x85\xb3\xdd\x51\x38\xa3\
\x17\x11\x91\x17\xfa\x10\xda\xb8\x23\x7d\xd4\x8f\x12\xdb\xad\x80\
\xe7\xd1\xf3\x9e\xa7\x51\x0d\xda\x3b\xad\x03\xf4\xd9\x2a\xc0\x9b\
\xac\x43\x78\x10\xa6\xd1\xca\xc0\x3c\xeb\x1c\x4d\xa8\xc4\x26\x6d\
\x0b\xd3\x68\x1d\xf2\x12\xee\xb0\x3b\x28\x4c\xa3\xad\xad\x43\x88\
\x74\xab\xbe\x12\xf7\x8b\xc0\xbb\xad\xb3\x88\x88\x88\x48\xf1\xea\
\xdf\x97\xff\x9b\x75\x0e\x11\xf7\x82\x78\x12\xf0\x3a\xeb\x18\x2d\
\x94\x71\x0a\xdb\x27\xc9\x37\x31\x94\xc5\x27\xc8\x92\x5f\x58\x87\
\x18\x08\x15\xd9\xa4\xb9\xdd\x80\x85\x04\xf1\xcb\xad\x83\x88\xf4\
\x4d\x10\x6f\x06\x1c\x6a\x1d\x63\x00\x5e\x55\x9f\xc6\x23\x22\x22\
\xa3\x22\x88\x37\x04\xde\x68\x1d\x43\x86\x5b\xe1\x25\xb6\x5a\xa5\
\xba\x14\xdf\x85\x14\x95\xd8\x80\x30\x8d\x36\x01\x76\xb0\xce\x31\
\x00\x07\x5b\x07\x70\x62\x2f\x60\xaa\x75\x88\x06\x1e\x07\xae\xb3\
\x0e\x21\xa5\xf2\x2f\xc0\xa8\xac\x1e\xd0\xdd\x6c\x52\x66\x1f\x02\
\x4e\xb2\x0e\x21\x22\x22\x22\x7d\x73\x30\x7e\x9f\x67\x8a\x78\xb2\
\x0f\xb0\x89\x75\x88\x26\xee\x02\x7e\x62\x1d\xa2\x23\x41\x3c\x0f\
\x78\xb5\x75\x8c\x0e\x5c\x03\x7c\xd0\x3a\xc4\x40\xa9\xc8\x26\xcd\
\xad\x09\x5c\x40\x10\x9f\x4a\x10\x4f\xb6\x0e\x23\xd2\x07\xff\x8e\
\xef\x09\xac\x45\x99\x0a\xbc\xc5\x3a\x84\x88\x88\x0c\xd4\x2b\x01\
\x7d\xff\x26\x7d\xd5\x8f\x49\x6c\xe0\xbb\xc4\xb6\x57\x98\x46\x2b\
\x59\x87\x70\xe0\x95\xd6\x01\x06\x64\x5e\x98\x46\x6b\x58\x87\x70\
\xc0\x73\x79\xf3\xf2\x5a\xa5\xfa\xac\x75\x08\x29\x87\x30\x8d\x26\
\x31\x5a\x0d\xff\x13\xc3\x34\x9a\x61\x1d\x42\xa4\x53\x61\x1a\x9d\
\x44\x5e\x62\x13\x11\x11\x91\xe1\x35\x2a\xe7\x0a\x22\xbd\x3a\xd6\
\x3a\x40\x0b\x5f\x20\x4b\x9e\xb3\x0e\xd1\xb6\xbc\xf0\xf2\x79\xeb\
\x18\x1d\x78\x14\x38\x9e\x2c\x19\xbd\xb3\x2f\x15\xd9\xa4\xb9\x31\
\x60\x4f\xf2\x6d\x2a\x22\xc3\x23\x88\xa7\x01\xaf\xb1\x8e\x31\x40\
\xaf\x57\x19\x55\x44\x64\xa4\xe8\x2c\x48\xfa\xae\x5f\x25\xb6\x8b\
\xfa\xf4\xb8\x45\x98\x01\x84\xd6\x21\x1c\x18\x95\x4f\x30\x93\x80\
\x97\x59\x87\x70\x60\xbe\x75\x80\x26\x3c\x97\x5e\xc5\x9f\x79\xc0\
\xc6\xd6\x21\x06\x68\x55\x46\xe7\xf3\xb5\x0c\x89\x30\x8d\x8e\x26\
\x5f\x23\x2a\x22\x22\x22\x43\xaa\x7e\x73\x60\x64\x9d\x43\xc4\xbd\
\xfc\x45\xdd\x23\xad\x63\x34\xf1\x04\xf0\x0d\xeb\x10\x1d\x5a\x00\
\xec\x62\x1d\xa2\x03\x6f\x24\x4b\xee\xb6\x0e\x61\x46\x45\x36\x99\
\xd8\x32\xe0\xc3\xc0\xc1\x64\xc9\xdf\xac\xc3\x88\x14\xec\x20\x60\
\x94\x06\x2b\xbc\x18\xd8\xd7\x3a\x84\x88\x88\x0c\x40\x10\xaf\x82\
\xef\xce\x81\x0c\x89\xbe\x94\xd8\x6a\x95\xea\xdd\xc0\x9d\xfd\x78\
\xec\x82\x78\x9e\x4a\xd5\x77\x61\x1a\xcd\x62\xb4\xbe\xa9\x7c\x85\
\x75\x00\x4b\x61\x1a\xad\x0d\xec\x64\x9d\xa3\x09\x95\xd8\xa4\x13\
\x0b\xac\x03\x18\x18\xc5\xdf\xb3\x94\x54\x98\x46\x2f\x05\xce\x60\
\x34\x56\x26\x88\x88\x88\x8c\xb2\x97\x02\x2b\x5b\x87\x10\x29\x81\
\xbd\x80\x75\xad\x43\x34\xf1\x2d\xb2\xe4\x51\xeb\x10\x6d\x0b\xe2\
\x49\xc0\x7b\xad\x63\x74\xe0\x7f\xc9\x92\xef\x5b\x87\x30\xa7\x22\
\x9b\x3c\xdf\x23\xe4\xe5\xb5\x53\x4b\x35\x05\x52\xa4\x7d\xa3\x78\
\x96\x3b\x8a\xbf\x67\x11\x91\x51\xf4\x32\x60\x9a\x75\x08\x19\x7e\
\xfd\x9a\xc4\x06\xbe\xa7\xb1\x8d\x7a\x43\x74\x3e\xf9\xae\xfa\x51\
\x11\x85\x69\x34\xca\x2f\xa6\xbf\x14\xbf\x65\x82\x07\x81\x5b\xad\
\x43\x48\x39\x84\x69\x34\x1d\xff\x6b\x58\xfa\xe1\xa0\x7a\x19\x55\
\xc4\xb5\x30\x8d\x36\x03\x7e\x80\x9e\xc4\x88\x88\x88\x8c\x02\x4d\
\x0b\x16\x69\xcf\x31\xd6\x01\x5a\xf8\x92\x75\x80\x0e\x1d\x02\x6c\
\x6d\x1d\xa2\x4d\xb7\x00\xef\xb4\x0e\xe1\x86\x8a\x6c\x92\x5b\x08\
\xec\x4a\x96\xfc\xcc\x3a\x88\x48\x5f\x04\xf1\xea\x8c\xe6\xf7\xc9\
\x47\x13\xc4\x33\xac\x43\x88\x88\x48\xdf\x8d\xe2\xd7\x38\x31\x30\
\xaa\x25\xb6\xdd\xc2\x34\x5a\xdd\x3a\x84\xa1\x3d\xac\x03\x0c\xd8\
\x7a\xc0\x6c\xeb\x10\x86\x3c\x97\x36\x2f\xa9\x55\xaa\x4b\xad\x43\
\x48\x69\x8c\xda\x28\xf6\x71\x53\x18\xcd\xf2\x9e\x94\x48\xbd\x64\
\x7a\x0e\xb0\x9a\x75\x16\x11\x11\x11\x19\x88\xdd\xac\x03\x88\xb8\
\x97\x4f\x0d\x3b\xca\x3a\x46\x13\x19\x59\x52\xb6\x1b\x0b\xff\xc3\
\x3a\x40\x9b\x9e\x04\x5e\x45\x96\x3c\x65\x1d\xc4\x15\x15\xd9\x46\
\xdd\xd7\x80\x97\x90\x25\x77\x59\x07\x11\xe9\xa3\xa3\x80\xe9\xd6\
\x21\x0c\xac\x8a\x8a\x0d\x22\x22\xa3\x40\x67\x41\x32\x10\xfd\x2c\
\xb1\x5d\xda\xc7\xc7\xee\xd5\x24\x60\x3f\xeb\x10\x86\x76\xb7\x0e\
\x60\x60\x14\x7f\xcf\xe3\x3c\xaf\xcf\xf5\x5c\x76\x15\x7f\x4e\xb4\
\x0e\x60\x68\x94\x7f\xef\x52\x0e\x9f\x06\x76\xb5\x0e\x21\x22\x22\
\x22\x03\xb3\x9e\x75\x00\x91\x12\x78\x09\xbe\x3f\x56\xbe\x65\x1d\
\xa0\x23\x41\xbc\x17\x30\xcf\x3a\x46\x9b\xde\x4e\x96\xdc\x66\x1d\
\xc2\x25\x15\xd9\x46\xd1\x33\xc0\x1b\xc8\x92\x37\x91\x25\x4f\x5b\
\x87\x11\xe9\xb3\x51\x3e\xc3\x1d\xe5\xdf\xbb\x88\xc8\xa8\x58\xdf\
\x3a\x80\x8c\x86\xbe\x95\xd8\x6a\x95\xea\x43\xc0\x8d\xfd\x7a\xfc\
\x02\x78\x9e\x4e\xd5\x37\x61\x1a\x4d\x62\x34\x5f\x64\x1e\xc9\x66\
\x70\x98\x46\x73\x80\xcd\xac\x73\x34\x71\xb1\x75\x00\x29\x87\xfa\
\xf4\xcc\x51\xbe\x9b\x6b\x5e\x98\x46\x9b\x5a\x87\x10\x99\x48\x98\
\x46\x47\x01\x27\x5b\xe7\x10\x11\x11\x91\xc1\xa8\x9f\x2b\xac\x6b\
\x9d\x43\xa4\x04\x8e\xb6\x0e\xd0\xc4\x62\xe0\x2c\xeb\x10\x1d\x7a\
\x8f\x75\x80\x36\x5d\x43\x3e\x71\x4a\x1a\x51\x91\x6d\x94\xdc\x0d\
\xcc\x23\x4b\xbe\x61\x1d\x44\xa4\xef\x82\x78\x36\xa3\x3d\x3c\xe3\
\x15\x04\xf1\xda\xd6\x21\x44\x44\xa4\x4f\x82\x78\x1a\xb0\x96\x75\
\x0c\x19\x0d\xfd\x9c\xc4\x06\xbe\x0b\x2a\x9e\xa7\x53\xf5\xd3\x96\
\xc0\x2c\xeb\x10\x06\x46\x75\x12\x9b\xe7\xb2\xe6\x5d\xb5\x4a\x55\
\xe3\xe3\xa5\x5d\xa3\x3a\x8a\x7d\x79\xba\x9b\x4d\xdc\xa9\x97\x2b\
\xbf\x6e\x9d\x43\x44\x44\x44\x06\x6a\x0d\x60\xaa\x75\x08\x11\xd7\
\xf2\x55\xa2\x9e\x4b\x6c\x3f\x22\x4b\x1e\xb6\x0e\xd1\xb6\x20\xde\
\x8e\x72\xdc\xd8\xb6\x0c\x38\x99\x2c\x59\x6a\x1d\xa4\x23\x41\xbc\
\x07\x41\x7c\xe4\x40\xaf\xf9\xcf\x22\x5b\xd9\xca\x94\xd2\xbe\x0b\
\x80\x5d\xc9\x92\x85\xd6\x41\x44\x06\xe4\x78\x60\xcc\x3a\x84\xa1\
\x29\xc0\x31\xd6\x21\x44\x44\xa4\x6f\x5e\x64\x1d\x40\x46\x47\xbf\
\x4b\x6c\x9e\x57\x05\x6e\x1d\xa6\xd1\x06\xd6\x21\x0c\x8c\x6a\x99\
\x6b\xd7\xfa\xdd\xe2\xa3\xc6\x73\x89\xcd\x73\xc9\x55\xfc\x59\x60\
\x1d\xc0\x81\x13\xc3\x34\x1a\xe5\x83\x10\x71\xa6\xfe\x75\xf5\xbb\
\xc0\x6a\xd6\x59\x44\x44\x44\x64\xa0\x3c\xaf\x47\x14\xf1\x62\x4f\
\xe0\xc5\xd6\x21\x9a\xf8\x96\x75\x80\x0e\xbd\xdb\x3a\x40\x9b\xbe\
\x46\x96\x64\xd6\x21\x3a\x12\xc4\xdb\x90\x97\x8d\xce\x21\x88\x8f\
\x1a\xe8\xb5\xf3\x22\xdb\xab\x51\x91\x6d\xd8\x2c\x03\x3e\x08\xbc\
\xb2\x54\x65\x59\x91\xde\xe9\xfc\x5a\xef\x03\x11\x91\x61\xa6\xb3\
\x20\x19\x98\x7e\x97\x7a\xae\x04\x9e\xed\xf3\x35\x7a\xe1\xb9\xe0\
\xd3\x2f\x23\xb9\x56\x13\x58\x15\xd8\xca\x3a\xc4\x20\xd5\xcb\x2e\
\x9e\xff\x8e\xab\xc4\x26\x6d\x09\xd3\x68\x36\xb0\xaf\x75\x0e\x07\
\xb6\x62\x34\xd7\x41\x8b\x5f\x6f\x00\x42\xeb\x10\x22\x22\x22\x32\
\x70\x3a\xb8\x14\x69\xcd\xf3\x24\x92\x3f\x03\x3f\xb7\x0e\xd1\xb6\
\x20\xde\x90\x72\x4c\x26\x7f\x14\x78\xbf\x75\x88\x8e\xe4\xef\xdb\
\x2a\xb0\x26\xf9\x04\x9d\xb3\x55\x64\xeb\xd8\x12\xe0\x41\xe0\xf7\
\xc0\xb5\xc0\x85\xc0\xb9\xc0\x4f\x81\xab\x80\x5f\x03\x7f\x04\x9e\
\xb0\x0a\x38\x60\x0f\x03\x07\x91\x25\xa7\x95\x6e\x22\xa1\x48\x2f\
\x82\x78\x2e\xb0\x83\x75\x0c\x07\xe6\x11\xc4\x9b\x5a\x87\x10\x11\
\x91\xbe\xd0\x59\x90\x0c\xcc\x94\x7e\x3e\x78\xad\x52\x7d\x22\x4c\
\xa3\xab\xf1\x5b\x3e\x38\x00\xf8\x8e\x75\x88\x01\x1b\xd5\x12\x1b\
\xe4\x53\xe8\x6e\xb3\x0e\x31\x40\xdb\xe3\x7b\xb4\xe7\x25\xd6\x01\
\xa4\x34\x46\x7d\x14\xfb\xf2\x16\x00\xe5\xba\xab\x5b\x86\x52\x98\
\x46\x6b\x03\x9f\xb0\xce\x21\x22\x22\x22\x26\x56\xb7\x0e\x20\xe2\
\x9a\xff\x55\xa2\x69\xbd\x38\x54\x16\x6f\xa7\xcf\x67\xd8\x05\xf9\
\x00\x59\xf2\xa0\x75\x88\xb6\x05\xf1\x9a\xe4\x05\xb6\xd9\xcb\xfd\
\xd7\xf1\x22\xdb\x71\x64\xc9\xf7\x07\x96\x25\x4b\x96\x10\xc4\xaf\
\xae\xff\xdb\xf1\x03\xbb\x6e\x6b\x4b\xc9\x4b\x68\x19\xb0\x90\xbc\
\x8c\xf6\xc8\x72\x6f\x0f\x03\x4f\x90\x25\xcb\xda\x7a\xb4\x20\x9e\
\x4a\x3e\xc9\x7c\x35\xf2\xaf\xa5\x6b\x03\xdb\x02\x3b\x01\x3b\xd7\
\xff\x79\x72\xa1\xbf\x83\xc1\xca\x80\xa3\xc9\x92\x7b\xac\x83\x88\
\x18\x28\x43\xd9\x7a\x50\x4e\x00\x3e\x6a\x1d\x42\x44\x44\x0a\xa7\
\xb3\x20\x19\x98\x41\x1c\x00\x5c\x8c\xe3\x12\x5b\x98\x46\x63\xb5\
\x4a\xb5\xbd\x27\x9a\x25\x17\xa6\xd1\x34\xf2\x27\xc4\xa3\x6a\x37\
\xe0\xdb\xd6\x21\x06\xe8\x00\xeb\x00\x4d\xfc\xaa\x56\xa9\x3e\x60\
\x1d\x42\x4a\x43\x63\xc8\xff\xe9\xf8\x30\x8d\xde\x55\xab\x54\xcb\
\xf4\x82\x83\x0c\xa7\x84\xfc\x6e\x7d\x11\x11\x11\x11\x11\x79\xbe\
\xdd\x81\x0d\xad\x43\x34\xf1\x2d\xeb\x00\x6d\x0b\xe2\x35\x80\x37\
\x5b\xc7\x68\xc3\x2d\xc0\x97\xac\x43\xb4\x2d\x88\x67\x02\x3f\x21\
\x2f\x4d\xad\x68\x54\x8b\x6c\xcb\x80\xdf\x92\x17\xb1\xc6\xdf\x6e\
\x26\x4b\x8a\x9b\xa0\x96\x25\xcf\x02\x0f\xd5\xdf\xc6\x55\xff\xf1\
\x4f\x41\xbc\x12\xcf\x2f\xb5\xed\x04\xec\x48\xbe\x61\xc4\xbb\x2f\
\x03\xa7\x90\x25\xcf\x58\x07\x11\x19\xb8\xbc\xbc\x7e\x82\x75\x0c\
\x47\x16\x10\xc4\x1f\x6b\xbb\xe0\x2b\x22\x22\x22\xb2\x82\x41\x94\
\xd8\x2e\x02\x3e\x32\x80\xeb\x74\x63\x7d\x60\x6b\x46\x67\x3a\xd7\
\x0e\xc0\x34\xeb\x10\x86\x76\xb7\x0e\x30\x60\x5a\x25\x2a\xa5\x17\
\xa6\x91\x46\xb1\x3f\xdf\x8b\xc8\x3f\xb6\xab\xad\x7e\xa2\x48\xbf\
\x84\x69\xb4\x27\xf0\x46\xeb\x1c\x22\x22\x22\x22\x22\x4e\x1d\x62\
\x1d\xa0\x89\x6b\xc9\x92\x32\x9d\x83\x9e\x04\xac\x62\x1d\xa2\x0d\
\x27\x97\x66\xba\x5d\x10\x4f\x01\xce\x01\xe6\x35\xf9\x59\xa3\x52\
\x64\xbb\x06\xf8\x41\xfd\xc7\x1b\xc9\x92\xc7\x06\x70\xcd\xc6\xb2\
\xe4\x69\xf2\x89\x6f\x0b\xff\xf1\xdf\xf2\x72\xcc\x76\xc0\xe1\xc0\
\x91\xe4\xc5\x36\x4f\x9e\x06\xfe\x95\x2c\x19\xa5\x1b\xc7\x45\x56\
\xb4\x0f\xbe\xcb\xeb\x83\xb6\x15\xb0\x0b\x70\x83\x75\x10\x11\x11\
\x11\x29\xa7\x41\x94\xd8\xae\x07\x1e\xc3\xef\x1d\x43\x07\x30\x3a\
\x25\xb6\x51\x2b\x71\xad\x68\xc7\x30\x8d\xa6\xd7\x2a\xd5\xa1\xbf\
\x23\x2c\x4c\xa3\xa9\xf8\x9d\x80\x08\x2a\xb1\x49\xfb\x34\x8a\xfd\
\x85\x16\xa0\x12\x9b\x18\x09\xd3\x68\x12\xf0\x45\xeb\x1c\x22\x22\
\x22\x22\x22\x8e\x45\xd6\x01\x9a\xf8\x8e\x75\x80\xb6\x05\xf1\x0c\
\xe0\x14\xeb\x18\x6d\x38\x9b\x2c\xb9\xdc\x3a\x44\x5b\x82\x78\x0c\
\xf8\x0a\xed\x15\x2d\x87\xb5\xc8\x76\x33\x70\x36\x70\x0e\x59\x72\
\x57\x1f\x1e\xbf\x58\x59\xb2\x94\x7c\xd2\xdf\x2d\xc0\x69\x04\xf1\
\x26\xc0\x11\xf5\xb7\x97\x00\x63\x86\xe9\xee\x04\x8e\x24\x4b\x6e\
\x36\xcc\x20\xe2\x81\xb6\x88\xbc\xd0\x02\x54\x62\x13\x11\x11\x91\
\x2e\x4d\xea\xf7\x05\xea\x2b\xcf\x2e\xeb\xf7\x75\x7a\xe0\x79\x5a\
\x55\xd1\x76\xb3\x0e\x60\x6c\x1a\x30\xd7\x3a\xc4\x80\xec\x8e\xdf\
\x3b\x55\x97\x00\x57\x58\x87\x10\xff\xea\x65\x19\x95\xd8\x5e\xe8\
\x88\x30\x8d\x56\xb6\x0e\x21\x23\xeb\x50\xf2\xbb\x29\x45\x44\x44\
\x44\x44\x64\x45\x41\xbc\x36\xb0\xab\x75\x8c\x06\x96\x01\x83\x2b\
\x23\xf5\xee\x35\xe4\xd3\xc8\x3d\x7b\x12\x78\xb7\x75\x88\x0e\x7c\
\x1c\x78\x5d\x07\x3f\x7f\xbc\xc8\x76\x54\x9f\xf2\x4c\x2c\x9f\x6a\
\xf7\x6a\xe0\xac\x82\x1e\xf1\x76\xe0\x34\x60\x3b\xb2\x64\x27\xb2\
\xe4\x13\xa5\x28\xb0\x4d\x24\x4b\xee\x22\x4b\x3e\x4b\x96\xec\x4d\
\xbe\x65\xe6\x5f\x80\x0b\x81\x67\x07\x9c\xe4\x27\xc0\xae\x2a\xb0\
\xc9\xc8\xcb\xd7\x00\x1f\x63\x1d\xc3\xa1\xe3\xeb\x93\x3f\x45\x44\
\x44\x44\x3a\xd6\xf7\x12\x5b\xdd\x45\x03\xba\x4e\x37\x5e\x1a\xa6\
\xd1\xa8\x7c\x33\x35\xea\x25\x36\x18\x9d\xf7\xc1\x01\xd6\x01\x9a\
\xb8\xae\x56\xa9\xda\x8e\xe7\x97\xb2\xd8\x17\xd8\xc0\x3a\x84\x43\
\x2b\x03\x87\x59\x87\x90\xd1\x13\xa6\xd1\x18\xf0\x3e\xeb\x1c\x22\
\x22\x22\x22\x22\x8e\x1d\x80\xed\x64\xa4\x66\xae\x24\x4b\x16\x59\
\x87\x68\x4b\x10\x4f\x06\xde\x65\x1d\xa3\x0d\x1f\x25\x4b\xee\xb7\
\x0e\xd1\x96\x20\x7e\x3d\xf0\xde\x2e\x7e\x65\x59\x8b\x6c\x7f\x02\
\xfe\x13\x08\x80\x2d\xc9\x92\x0f\x92\x25\xbf\x29\x2a\x9e\x0b\x59\
\xb2\x88\x2c\xf9\x0a\x59\x72\x10\xf9\xf9\xd9\xa9\xc0\x43\x7d\xbe\
\xea\x52\xe0\xfd\xc0\xe1\x64\xc9\xa3\x7d\xbe\x96\x48\x19\x1c\x02\
\xcc\xb2\x0e\xe1\xd0\xba\x8c\xd6\x00\x11\x11\x11\x11\x29\xd0\xa0\
\x4a\x6c\x9e\x57\x07\xce\x22\x7f\x32\x3b\xd4\xc2\x34\x5a\x05\xd8\
\xd6\x3a\x87\x03\xa3\x52\x62\xf3\xfc\x04\xc1\xf3\xe7\x03\xf1\x45\
\x53\xd8\x1a\xd3\x98\x7a\xb1\xb0\x3f\xa3\xf3\x75\x54\x44\x44\x44\
\x44\xa4\x1b\x9e\x57\x89\x9e\x6f\x1d\xa0\x03\x47\x02\x9b\x59\x87\
\x68\xe1\x76\xe0\xb3\xd6\x21\xda\x12\xc4\x73\x81\x2f\xf6\xf0\x08\
\x65\x2a\xb2\xdd\x03\xbc\x19\xd8\x84\x2c\x79\x37\x59\x72\x03\x59\
\xb2\xac\x2f\xf9\x3c\xc9\x92\x07\xc9\x92\x0f\x03\x1b\x03\x27\x91\
\xff\xfd\x2c\xda\x43\x40\x44\x96\x7c\xbc\xbe\xe6\x54\x44\x74\x7e\
\xdd\x8c\xde\x37\x22\x22\x22\xd2\x95\x41\x4d\x20\xfb\x0d\xf0\x17\
\x60\xbd\x01\x5d\xaf\x53\xf3\x81\x6b\xac\x43\xf4\xd9\x2e\x0c\xae\
\xb4\xe8\xd9\xee\xd6\x01\xfa\xad\x5e\x58\xdc\xd3\x3a\x47\x13\x9e\
\x27\x33\x8a\x13\x61\x1a\x69\x14\x7b\x73\x07\x86\x69\xb4\x6e\xad\
\x52\x2d\xc7\x5d\xf4\x32\x2c\x62\xeb\x00\x7d\x72\x27\xf0\x47\x60\
\x11\xf9\xf7\xab\x8b\x80\x07\x19\xfc\x3a\x96\x51\x73\x93\x75\x00\
\xe9\xc8\xdb\x80\x95\xac\x43\x18\x39\x14\x9f\x13\x50\xaf\x07\xbe\
\x64\x1d\xc2\xd0\xe3\xd6\x01\xc4\xa5\x3f\x01\x1f\xb0\x0e\x31\x42\
\xae\xb5\x0e\xe0\x4e\x10\x8f\x01\x07\x5a\xc7\x68\xa2\x1c\x25\xb6\
\xfc\xfd\xf8\x1f\xd6\x31\xda\xf0\x36\xb2\xe4\x19\xeb\x10\x2d\x05\
\xf1\xaa\xc0\xb9\xf4\xfe\xbd\xdc\x78\x91\xed\x38\xb2\x64\x70\x6b\
\x69\xb3\x64\x09\x41\xfc\xea\xfa\xbf\x1d\xdf\xe4\x67\xde\x03\x7c\
\x0c\xf8\x36\x59\xb2\xb8\xff\xc1\x9c\xca\x92\x27\x81\x2f\x11\xc4\
\x5f\x25\xff\x1e\xf6\xdd\x14\x73\x4e\x7c\x2d\x70\x0c\x59\x72\x5f\
\x01\x8f\x25\x32\x1c\x82\x78\x4d\xe0\x60\xeb\x18\x8e\x1d\x49\x10\
\x9f\x44\x96\x3c\x61\x1d\x44\xba\xf6\x6f\x0c\xae\x47\xe0\xcd\x51\
\xc0\x2b\xac\x43\x4c\xe0\x6a\xe0\xeb\xd6\x21\x0c\x8d\xee\xf7\x78\
\xd2\xcc\xdd\xc0\x69\xd6\x21\x46\xc8\xd5\x83\xb8\xc8\x40\xbe\xf8\
\xd4\x2a\xd5\x65\x61\x1a\x5d\x8c\xdf\xe6\xfd\x01\xe4\x4f\x72\x87\
\x99\x26\xa7\xe4\xb6\x09\xd3\x68\xd5\x21\x5f\x67\xb9\x37\x30\xd5\
\x3a\x44\x03\x4f\x32\xfc\x85\x51\x29\x86\x46\xb1\x37\x37\x19\x78\
\x15\xf0\x39\xeb\x20\x32\x1a\xc2\x34\xda\x1d\xdf\x53\x3e\x3b\xf1\
\x34\xf9\x54\xd0\x9f\x00\x3f\xad\x55\xaa\xe5\x58\xff\x23\x62\xa8\
\x56\xa9\x9e\x69\x9d\xc1\x4a\x98\x46\x1b\xe0\xb3\xc4\x76\x67\xad\
\x52\xfd\x86\x75\x08\x11\x67\x1e\xd6\xc7\x85\x18\xdb\x0e\x78\xb1\
\x75\x88\x06\x32\xb2\xe4\x5e\xeb\x10\x6d\x0a\x81\x5d\xad\x43\xb4\
\xf0\x33\xb2\xe4\xa7\xd6\x21\x5a\xca\x0b\x81\x5f\x05\xb6\x2c\xe8\
\x11\x3d\x16\xd9\xee\x01\x3e\x0a\x7c\x67\xa4\xcb\x6b\x2b\xca\x92\
\xe7\xc8\x8b\xab\xe7\x13\xc4\x2f\x21\x5f\xcf\x7b\x18\xdd\xad\x3b\
\xfe\x02\xf0\x4e\xbd\x7f\x45\x5e\xe0\x18\xfc\xbe\x0e\xe3\xc1\xca\
\xe4\x9f\x77\x46\xf6\x3c\xa1\xf4\xb2\xe4\x3b\xd6\x11\xcc\x04\xf1\
\xe6\xf8\x2c\xb1\xfd\x9e\x2c\xd1\x73\x5e\x91\xe7\x7b\x50\x1f\x17\
\xc3\x67\x90\x93\xb9\x3c\x4f\x5f\x9a\x17\xa6\xd1\x4c\xeb\x10\x7d\
\x36\xf4\x13\xc8\xda\x34\x86\xff\x83\xb0\x5e\x79\x2e\x19\xfc\xb2\
\x56\xa9\xea\xc0\x43\xda\xa1\x75\x99\xad\x79\x2d\x86\xcb\x70\x7a\
\x87\x75\x80\x02\xdc\x48\xbe\x96\x68\xad\x5a\xa5\x7a\x48\xad\x52\
\xfd\xb2\x0a\x6c\x22\x22\x22\x22\x52\x20\xcf\xab\x44\x07\x57\x38\
\xea\x5d\x19\x9e\xeb\x7e\xc4\x3a\x40\x9b\x4e\x22\xbf\x01\xae\x48\
\x5e\x56\x8b\xde\x03\xbc\x09\xd8\x92\x2c\xf9\x9a\x0a\x56\x4d\x64\
\xc9\x55\x64\xc9\x11\xe4\xaf\x0f\x64\x1d\xfc\xca\x27\x81\x05\x64\
\xc9\xc9\x7a\xff\x8a\x4c\x48\xe7\xd7\xad\xe9\x7d\x24\x22\x22\x22\
\x1d\x1b\x64\x89\xed\xe2\x01\x5e\xab\x53\xd3\x80\xbd\xac\x43\xf4\
\x99\x26\xb1\xfd\xd3\xb0\xbf\x2f\x0e\xb0\x0e\xd0\x84\xe7\xcf\x03\
\xe2\x44\x98\x46\x6b\xe2\xf3\x2e\x17\x6f\x76\x0f\xd3\xa8\xa8\xbb\
\xa9\x45\x1a\x0a\xd3\x68\x16\x3e\xa7\x10\xb5\xeb\x6e\xf2\x17\xc2\
\x82\x5a\xa5\xfa\x83\x5a\xa5\xfa\xa4\x71\x1e\x11\x11\x11\x11\x19\
\x4e\x9e\x4b\x6c\x65\x59\x25\x3a\x85\x7c\xb2\x8d\x67\xbf\x24\x4b\
\xfc\x6f\x19\x08\xe2\x00\x38\xbd\x4f\x8f\x3e\x05\x38\xc7\xb0\xc8\
\x76\x24\x2a\xaf\x75\x2e\x4b\x32\xf2\xd5\xa2\x27\x01\x8f\xb6\xf8\
\xd9\xbf\x07\xf6\x20\x4b\xce\xe8\x7b\x2e\x91\x32\x0a\xe2\x39\x0c\
\xff\x6b\x8a\x45\x38\x90\x20\x7e\x91\x75\x08\x11\x11\x11\x29\x97\
\x81\x95\xd8\x6a\x95\xea\x7d\xe4\x4f\x7e\xbc\xf2\x5c\xfc\xe9\x49\
\x98\x46\x6b\x03\x9b\x58\xe7\x70\x64\x68\x4b\x6c\x61\x1a\xad\x03\
\xec\x68\x9d\xa3\x09\x95\xd8\xa4\x1d\x1a\xc5\xde\xbe\x32\xdc\xa1\
\x2e\xe5\x77\x38\xb0\x92\x75\x88\x2e\xfc\x0d\x78\x1b\xb0\x75\xad\
\x52\x3d\xb3\x56\xa9\x2e\xb5\x0e\x24\x22\x22\x22\x22\x43\x2a\x88\
\x67\x02\xfb\x58\xc7\x68\xe0\x56\xb2\xc4\xf3\x99\xec\xf2\xe6\x03\
\xeb\x58\x87\x68\xe1\x93\xd6\x01\x5a\x0a\xe2\x35\x80\x73\xc9\x6f\
\xdc\xee\x97\xc9\x58\x15\xd9\xb2\xe4\x07\x2a\xaf\x75\x29\x4b\x9e\
\x23\x4b\xbe\x04\x6c\x05\x7c\xbb\xc1\xcf\x3a\x1f\xd8\x8d\x2c\xb9\
\x75\x70\xc1\x44\x4a\xe7\x04\xeb\x00\x25\x31\x99\xe2\x27\x82\x8a\
\x88\x88\xc8\x90\x1b\xe4\x24\x36\xf0\xbd\x52\x74\x68\x4b\x6c\x0c\
\x71\x69\xab\x4b\xc3\xbc\x5a\x75\x7f\xeb\x00\x4d\x3c\x0c\xdc\x64\
\x1d\x42\x4a\x41\x63\xc6\xdb\xb7\x20\x4c\xa3\x31\xeb\x10\x32\xf4\
\xca\x58\x96\xfc\x3d\xb0\x7b\xad\x52\xfd\xef\x5a\xa5\xfa\x8c\x75\
\x18\x11\x11\x11\x11\x19\x7a\x7b\x03\xd3\xad\x43\x34\x50\x8e\x29\
\x6c\x39\xef\xa5\x80\x5b\x81\x0b\xac\x43\x34\x15\xc4\x63\xc0\x37\
\x81\x39\x03\xb8\x9a\x4d\x91\x4d\x7a\x97\x25\x0f\x90\x25\xaf\x25\
\x2f\xdf\x8e\x97\xd5\x9e\x03\xde\x05\x1c\x4d\x96\xfc\xdd\x2a\x9a\
\x88\x7b\xf9\xe7\x59\x9d\x5f\xb7\x4f\xef\x2b\x11\x11\x11\xe9\xc8\
\xa0\x4b\x6c\x9e\xa7\x30\xed\x54\x9f\x58\x36\x8c\x54\x62\x7b\xbe\
\x8d\xc3\x34\x1a\xd6\x11\xc6\xf3\xad\x03\x34\x71\x89\xa6\xe0\x48\
\x2b\x61\x1a\xcd\x41\xa3\xd8\x3b\xb1\x29\xb0\x87\x75\x08\x19\x5e\
\x61\x1a\xad\x4b\xf9\x8a\xfe\x17\x01\x7b\xd6\x2a\xd5\xb2\x4c\x9b\
\x10\x11\x11\x11\x91\xf2\xf3\xbc\x4a\xf4\xfb\xd6\x01\xda\x12\xc4\
\x33\x80\x23\xac\x63\xb4\xf0\x29\xb2\x64\x99\x75\x88\x16\x4e\x01\
\x0e\x1b\xe0\xf5\x54\x64\x2b\xb3\x2c\xf9\x25\xb0\x0b\xf0\x0e\x60\
\x3e\x59\xf2\x99\x12\xfc\x1d\x17\xb1\xb6\x13\xb0\x8d\x75\x88\x12\
\xd9\x9d\x20\xde\xc2\x3a\x84\x88\x88\x88\x94\xc7\xa0\x4b\x6c\x97\
\x02\x5e\x9f\x04\x8d\x01\x2f\xb5\x0e\xd1\x27\x2a\xb1\xbd\xd0\xb0\
\xbe\x4f\x3c\x17\x0d\x3c\x97\x58\xc5\x0f\xef\x77\x5d\x7b\xa4\xbb\
\xd9\xa4\x9f\x8e\x65\xf0\xdf\x2f\xf6\xe2\x0b\xc0\x41\xb5\x4a\xf5\
\x11\xeb\x20\x22\x22\x22\x22\x32\x52\x5e\x66\x1d\xa0\x81\x7b\x80\
\x5b\xac\x43\xb4\xe9\x60\x60\x55\xeb\x10\x4d\xdc\x07\x9c\x6d\x1d\
\xa2\xa9\x20\xde\x0c\x48\x0c\xae\xac\x22\x5b\x99\x65\xc9\xb3\x64\
\xc9\xe9\x64\xc9\xe5\xd6\x51\x44\x4a\x42\x67\xb1\x9d\x2b\xe3\x96\
\x07\x11\x11\x11\x31\x32\xd0\x17\x25\xeb\x2f\x28\xde\x30\xc8\x6b\
\x76\xc8\x73\x01\xa8\x2b\xf5\x35\x73\xc3\xbc\x3e\xb3\x5b\x43\x57\
\x62\x0b\xd3\x68\x53\x60\x13\xeb\x1c\x4d\xa8\xc4\x26\x4d\xd5\x3f\
\x5f\x55\xac\x73\x94\xd0\xab\xc2\x34\x9a\x6a\x1d\x42\x86\xd6\x91\
\xd6\x01\x3a\xf0\xd1\x5a\xa5\x7a\x72\xad\x52\x5d\x62\x1d\x44\x44\
\x44\x44\x44\x46\x48\x10\xaf\x0e\x6c\x6f\x1d\xa3\x81\x5f\x94\x68\
\xaa\xd2\xf1\xd6\x01\x5a\xf8\x2c\x59\xf2\xac\x75\x88\x86\xf2\xf5\
\x76\x5f\x02\x56\x32\x4a\xa0\x22\x9b\x88\x0c\xbf\x20\x9e\x8c\x6e\
\xc2\xee\xc6\x82\xfa\xd7\x29\x11\x11\x11\x91\x96\x2c\x26\x6b\x5c\
\x64\x70\xcd\x76\x79\x5e\xc5\xd8\xad\xd9\xc0\xb0\xae\xce\xec\xc5\
\x30\x16\xfb\x3c\xff\xfd\xbd\x0f\xb8\xdd\x3a\x84\xb8\xb7\x33\xb0\
\xb5\x75\x88\x12\x5a\x1b\x38\xd0\x3a\x84\x0c\x9f\x30\x8d\xa6\x03\
\xa1\x75\x8e\x36\x9d\x07\x7c\xc8\x3a\x84\x88\x88\x88\x88\x8c\xa4\
\x3d\xad\x03\x34\xf1\x0b\xeb\x00\x6d\x09\xe2\xd5\xc8\x27\xb1\x79\
\xf5\x08\xf0\x35\xeb\x10\x2d\x2c\xc0\xfe\x06\x6d\x15\xd9\x44\x64\
\xd8\xed\x0f\xac\x67\x1d\xa2\x84\x36\x03\xf6\xb0\x0e\x21\x22\x22\
\x22\xe5\x60\x51\x62\xf3\x3c\x8d\x69\xb3\x30\x8d\xe6\x58\x87\x28\
\xd8\x30\x96\xb5\x8a\xb0\x5b\x7d\xea\xd3\x30\xf1\x5c\x62\xbb\xb8\
\x56\xa9\x96\xe5\xce\x5f\xb1\xa3\xb1\xe2\xdd\xd3\x18\x7b\xe9\x87\
\xdd\x80\xe9\xd6\x21\xda\xb0\x10\x78\x4d\xad\x52\x5d\x6a\x1d\x44\
\x44\x44\x44\x44\x46\x92\xd7\x1b\x3f\x96\xe1\xfb\x1c\x76\x79\x47\
\xe0\xfb\xb9\xc7\x17\xc9\x92\xc7\xad\x43\x34\x14\xc4\x6b\x03\xa7\
\x5b\xc7\xa8\x53\x91\x4d\x44\x86\x99\xce\xaf\xbb\xa7\xf7\x9d\x88\
\x88\x88\xb4\xc5\xa2\xc4\x76\x15\xf0\x8c\xc1\x75\xdb\xe5\xb9\x08\
\xd4\x8d\xa1\x5b\x9b\x59\x90\xb5\x81\x8d\xad\x43\x14\x25\x4c\xa3\
\x49\xf8\xfe\xbb\xeb\x79\x02\xa3\x38\x10\xa6\x91\x46\xb1\xf7\xe6\
\xf0\x30\x8d\x66\x96\x65\xac\x06\x00\x00\x20\x00\x49\x44\x41\x54\
\x59\x87\x90\xa1\xb3\x8f\x75\x80\x36\xfc\x19\x38\xac\x56\xa9\x3e\
\x69\x1d\x44\x44\x44\x44\x44\x46\x96\xd7\x12\xdb\x42\xb2\xe4\xaf\
\xd6\x21\xda\xe4\x79\x95\xe8\xd3\xc0\xe7\xad\x43\xb4\xf0\x9f\xc0\
\x5a\xd6\x21\x96\xa3\x22\x9b\x88\x0c\x9f\x20\x9e\x09\xe8\xf3\x5a\
\xf7\x8e\x23\x88\xa7\x5a\x87\x10\x11\x11\x11\xff\x06\x5e\x62\xab\
\x55\xaa\x4f\x01\x57\x0e\xfa\xba\x1d\xb0\x1e\xbb\x5e\x34\x95\xd8\
\x1a\x1b\xa6\x29\x75\x3b\x90\x17\xf3\xbc\xba\xc4\x3a\x80\xb8\xa7\
\x51\xec\xbd\x59\x89\xfc\xce\x75\x91\x22\x95\xa1\xc4\x76\x6c\xad\
\x52\xbd\xdf\x3a\x84\x88\x88\x88\x88\x8c\xa8\x20\x9e\x8c\xdf\x75\
\xa2\x65\x59\x25\xba\x2e\xbe\x6f\xcc\xfc\x06\x59\xf2\x80\x75\x88\
\x86\x82\x78\x3e\xf0\x1a\xeb\x18\x13\x50\x91\x4d\x44\x86\xcd\xa1\
\xc0\x2a\xd6\x21\x4a\x6c\x6d\xe0\x40\xeb\x10\x22\x22\x22\xe2\x9f\
\xc5\x24\x36\xf0\x3d\xca\x7e\x7e\x7d\xaa\x55\xe9\xd5\x7f\x1f\x81\
\x75\x0e\xc7\x86\xa9\xe0\xe7\xf9\xb0\xef\x37\xb5\x4a\xf5\xcf\xd6\
\x21\xc4\x3d\xef\xeb\x30\xff\x00\x5c\x6e\x1d\xa2\x05\x8d\x64\x97\
\xc2\x84\x69\x34\x05\x78\x89\x75\x8e\x16\xce\xad\x55\xaa\x9e\x6f\
\x8c\x10\x11\x11\x11\x91\xe1\xb7\x2d\xb0\xaa\x75\x88\x06\xca\x51\
\x62\x83\x63\xc8\x0b\x4f\x1e\x2d\x05\x3e\x63\x1d\xa2\xa1\x20\x9e\
\x01\x7c\xd9\x3a\x46\x13\x2a\xb2\x89\xc8\x30\xf1\x7e\x7e\x7d\x0d\
\x70\x8b\x75\x88\x16\xbc\xbf\x0f\x45\x44\x44\xc4\x01\xab\xb2\x96\
\xe7\xd5\x82\xeb\x00\xdb\x5b\x87\x28\xc8\x56\xf8\x3d\x48\xf3\x60\
\x98\x26\xb1\x79\x9e\x20\xe8\xb9\xb4\x2a\x0e\x84\x69\x34\x13\x38\
\xd2\x3a\x47\x0b\x67\x00\xdf\xb5\x0e\xd1\xc2\xfc\x30\x8d\x5e\x6c\
\x1d\x42\x86\xc6\x76\xf8\xbe\xbb\x74\x09\xf0\x3e\xeb\x10\x22\x22\
\x22\x22\x32\xf2\xbc\xae\x12\x7d\x0a\xb8\xca\x3a\x44\x9b\x3c\xaf\
\x12\x3d\x97\x2c\xb9\xd3\x3a\x44\x13\xa7\x00\x9b\x59\x87\x68\x41\
\x45\x36\x11\x29\xbf\x20\x5e\x07\x88\xac\x63\xb4\x70\x46\xfd\xcd\
\xb3\xc3\x08\x62\xbd\x66\x29\x22\x22\x22\x4d\x59\x95\xd8\x16\x02\
\x8f\x1a\x5d\xbb\x1d\x9e\x0b\x41\x9d\x18\xa6\x49\x63\xfd\xb0\x6b\
\x98\x46\x5e\xef\xf4\x6c\x5b\x98\x46\xd3\xf0\xbd\xf2\x4d\x25\x36\
\x69\xa5\x0c\xa3\xd8\xcf\x00\xce\x03\x16\x5b\x07\x69\x62\x12\x70\
\x9c\x75\x08\x19\x1a\x5b\x58\x07\x68\xe1\xcb\xb5\x4a\xf5\x76\xeb\
\x10\x22\x22\x22\x22\x32\xf2\xe6\x59\x07\x68\xe0\x0a\xb2\xe4\x19\
\xeb\x10\x2d\x05\xf1\x1c\xfc\xbe\x0f\x01\xfe\xdb\x3a\x40\x43\x41\
\xbc\x06\xf0\x1f\xd6\x31\xda\xa4\x22\x9b\x88\x94\xdd\xb1\xc0\x14\
\xeb\x10\x4d\x3c\x07\x9c\x03\x9c\x69\x1d\xa4\x85\x19\xc0\x11\xd6\
\x21\x44\x44\x44\xc4\x37\x93\x12\x5b\xad\x52\x7d\x0e\xb8\xd4\xe2\
\xda\x6d\x1a\x96\x12\xdb\x30\x4d\x1a\xeb\x87\x95\x81\xad\xad\x43\
\x14\x60\x0f\xf2\xdf\x8b\x47\x4b\xf1\xbf\x82\x51\xec\x79\x1f\x23\
\x7e\x4d\xad\x52\xbd\xbd\x56\xa9\x3e\x0a\xfc\x9f\x75\x98\x16\xb4\
\x52\x54\x8a\xb2\xb9\x75\x80\x26\x1e\x07\x3e\x62\x1d\x42\x44\x44\
\x44\x44\x04\xbf\x93\xd8\xca\xb2\x4a\xd4\xf3\x8d\x58\x77\x91\xaf\
\x66\xf3\xea\xbd\xc0\xea\xd6\x21\x3a\x30\x5e\x64\x1b\x86\xb3\x58\
\x11\x19\x3d\xde\xcf\xaf\x2f\x24\x4b\x1e\x24\x4b\xee\xc3\xff\xeb\
\x31\xde\xdf\x97\x22\x22\x22\x62\xcc\x6a\x12\x1b\xf8\x9e\xce\xb4\
\x4f\x7d\xba\x55\xd9\x69\x12\x5b\x6b\xc3\x50\xf4\x9b\x6f\x1d\xa0\
\x89\xeb\xeb\xc5\x1f\x91\x09\x85\x69\xb4\x0e\xf0\x72\xeb\x1c\x2d\
\x2c\x3f\x86\xdd\xfb\x4a\xd1\x5d\xc2\x34\xda\xd6\x3a\x84\x0c\x05\
\xcf\x2b\x69\xbe\x5f\xab\x54\x1f\xb0\x0e\x21\x22\x22\x22\x22\x23\
\x2e\x88\xd7\x06\xb6\xb4\x8e\xd1\x40\x59\x4a\x6c\x9e\x57\x89\x9e\
\x45\x96\x2c\xb3\x0e\x31\xa1\x20\xde\x10\x78\xab\x75\x8c\x2e\xfc\
\x0f\xf0\x3b\xeb\x10\x22\x22\x1d\x09\xe2\xcd\x81\x3d\xad\x63\xb4\
\x50\xa6\xf3\xeb\xf9\x04\xf1\xfa\xd6\x21\x44\x44\x44\xc4\x2f\xcb\
\x12\xdb\x45\x86\xd7\x6e\x65\x65\xf2\xe9\x56\xa5\x55\x2f\xe1\xed\
\x64\x9d\xa3\x04\x86\xa1\xe8\xe7\x79\x72\xa0\xe7\xb2\xaa\xf8\x70\
\x2c\xf9\xdd\xb8\x5e\x8d\x8f\x62\x1f\x77\x01\xbe\xd7\x61\x83\xa6\
\xb1\x49\x31\x3c\x4f\x62\xfb\x89\x75\x00\x11\x11\x11\x11\x11\xfc\
\xbe\xa0\xfd\x08\x70\xab\x75\x88\x96\x82\x78\x5b\x60\xae\x75\x8c\
\x26\xce\xb2\x0e\xd0\xc4\x07\x81\x95\xac\x43\x74\xe8\xc7\xc0\xdb\
\xdd\x16\x03\x45\x44\x1a\x3b\xc1\x3a\x40\x0b\x8f\x03\x3f\x5a\xee\
\xdf\xcf\x03\x16\x1b\x65\x69\xc7\x24\x7c\x4f\x62\x15\x11\x11\x11\
\x63\x96\x25\xb6\xdf\x03\xf7\x1b\x5e\xbf\x15\xcf\xc5\xa0\x76\xcc\
\x05\x86\x61\x9a\x5c\xbf\x95\x7a\x12\x5b\x98\x46\xab\xe2\xbb\x70\
\xa9\x12\x9b\xb4\xe2\x7d\x7c\xf8\x85\xb5\x4a\xf5\xc1\xf1\x7f\xa9\
\x55\xaa\xcf\x00\xe7\x1a\xe6\x69\xc7\x89\x61\x1a\x59\x7e\x7d\x97\
\xe1\xe0\xb5\xc4\xf6\x2c\xf0\x73\xeb\x10\x22\x22\x22\x22\x22\xf8\
\x5d\x25\x7a\x2d\x59\xb2\xd4\x3a\x44\x1b\x5e\x66\x1d\xa0\x89\x5b\
\xc8\x12\x9f\x45\xc0\x20\xde\x0a\x78\xbd\x75\x8c\x0e\x65\xc0\x09\
\x64\xc9\x73\xd6\x41\x44\x44\x3a\x12\xc4\x63\xf8\x3f\xbf\x3e\x9f\
\x2c\x79\xf2\x1f\xff\x96\x25\x8f\x02\xff\x67\x17\xa7\x2d\xde\xdf\
\xa7\x22\x22\x22\x62\xc8\xec\x45\xee\x5a\xa5\xba\x0c\xdf\x05\x17\
\xcf\x2b\x1a\xdb\x31\x0c\x13\xc6\x06\x61\x6e\x98\x46\x65\xbb\x73\
\x71\x79\xfb\x00\x53\xac\x43\x34\xf0\x34\x70\xb5\x75\x08\xf1\x2b\
\x4c\xa3\xb2\x8d\x62\x1f\xe7\x7d\x24\xfb\xc6\xc0\x3c\xeb\x10\x52\
\x5e\xf5\xaf\x8b\x1b\x5a\xe7\x68\xe0\xb2\x5a\xa5\xfa\x98\x75\x08\
\x11\x11\x11\x11\x11\xfc\xde\x18\x79\xad\x75\x80\x36\xed\x6b\x1d\
\xa0\x09\xcf\x53\xd8\x3e\x86\xef\x89\xf6\x2b\xba\x07\x78\x25\x59\
\xf2\x84\x75\x10\x11\x91\x2e\xec\x06\x6c\x61\x1d\xa2\x85\x32\x9e\
\x5f\xef\x42\x10\x6f\x63\x1d\x42\x44\x44\x44\x7c\xb2\x9e\xd4\xe2\
\x79\xa5\xe8\x9e\x61\x1a\xcd\xb2\x0e\xd1\x03\xaf\x07\x69\xde\x4c\
\x05\x76\xb4\x0e\xd1\x03\xcf\x65\xcb\xab\x6a\x95\xea\xd3\xd6\x21\
\xc4\xb5\xb2\x8d\x62\x1f\x77\x25\x70\xef\x80\xb3\x74\x4a\x77\xb3\
\x49\x2f\x56\xb7\x0e\xd0\x84\xf7\x3b\x49\x45\x44\x44\x44\x64\x74\
\xec\x60\x1d\xa0\x81\x6b\xac\x03\xb4\x94\x4f\xb6\xd9\xc7\x3a\x46\
\x13\x67\x5b\x07\x98\x50\x10\xef\x0a\x1c\x65\x1d\xa3\x03\x7f\x03\
\x5e\x41\x96\xfc\xc5\x3a\x88\x88\x48\x97\x4e\xb4\x0e\xd0\xc2\x5f\
\x80\x4b\x26\xf8\xef\x17\x00\x8f\x0e\x38\x4b\xa7\xbc\xbf\x6f\x45\
\x44\x44\xc4\x88\x75\x89\x6d\xa2\x6f\xae\xbc\x98\x8c\xef\xc3\x94\
\x56\x34\x89\xad\x7d\x65\x7e\x5f\x79\x5e\x7b\xeb\x79\xd2\xa2\x18\
\x0b\xd3\xa8\x14\xa3\xd8\x6b\x95\xea\x93\x2b\xfe\xc7\x5a\xa5\xba\
\x14\x38\xd3\x20\x4f\x27\x8e\x0d\xd3\x68\xba\x75\x08\x29\xad\x95\
\xad\x03\x34\x71\x93\x75\x00\x11\x11\x11\x11\x11\x82\x78\x1d\x60\
\x5d\xeb\x18\x0d\x5c\x67\x1d\xa0\x0d\xdb\x02\x6b\x59\x87\x68\xa0\
\x46\x96\xdc\x65\x1d\xa2\x81\x77\x59\x07\xe8\xc0\xb3\xc0\x11\x64\
\xc9\x6f\xac\x83\x88\x88\x74\x25\x88\xa7\x02\xc7\x5b\xc7\x68\xe1\
\x2c\xb2\x64\xc9\x0b\xfe\x6b\x96\x3c\x03\x9c\x3b\xf8\x38\x1d\x39\
\x91\x20\xb6\x7e\x8d\x5a\x44\x44\x44\x1c\x32\xfd\x06\xa1\x56\xa9\
\xfe\x09\xf0\xfc\x44\xd6\xf3\x94\xab\x86\xc2\x34\x5a\x95\xfc\x30\
\x48\xda\x53\xca\x12\x5b\x98\x46\xeb\xe2\xf7\xae\x5f\xf0\x3d\x69\
\x51\xec\x95\x75\x14\xfb\x38\xef\x23\xd9\xd7\x00\x0e\xb2\x0e\x21\
\xa5\xb5\x8a\x75\x80\x26\x74\x07\xbf\x88\x88\x88\x88\x78\xb0\x9d\
\x75\x80\x06\x7e\x47\x96\x3c\x6c\x1d\xa2\x0d\x9e\x6f\x1c\xf6\xb9\
\x4a\x34\x88\x67\x03\xc7\x58\xc7\xe8\xc0\x1b\xc8\x92\x4b\xad\x43\
\x88\x88\xf4\xe0\x00\x60\x1d\xeb\x10\x2d\x94\xf9\xfc\x7a\x0e\x30\
\xcf\x3a\x84\x88\x88\x88\xf8\xe3\xa1\xe5\xee\x79\x5a\x93\xe7\x29\
\x57\xcd\xec\x02\x8c\x59\x87\x28\x91\xb2\xae\x5e\xdd\xdf\x3a\x40\
\x13\x8f\x02\x0b\xad\x43\x88\x6b\xde\xa7\xb0\x35\x1a\xc5\x0e\x40\
\xad\x52\xfd\x35\xfe\x27\x42\x69\x24\xbb\x74\xcb\xf3\x24\x36\x95\
\xd8\x44\x44\x44\x44\xc4\x83\xed\xad\x03\x34\xe0\x7f\x95\x68\xce\
\x6b\x89\x6d\x29\xf0\x3d\xeb\x10\x0d\x9c\x4c\xbe\x39\xa4\x0c\x3e\
\x42\x96\xa4\xd6\x21\x44\x44\x7a\xe4\xfd\xfc\xfa\xb7\x34\x7f\x0d\
\xe6\x4a\xe0\xde\x01\x65\xe9\x96\xf7\xf7\xb1\x88\x88\x88\x18\xf0\
\x50\x62\xf3\x3c\xad\x69\xfb\x30\x8d\xd6\xb3\x0e\xd1\x85\x52\x4e\
\x16\x33\xb4\x55\x98\x46\xab\x59\x87\xe8\x82\xe7\x49\x81\x97\xd5\
\x2a\xd5\xe7\xac\x43\x88\x4f\x61\x1a\x4d\x05\x8e\xb3\xce\xd1\xc2\
\x59\xb5\x4a\xf5\x85\xa3\xd8\x9f\xaf\xd9\x9d\x6e\x1e\xbc\x32\x4c\
\xa3\xd5\xad\x43\x48\x29\x79\x9d\xc4\xf6\x14\xf0\x98\x75\x08\x11\
\x11\x11\x11\x11\xfc\x4e\xc6\xf7\x5f\x62\x0b\xe2\x31\x60\x5f\xeb\
\x18\x0d\x5c\x4c\x96\x2c\xb2\x0e\xf1\x02\x41\xbc\x0a\xf0\x66\xeb\
\x18\x6d\xba\x1e\x38\xcd\x3a\x84\x88\x48\x4f\xf2\xcf\xbb\x87\x5b\
\xc7\x68\xe1\xbb\x64\xc9\xb2\x86\xff\x37\x4b\x96\x02\x67\x0e\x2e\
\x4e\x57\x8e\x25\x88\xa7\x59\x87\x10\x11\x11\x11\x5f\x3c\x94\xd8\
\x2e\x07\x3c\x97\x5d\x3c\x4f\xbb\x6a\x44\x25\xb6\xce\x8c\x01\xbb\
\x5a\x87\xe8\x44\x98\x46\x63\xf8\x9e\x14\xe8\x79\xc2\xa2\xd8\x2b\
\xfb\x28\xf6\x71\x67\x01\x8d\x0f\x0a\xec\x4d\x07\x8e\xb2\x0e\x21\
\xa5\xe4\x75\x12\xdb\xa2\x5a\xa5\xea\xf9\x63\x4e\x44\x44\x44\x44\
\x46\x87\xd7\x49\x6c\xd7\x5a\x07\x68\xc3\x66\xc0\xfa\xd6\x21\x1a\
\xf0\xb9\x4a\x14\x5e\x0b\x94\xe1\x06\xdc\x67\x81\xd7\x93\x25\xad\
\x6e\x0a\x14\x11\xf1\xee\x70\x60\xa6\x75\x88\x16\xda\x29\xa8\x79\
\x5f\x29\xba\x06\x70\x90\x75\x08\x11\x11\x11\xf1\xc5\xbc\xc4\x56\
\xab\x54\xff\x46\x7e\x87\x96\x57\x9e\x8b\x42\x8d\x94\x75\x3d\xa6\
\xa5\xb2\x15\xff\x36\x05\x36\xb6\x0e\xd1\x84\x4a\x6c\xd2\x8c\xf7\
\x31\xe1\xad\x46\xb1\x03\x50\xab\x54\xff\x48\x93\x95\xa3\x4e\x68\
\xa5\xa8\x74\x63\xba\x75\x80\x06\x34\x85\x4d\x44\x44\x44\x44\xec\
\xe5\x93\xc4\x3c\x96\xd8\x9e\x02\x6e\xb1\x0e\xd1\x06\xaf\x53\xd8\
\x9e\x01\xce\xb7\x0e\xf1\x02\x41\x3c\x19\x78\x9b\x75\x8c\x36\x9d\
\x46\x96\xdc\x6a\x1d\x42\x44\xa4\x00\xde\xcf\xaf\xaf\x22\x4b\xee\
\x6a\xf9\xb3\xb2\xe4\xd7\xc0\x4d\xfd\x8f\xd3\x13\xef\xef\x6b\x11\
\x11\x11\x19\x30\xf3\x12\x5b\x9d\xe7\x95\xa2\x07\xd4\xa7\x5e\x95\
\x42\x98\x46\xeb\x00\x73\xac\x73\x34\xf0\x88\x75\x80\x26\xca\x56\
\xfc\xf3\xbc\x4a\xf4\xcf\xe4\x25\x20\x91\x17\x08\xd3\xa8\x14\xa3\
\xd8\x3b\x98\xf6\xe4\x7d\xa5\xe8\x7e\x61\x1a\xcd\xb6\x0e\x21\xa5\
\xf3\x84\x75\x80\x06\xbc\x4f\x70\x14\x11\x11\x11\x91\xd1\xb0\x21\
\x30\xcb\x3a\xc4\x04\xb2\x92\x4c\xc0\xda\xc7\x3a\x40\x03\x17\x90\
\x25\x7f\xb3\x0e\x31\x81\x43\xc8\xa7\xd7\x79\x77\x33\xf0\x09\xeb\
\x10\x22\x22\x3d\x0b\xe2\xf5\x80\x97\x59\xc7\x68\xa1\x93\x09\x6b\
\xde\xcf\xaf\x5f\x49\x10\x97\x61\xda\xa8\x88\x88\x88\x0c\x88\x97\
\x12\x9b\xe7\xa9\x4d\xb3\x81\xcd\xad\x43\x74\x20\xb0\x0e\xd0\xc4\
\xcf\x80\x45\xd6\x21\x1a\x28\xdb\x24\x36\xcf\x13\x02\x2f\xd2\xba\
\x37\x69\x62\x58\x46\xb1\x8f\x3b\x1f\x78\xba\x5f\x41\x0a\x30\x06\
\x1c\x6f\x1d\x42\x4a\xc7\x6b\x89\xed\x45\x61\x1a\x4d\xb6\x0e\x21\
\x22\x22\x22\x22\x23\x6f\x07\xeb\x00\x0d\xdc\x68\x1d\xa0\x4d\x5e\
\x27\xb1\x7d\xdf\x3a\x40\x03\x6f\xb5\x0e\xd0\x86\xe7\xc8\xd7\x88\
\x3e\x6b\x1d\x44\x44\xa4\x00\xaf\xc2\xcf\x6b\xa7\x13\x59\x02\x9c\
\xdb\xc1\xcf\x3f\x0b\xf0\xfc\x7a\xcd\x74\xe0\x28\xeb\x10\x22\x22\
\x22\xe2\x87\x97\x6f\xc4\x6a\xe4\x23\xef\xbd\xf2\x5c\x18\x5a\x91\
\xe7\x89\x62\xd7\xe1\x77\x75\xec\xec\x30\x8d\xd6\xb3\x0e\xd1\x8e\
\x30\x8d\x26\x01\xfb\x5b\xe7\x68\xc2\x73\x29\x55\xec\x79\x1f\x0f\
\x7e\x55\xad\x52\x6d\x3d\x8a\xbd\xae\xbe\x12\xfb\x27\x7d\xcc\x53\
\x04\xef\xef\x73\xf1\xe7\x71\xeb\x00\x0d\x4c\x42\xd3\xd8\x44\x44\
\x44\x44\xc4\x9e\xc7\x55\xa2\x00\xbf\xb6\x0e\xd0\x52\x10\x6f\x0c\
\x6c\x6c\x1d\xa3\x81\xcb\xac\x03\xbc\x40\x10\xcf\xc6\xf7\x19\xe0\
\xb8\x4f\x92\x25\x0b\xad\x43\x88\x88\x14\xc4\xfb\x59\xea\x05\x64\
\xc9\x5f\xdb\xfe\xd9\x59\xf2\x47\xe0\x92\xfe\xc5\x29\x84\xf7\xf7\
\xb9\x88\x88\x88\x0c\x90\x8b\x12\x5b\xad\x52\x7d\x06\xf8\xa5\x75\
\x8e\x26\x3c\xaf\x6e\x5c\x91\xe7\x89\x62\xd7\xd5\xdf\xbc\xf2\xfc\
\xbe\x5b\xde\x8e\xc0\x5a\xd6\x21\x9a\x50\x89\x4d\x26\x54\x2f\x8a\
\x0e\xd3\x28\xf6\x5e\x7e\xcd\x20\xed\x10\xa6\xd1\x5c\xeb\x10\x52\
\x2a\x5e\x27\xb1\x01\x94\xa2\x70\x2e\x22\x22\x22\x22\x43\x4d\x25\
\xb6\xee\xed\x6d\x1d\xa0\x81\x3b\xea\x2f\xf2\x7b\x53\x86\xc9\xea\
\xb7\x01\xa7\x59\x87\x10\x11\x29\x44\x10\x6f\x85\xef\x6d\x47\xd0\
\xdd\x59\xb4\xf7\x95\xa2\xfb\x11\xc4\x1b\x5a\x87\x10\x11\x11\x11\
\x1f\x5c\x94\xd8\xea\x2e\xb2\x0e\xd0\xc4\xfe\x65\x58\x5f\x15\xa6\
\xd1\x18\x7e\x8b\x58\x4b\x80\x9b\xf0\x3b\x89\x0d\xfc\xbe\xef\x56\
\xe4\xb9\x54\xf9\xfb\x5a\xa5\x7a\xbf\x75\x08\x71\x6b\xd8\x46\xb1\
\x8f\xbb\x10\x78\xb8\xe0\x2c\x45\x3b\xd1\x3a\x80\x94\x8a\xd7\x49\
\x6c\x90\xaf\x79\x17\x11\x11\x11\x11\xb1\xa4\x12\x5b\xf7\xbc\xae\
\x12\xbd\xc2\x3a\x40\x03\xde\x9f\xcb\x2f\x23\x5f\x23\xfa\xb4\x75\
\x10\x11\x91\x82\x78\xff\xbc\xfb\x18\xf0\x7f\x5d\xfc\xba\xf3\x01\
\xcf\x9f\xab\xc7\x28\x47\x71\x5b\x44\x44\x44\x06\xc0\x53\x99\xc0\
\xf3\xf4\xa6\x35\x80\x9d\xad\x43\xb4\x61\x23\xe0\x45\xd6\x21\x1a\
\xb8\xa5\x56\xa9\x3e\x05\x64\xd6\x41\x9a\xf0\xbc\x8a\x75\x79\x9e\
\xd7\xdb\x7a\xfe\x38\x16\x7b\xde\xc7\x82\x5f\x50\xab\x54\xdb\x1f\
\xc5\x5e\x57\xab\x54\x17\x03\xdf\xeb\x43\x9e\x22\x9d\x50\x5f\x45\
\x2c\xd2\x0e\xcf\x25\x36\xcf\x5f\x03\x45\x44\x44\x44\x64\xd8\x05\
\xf1\x18\xb0\xb5\x75\x8c\x09\xfc\x91\x2c\x79\xd4\x3a\x44\x1b\xf6\
\xb1\x0e\xd0\xc0\xe5\xd6\x01\x5e\x20\x88\x77\x00\xbc\x4f\x55\xff\
\x1c\x59\x72\x8d\x75\x08\x11\x91\x42\xe4\x5f\xe3\xbd\x9f\x5f\x9f\
\x47\x96\x3c\xd5\xf1\xaf\xca\x92\xbf\x01\x3f\x2e\x3e\x4e\xa1\xbc\
\xbf\xef\x45\x44\x44\x64\x40\x3c\xbd\xa0\x7d\x13\xbe\x27\xd9\x78\
\x9e\x7e\x35\xce\xf3\x24\xb1\xeb\x01\x6a\x95\xea\x43\xc0\x5d\xc6\
\x59\x1a\xd9\xad\x3e\xcd\xce\xad\x30\x8d\xa6\xe3\x77\xf5\x02\xa8\
\xc4\x26\x0d\x84\x69\xb4\x35\xc3\x39\x8a\xbd\x88\x5f\x3b\x08\x1b\
\xe2\xf7\xc5\x02\xf1\xe7\x11\xe0\x19\xeb\x10\x0d\x1c\xea\xfd\x6b\
\xb5\x88\x88\x88\x88\x0c\xb5\x17\x01\x33\xac\x43\x4c\xc0\xff\x14\
\xb6\x20\x5e\x1f\xd8\xd2\x3a\x46\x03\x1e\x27\xb1\x79\x9f\x06\xf4\
\x14\xf0\x31\xeb\x10\x22\x22\x05\x0a\x81\x4d\xac\x43\xb4\xd0\xcb\
\x19\xb4\xf7\x95\xa2\x73\x09\x62\xef\xe5\x6d\x11\x11\x11\x19\x00\
\x37\x25\xb6\x5a\xa5\xba\x14\xdf\x05\x98\x32\x4c\xfe\xf0\x3c\x49\
\xec\xba\x06\xff\xec\xc9\x9a\xf8\x7f\x92\xb2\x27\x30\xd3\x3a\x44\
\x03\xcb\x80\x4b\xad\x43\x88\x5b\xde\x0f\x5f\xbb\x1d\xc5\x3e\xee\
\x6a\xe0\xee\x62\xa2\xf4\x8d\xee\x66\x93\xb6\xd4\xbf\x27\xbb\xd3\
\x3a\x47\x03\x73\x80\x1d\xac\x43\x88\x88\x88\x88\xc8\xc8\x9a\x63\
\x1d\xa0\x01\xff\x25\x36\xbf\x37\x65\xde\x8f\xb7\xe7\xf3\x41\x3c\
\x09\x38\xc1\x3a\x46\x0b\x5f\x22\x4b\x1e\xb4\x0e\x21\x22\x52\x20\
\xef\x67\xa7\x7f\xa2\xb7\xc9\xa1\x17\xe2\x7b\x90\x08\xf8\x7f\x0d\
\x41\x44\x44\x44\x06\xc0\x4d\x89\xad\xce\x73\x89\x6d\xaf\x30\x8d\
\x56\xb2\x0e\xd1\x82\xfb\x49\x6c\x13\xfc\xb3\x37\x9e\x8b\x80\xe0\
\x7b\x22\xe0\xc2\x5a\xa5\xea\xfd\x49\x90\x18\xa8\x4f\x4d\xf2\xfe\
\x04\xf4\xbc\xfa\xca\xe3\xae\xd4\x2a\xd5\x65\xf8\xbf\x9b\xed\x98\
\x12\x7c\x1d\x13\x3f\x6e\xb7\x0e\xd0\xc4\xa1\xd6\x01\x44\x44\x44\
\x44\x64\x64\x6d\x6c\x1d\xa0\x01\x95\xd8\xba\x77\x39\x59\xb2\xcc\
\x3a\xc4\x0a\xf6\x02\x66\x5b\x87\x68\x62\x31\xf0\x9f\xd6\x21\x44\
\x44\x0a\x13\xc4\xd3\x80\x63\xad\x63\xb4\x70\x26\x59\xf2\x5c\xd7\
\xbf\x3a\x4b\x16\x03\xe7\x14\x17\xa7\x2f\x4e\xa8\x17\xb9\x45\x44\
\x44\x64\x84\x79\xfb\x66\xe0\x22\xeb\x00\x4d\xac\x04\xcc\xb3\x0e\
\xd1\x48\x98\x46\x93\x81\x5d\xad\x73\x34\xf0\x24\xf0\x9b\xe5\xfe\
\xdd\x73\x89\xcd\x73\x11\x10\x7c\x4f\x04\xf4\x5c\x42\x15\x5b\xc3\
\x3e\x8a\x7d\x9c\xf7\x12\xdb\x2c\xe0\x10\xeb\x10\x52\x1a\x9e\x4b\
\x6c\xc7\x86\x69\xe4\xed\x7b\x58\x11\x11\x11\x11\x19\x0d\x73\xac\
\x03\x34\x50\x86\x12\xdb\xb6\xd6\x01\x1a\xf0\xb8\x4a\xd4\xfb\x14\
\xb6\xaf\x93\x25\x7f\xb2\x0e\x21\x22\x52\xa0\x08\x58\xcb\x3a\x44\
\x0b\xa3\x70\x7e\xbd\x21\xb0\x8f\x75\x08\x11\x11\x11\xb1\xe5\xed\
\x05\xc0\x3b\x81\x7b\xac\x43\x34\xe1\xb9\x40\xb4\x15\xb0\xaa\x75\
\x88\x06\x16\xd6\x2a\xd5\x25\xcb\xff\x3b\xb0\xd4\x2a\x4c\x0b\x6e\
\x27\xb1\x85\x69\x34\x0b\xc7\xf9\x50\x89\x4d\x1a\x1b\xf6\x51\xec\
\x00\xd4\x2a\xd5\xdb\x80\x1b\x7a\x8f\xd3\x57\xde\x27\xe2\x89\x1f\
\x9e\x4b\x6c\x3b\xe0\xff\xee\x58\x11\x11\x11\x11\x19\x4e\x5e\x27\
\xb1\xfd\xa6\xf5\x4f\x31\xb7\xb9\x75\x80\x06\x7a\x3e\x0f\x28\x54\
\x10\x8f\x01\x07\x5b\xc7\x68\xe2\x39\xe0\x53\xd6\x21\x44\x44\x0a\
\xe6\xfd\xfc\xfa\xd7\xc0\xaf\x0a\x78\x9c\xab\xf1\xb6\x42\xfb\x85\
\xbc\xff\x59\x88\x88\x88\x48\x9f\xb9\x2a\xb1\xd5\xd7\xb1\x79\x9e\
\xc6\xe6\xb9\xc4\xe6\x79\x82\xd8\x75\xcb\xff\x4b\xad\x52\x7d\x1c\
\xb8\xcd\x28\x4b\x2b\xbb\x84\x69\x34\xc5\x3a\x44\x03\xfb\x02\x93\
\xad\x43\x34\xb0\x18\xb8\xd2\x3a\x84\xf8\x13\xa6\xd1\x34\xe0\x55\
\xd6\x39\x5a\x38\xb3\x56\xa9\x76\x3f\x8a\xfd\xf9\xbc\xdf\xcd\x76\
\x70\x98\x46\x6b\x5a\x87\x90\x52\xf0\x5c\x62\x03\x48\xc2\x34\x9a\
\x6e\x1d\x42\x44\x44\x44\x44\x46\xce\x1c\xeb\x00\x13\xb8\x97\x2c\
\xf9\xbb\x75\x88\xa6\x82\x78\x25\x7c\xae\xc7\x7c\x00\xf8\xbd\x75\
\x88\x15\x6c\x4d\x3e\x89\xc6\xab\x94\x2c\xb9\xdb\x3a\x84\x88\x48\
\x61\x82\x78\x16\x70\xa8\x75\x8c\x16\xbe\x5b\xc8\xea\xeb\xfc\x31\
\x8a\x98\xe8\xd6\x4f\xc7\xd4\xbf\x6f\x10\x11\x11\x91\x11\xe5\xaa\
\xc4\x56\xe7\x79\x9a\xd3\xae\x61\x1a\xad\x61\x1d\xa2\x01\xcf\x25\
\xb6\x89\xd6\x87\x5e\x37\xc1\x7f\xf3\x60\x26\x7e\xd7\x1b\xcc\xb7\
\x0e\xd0\x44\xad\x56\xa9\x3e\x69\x1d\x42\x5c\x8a\x00\xef\xa5\xa9\
\x22\x9f\xb8\x9f\x8d\xdf\x49\x93\x00\x53\x81\x63\xac\x43\x48\x29\
\x78\x5f\x47\x34\x07\xf8\x37\xeb\x10\x22\x22\x22\x22\x32\x72\x3c\
\x4e\x62\xbb\xc3\x3a\x40\x1b\x36\x03\xc6\xac\x43\x4c\xe0\x8a\x42\
\x4a\x01\xc5\x3a\xd0\x3a\x40\x13\xcb\x80\xc4\x3a\x84\x88\x48\xc1\
\x8e\x04\xbc\x97\xa6\xce\x2c\xf0\xb1\xbc\xdf\x84\x3d\x0b\xdf\x13\
\x49\x45\x44\x44\xa4\xcf\x3c\x96\xd8\x2e\xb1\x0e\xd0\xc4\x24\x60\
\x3f\xeb\x10\x0d\x78\x5e\x33\x39\x51\x61\x6d\xa2\x62\x9b\x17\x5e\
\x0b\x81\x9e\x4b\x6c\x9e\x27\x28\x8a\x2d\xef\xe3\xbf\x8b\x1a\xc5\
\x0e\x40\xad\x52\xfd\x33\xfe\x3f\x1e\xbc\xff\x99\x88\x03\xb5\x4a\
\xf5\x8f\xe4\x6b\xde\x3d\xfb\x7f\x8e\x6f\x2e\x10\x11\x11\x11\x91\
\x61\x93\xaf\x79\x9c\x63\x1d\x63\x02\xf7\x58\x07\x68\xc3\x16\xd6\
\x01\x1a\xf0\xb5\x4a\x34\xe7\xb9\xc4\x76\x0e\x59\xe2\x6d\x72\x9d\
\x88\x48\xaf\xbc\x9f\x95\x5e\x41\x96\xdc\x5b\xd8\xa3\x65\xc9\x6f\
\x81\x1b\x0a\x7b\xbc\xfe\xf0\xfe\x67\x22\x22\x22\x22\x7d\xe4\xae\
\xc4\x56\xab\x54\x17\x51\x60\xa1\xa0\x0f\xdc\x15\x89\xea\xeb\xfa\
\x76\xb4\xce\xd1\xc0\x5f\x81\xbb\x26\xf8\xef\x2a\xb1\x75\x20\x4c\
\xa3\xf5\x80\xed\xad\x73\x34\xe1\x79\x82\xa2\x18\x09\xd3\x68\x35\
\x4a\x30\x8a\xbd\xbe\xca\xba\x48\xde\xef\x66\xdb\x2b\x4c\xa3\x39\
\xd6\x21\xa4\x14\x3c\xbe\xa0\xb3\xbc\x35\x80\xaf\x87\x69\xe4\xee\
\xfb\x59\x11\x11\x11\x11\x19\x4a\x6b\x02\x2b\x5b\x87\x98\x40\x71\
\x2f\x6c\xf7\x8f\xd7\x12\xdb\x15\xd6\x01\x9e\x27\x88\xa7\xe3\xf7\
\x06\x6a\xd0\x14\x36\x11\x19\x36\x41\xbc\x01\xb0\xbf\x75\x8c\x16\
\xfa\xb1\xfe\xd3\xfb\x4a\xd1\x83\x09\x62\xef\xdb\x5d\x44\x44\x44\
\xa4\x4f\xbc\xbe\xe8\xe7\xb9\x10\x73\x80\x75\x80\x09\xcc\x05\xa6\
\x59\x87\x68\xe0\xfa\x06\x05\x91\x5f\x01\x8b\x07\x1d\xa6\x4d\x1e\
\xa7\xda\x79\x7e\x22\xf5\x18\xbe\x4b\x89\x62\x67\xd4\x46\xb1\x8f\
\xfb\x01\xf0\x54\x1f\x1e\xb7\x48\x27\x58\x07\x90\x52\xf0\xf5\x82\
\xce\xc4\x8e\x00\x4e\xb3\x0e\x21\x22\x22\x22\x22\x23\xc1\xe3\x2a\
\x51\xd0\x24\xb6\x6e\x3d\x0a\xdc\x6a\x1d\x62\x05\xf3\x80\x99\xd6\
\x21\x1a\x58\x48\x96\x78\xbe\xf1\x5c\x44\xa4\x1b\xc7\xe3\x73\xdd\
\xf5\xb8\xc5\xc0\x79\x7d\x78\xdc\xb3\x81\xa5\x7d\x78\xdc\xa2\x4c\
\x05\x8e\xb1\x0e\x21\x22\x22\x22\x36\xbc\x96\xd8\x3c\xaf\x62\xdb\
\x2a\x4c\xa3\x0d\xad\x43\xac\xc0\x63\xe9\x6a\xdc\x84\xe5\xa6\x5a\
\xa5\xba\x18\xb8\x69\xc0\x59\xda\xb5\x43\x98\x46\x33\xac\x43\xac\
\xc0\x63\x79\x72\xdc\xe5\xb5\x4a\x75\x89\x75\x08\x71\xe9\x44\xeb\
\x00\x2d\x5c\x51\xab\x54\x0b\xbf\x63\xbd\x56\xa9\x3e\x06\xfc\xa8\
\xe8\xc7\x2d\xd8\x82\x30\x8d\x3c\x1f\xd0\x88\x0f\x65\x28\xb1\x01\
\xbc\x2f\x4c\xa3\x8a\x75\x08\x11\x11\x11\x11\x19\x7a\x73\xac\x03\
\x34\xa0\x12\x5b\x77\x7e\x43\x96\x78\x7b\x01\xdf\xf7\x2a\xd1\x51\
\x16\xc4\x63\x04\xf1\xea\x04\xf1\x14\xeb\x28\x22\x52\x28\xef\xe7\
\xd7\x3f\x25\x4b\x1e\x29\xfc\x51\xb3\xe4\x2f\xf8\x7e\x1d\x16\xfc\
\xff\xd9\x88\x88\x88\x48\x9f\x78\x7d\xd2\x75\x05\xb0\x04\xbf\xf9\
\xe6\x03\xdf\xb6\x0e\xb1\x1c\x77\xeb\x2f\x97\x73\x5d\x93\xff\x77\
\x3d\x3e\x0b\x78\x53\x80\x9d\x80\x9a\x75\x10\x80\x7a\xd1\xc4\x73\
\x89\xcd\xf3\xe4\x44\x31\x12\xa6\xd1\xa8\x8e\x62\x5f\xfe\xb1\x8f\
\xeb\xe3\xe3\xf7\x6a\x1b\xf2\xcf\x73\x37\x5a\x07\x11\xd7\xee\x02\
\xee\x07\xbc\x95\xf7\x27\xf2\xb5\x30\x8d\xee\xa8\x55\xaa\x57\x5b\
\x07\x11\x11\x11\x11\x91\xa1\xe5\x75\x12\x5b\x19\xd6\x89\x6e\x6e\
\x1d\x60\x02\x7f\xb0\x0e\x30\x01\xcf\x25\xb6\x73\xad\x03\x0c\x44\
\x10\xaf\x05\x1c\x0c\xec\x0a\xbc\x78\x85\xb7\x69\xc0\x52\x82\x78\
\x11\xf0\x67\xe0\x4f\xf5\xb7\xdf\x01\xff\x47\x96\xfc\xde\x24\xb3\
\x88\x74\x27\x88\xb7\x27\x3f\x1f\xf5\xac\xdf\xe7\xd7\x9e\xbf\xee\
\xec\x4d\x10\xcf\x21\x4b\xee\xb6\x0e\x22\x22\x22\x22\x83\xe5\x72\
\x12\x5b\xad\x52\x7d\x1c\xb8\xc6\x3a\x47\x13\xde\x0a\x45\x1e\x8b\
\x60\xe3\x9a\xad\x99\xf4\xbc\x82\xd2\x53\x31\x70\x73\x60\xb6\x75\
\x88\x26\xbc\xdf\xb1\x23\x36\x46\x75\x14\xfb\xb8\x9f\x03\x0f\xf5\
\xf1\xf1\x8b\xb0\xc0\x3a\x80\xf8\x56\x5f\x07\x5e\x96\xcf\xf1\xd3\
\x80\x1f\x87\x69\xb4\xb7\x75\x10\x11\x11\x11\x11\x19\x5a\x1b\x59\
\x07\x68\xe0\x3e\xeb\x00\x4d\x05\xf1\x4c\x7c\xde\x18\x73\xbb\x75\
\x80\xe7\x09\xe2\xd5\x80\x5d\xac\x63\x34\x70\x3d\x59\x72\x97\x75\
\x88\xbe\x09\xe2\x4d\x08\xe2\xb7\x11\xc4\x97\x01\x8b\xc8\x6f\x5e\
\x7f\x2b\x70\x34\xf9\x8a\xd7\x39\xe4\xcf\x39\x21\x7f\x3d\x65\x7d\
\xf2\x3f\xab\x43\x80\x37\x03\x9f\x01\x7e\x47\x10\xdf\x46\x10\x27\
\x04\xf1\x9e\x04\xb1\xcb\xd7\x5d\x44\xe4\x79\xbc\x4f\xfa\x7a\x14\
\xb8\xa0\x8f\x8f\xff\x43\xe0\xa9\x3e\x3e\x7e\x11\x4e\xb0\x0e\x20\
\x22\x22\x22\x83\xe7\xf9\xc9\x94\xe7\xe9\x4e\x07\x78\x59\xc3\x16\
\xa6\xd1\xaa\xe4\x13\x75\x3c\xba\xb7\x56\xa9\x2e\x6a\xf2\xff\x55\
\x62\x6b\xcf\x7c\xeb\x00\x4d\x2c\x02\x7e\x6d\x1d\x42\x5c\xf2\x7e\
\x08\xf0\xd3\x5a\xa5\x5a\xfc\x28\xf6\xba\x5a\xa5\xfa\x2c\xfe\x57\
\x6d\x9c\x10\xa6\xd1\x64\xeb\x10\xe2\xde\x59\xd6\x01\x3a\xb0\x16\
\x70\x71\x98\x46\xaf\xb3\x0e\x22\x22\x22\x22\x22\x43\x69\x2d\xeb\
\x00\x13\xf8\x0b\x59\xf2\xb4\x75\x88\x16\x36\xb3\x0e\xd0\x80\xb7\
\x49\x6c\x9e\xa7\x01\x7d\xcf\x3a\x40\x5f\x04\xf1\x4b\x08\xe2\x5f\
\x02\x77\x02\xa7\x03\xfb\x02\xbd\x9c\x93\x6c\x0d\xbc\x97\x7c\xbb\
\xc7\xdd\x04\xf1\x1b\xb4\x7e\x54\xc4\xa9\xbc\x68\xea\xbd\x20\x75\
\x5e\x5f\xbf\xc6\x67\xc9\x63\xe4\x45\x36\xcf\x16\x10\xc4\x2e\x5e\
\x8b\x15\x11\x11\x91\xc1\xf1\x5c\x62\xf3\x3c\xf9\x63\x3d\xfc\x14\
\xc7\x76\xc1\xef\xb4\xa3\x66\xab\x44\x21\x1f\xb5\xfe\xd8\x20\x82\
\x74\xc1\xd3\x74\x3b\x6f\x93\xff\x96\x77\x49\x7d\x52\x8f\xc8\x3f\
\x84\x69\x34\xea\xa3\xd8\x07\x79\x8d\x5e\xac\x87\xff\x95\xaf\x62\
\xef\x12\xf2\xc2\x72\x59\x4c\x05\xbe\x11\xa6\xd1\x67\x54\xd2\x14\
\x11\x11\x11\x91\x82\x79\x2c\xb1\x95\x61\x95\xe8\x16\xd6\x01\x1a\
\xf0\x56\x62\xf3\x3a\x85\x0d\x86\x6d\x95\x68\x10\x6f\x43\x10\xff\
\x10\xb8\x12\xd8\xab\x4f\x57\x99\x0d\x7c\x0d\xb8\x99\x20\x7e\xa5\
\x4a\x18\x22\xee\xec\x85\xdf\x09\xab\xe3\x74\x7e\x9d\xbf\x0e\xeb\
\xfd\x75\x06\x11\x11\x11\x29\x98\xe7\x12\xdb\x75\xc0\x13\xd6\x21\
\x9a\xf0\x52\x2c\xf2\x54\xb6\x5a\x51\xd3\x49\x6b\xb5\x4a\xf5\x39\
\xe0\x86\x01\x65\xe9\xd4\x96\x61\x1a\xad\x6e\x1d\xa2\xfe\x02\xfc\
\x4b\xad\x73\x34\xe1\x79\x62\xa2\xd8\xf1\x3e\x85\xad\xdf\xa3\xd8\
\xc7\x5d\x0b\xdc\x31\x80\xeb\xf4\xc2\xfb\x9f\x95\x18\xab\x55\xaa\
\x4b\x80\xb3\xad\x73\x74\xe1\x1d\xe4\xeb\x45\x3d\xae\x2d\x12\x11\
\x11\x11\x91\x72\xf2\x58\x62\xbb\xc7\x3a\x40\x1b\x54\x62\x6b\x8f\
\xd7\x12\xdb\xb5\x64\x49\x19\xfe\x9e\xb5\x16\xc4\x6b\x13\xc4\x5f\
\x01\x6e\x05\x0e\x1b\xd0\x55\xb7\x05\x7e\x0c\x5c\x4e\x10\xef\x3c\
\xa0\x6b\x8a\x48\x6b\x0b\xac\x03\xb4\x70\x1f\xf0\xcb\x01\x5c\xe7\
\x17\xc0\x43\x03\xb8\x4e\x2f\xbc\xff\x59\x89\x88\x88\x48\xc1\xdc\
\x96\xd8\x6a\x95\xea\x62\xe0\x72\xeb\x1c\x4d\x78\x29\xb1\x79\x5a\
\x7b\xb9\xa2\x56\x93\xd8\xc0\xf7\x4a\xd1\xc0\x3a\x00\xf9\x5d\x26\
\x6b\x5a\x87\x68\x42\x25\x36\x79\x9e\x30\x8d\x26\xe1\xbf\x18\x75\
\x5e\xad\x52\xed\xfb\xba\x95\xfa\x94\xc2\x33\xfa\x7d\x9d\x1e\x1d\
\x15\xa6\xd1\x4c\xeb\x10\xe2\x9e\xf7\xbf\xc7\x8d\xbc\x02\xf8\x43\
\x98\x46\x89\x87\x62\xba\x88\x88\x88\x88\x94\x9e\xc7\x12\x9b\x26\
\xb1\x75\x67\x51\x7d\x8d\x9a\x27\x5e\x0b\x4e\xe7\x58\x07\x28\x44\
\x10\x6f\x4f\x7e\x56\xfd\x26\x6c\x5e\x13\xd9\x1b\xa8\x11\xc4\xde\
\xcf\xcc\x44\x86\x5f\x10\x4f\x07\x8e\xb1\x8e\xd1\xc2\x99\x64\xc9\
\xd2\xbe\x5f\x25\x4b\x9e\xc5\xff\xcd\xab\xc7\x13\xc4\xda\xb6\x20\
\x22\x22\x32\x42\xdc\x96\xd8\xea\x3c\xaf\x14\xdd\x2f\x4c\xa3\x29\
\xd6\x21\xf0\x5b\x62\x5b\x46\x7b\x53\xd6\x3c\x97\xd8\x3c\xbc\x6f\
\xe7\x5b\x07\x68\xe2\xce\x5a\xa5\x7a\xb7\x75\x08\x71\x67\x2f\xf2\
\x95\x09\x9e\x0d\x72\x4c\xba\xf7\xf2\xcf\x2a\xc0\xa1\xd6\x21\xc4\
\xbd\x0c\x7f\x53\x0a\xda\xb5\x12\xf0\x5e\xe0\x8e\x30\x8d\xde\x1e\
\xa6\xd1\x74\xeb\x40\x22\x22\x22\x22\x52\x5a\x1e\x4b\x6c\x7f\xb1\
\x0e\xd0\x06\x8f\x25\x36\x5f\xcf\x6f\x82\x78\x26\xf9\xca\x34\x8f\
\xce\xb3\x0e\xd0\xb3\x20\x3e\x14\xa8\x01\x9b\x18\x27\x99\x0e\x7c\
\x97\x20\xfe\x84\x0a\x19\x22\xa6\x5e\x01\x78\xbf\xd9\x51\xe7\xd7\
\xff\xb4\x3e\xbe\xb7\x15\x89\x88\x88\x48\xc1\xbc\x97\xd8\x3c\x4f\
\x79\x5a\x15\xe3\x92\x53\x98\x46\xeb\x00\x73\x2c\x33\x34\x71\x5b\
\xad\x52\x6d\xe7\x8e\xc6\x76\xa6\xb5\x59\xf1\xb0\xaa\xd5\xcb\xc4\
\xbf\x89\x78\x2e\x99\x8a\x1d\xef\xe3\xbd\x07\x35\x8a\x1d\x80\x5a\
\xa5\xfa\x7b\x7c\x7f\x9e\x03\xff\x7f\x66\x62\xac\x3e\x55\xf0\x2b\
\xd6\x39\x7a\xb4\x26\xf0\x59\xe0\x8f\x61\x1a\x7d\x27\x4c\xa3\x63\
\xc3\x34\x5a\xcd\x3a\x94\x88\x88\x88\x88\x94\x44\x5e\x38\xf1\xf8\
\x82\xf7\xc3\xd6\x01\xda\xb0\xb9\x75\x80\x09\xdc\x6e\x1d\x60\x05\
\x73\xf1\x79\x4e\xbf\x90\x2c\xb9\xcf\x3a\x44\xd7\x82\x78\x8c\x20\
\x8e\x81\x1f\x92\xdf\xc4\xe7\xc5\x7f\x00\x3f\x24\x88\x67\x59\x07\
\x11\x19\x51\xde\xcf\x42\x6f\x26\x4b\x6e\x1d\xe0\xf5\xae\x05\xee\
\x18\xe0\xf5\xba\xe1\xfd\xcf\x4c\x44\x44\x44\x0a\xe4\x61\x92\x58\
\x33\xb7\x02\x0f\x00\x2f\xb2\x0e\xd2\xc0\x01\xe4\x77\x71\x59\xf1\
\x30\x29\xac\x91\x76\x27\xac\xdd\x0b\x3c\x08\xac\xd3\xc7\x2c\xdd\
\xb2\x2e\x29\x4e\x27\x9f\x6a\xe5\x95\xe7\x92\xa9\x18\x08\xd3\x68\
\x25\xe0\x58\xeb\x1c\x2d\x9c\x59\xab\x54\xfb\x3f\x8a\xfd\xf9\xce\
\xc0\x47\x29\xb6\x91\x28\x4c\xa3\x75\x6a\x95\xea\x83\xd6\x41\xc4\
\xb5\x2f\x03\xef\x03\xd6\xb0\x0e\xd2\xa3\xb5\x80\x4a\xfd\x6d\x49\
\x98\x46\x57\x90\xaf\xaf\xff\x13\xb0\x88\x7c\x92\xc5\x22\xf2\xef\
\x3f\x9f\xb5\x0a\xd9\x8d\x5a\xa5\xfa\x9c\x75\x06\x11\x11\x11\x63\
\x63\x61\x1a\x69\xb2\x4d\x9d\xbe\x37\x28\xdc\xea\xc0\x98\x75\x88\
\x09\xf8\x2e\xb1\x05\xf1\xca\xc0\x8b\xad\x63\x4c\xc0\xd7\x24\x36\
\xbf\xab\x44\xbd\xdf\x94\xd7\xca\x27\x80\xf7\x58\x87\x68\xe0\x10\
\xe0\x62\x82\x78\x5f\xb2\xe4\x49\xeb\x30\x22\x23\x23\x88\xd7\x20\
\xff\xf8\xf3\x6c\xb0\x93\xd1\xb2\x64\x19\x41\xfc\x5d\xe0\x43\x03\
\xbd\x6e\x67\x8e\x22\x88\xdf\xa2\xcf\x97\x22\x22\x32\x81\x31\x4d\
\x39\x5e\x4e\x96\x0c\xc5\x59\x90\xeb\x12\x5b\xad\x52\x5d\x1a\xa6\
\xd1\x25\xc0\x71\xd6\x59\x1a\x98\x0f\x9c\x66\x78\x7d\xcf\x25\xb6\
\xb6\x0e\x39\x6a\x95\xea\xb2\x30\x8d\xae\x27\x1f\xe1\xec\xcd\x06\
\x61\x1a\xbd\xb8\x56\xa9\xfe\xc9\xe8\xfa\x21\x30\xc3\xe8\xda\xed\
\xb8\xd4\x3a\x80\xb8\xf3\x0a\xc0\xfb\x64\xa3\x41\x8e\x62\x1f\x77\
\x0e\xf9\x04\x28\xaf\xdf\x44\x4d\x21\x2f\x1f\x7e\xd1\x3a\x88\xf8\
\x55\xab\x54\x1f\x0b\xd3\xe8\x73\xf8\x3e\xd0\xea\xd4\x14\x60\xff\
\xfa\x5b\xe9\x85\x69\xb4\x04\x78\x7c\xb9\xb7\x27\xea\x3f\x3e\x42\
\x7e\x47\xed\xed\xcb\xbd\xdd\xa7\x17\xb6\x45\x44\x64\x08\x6d\x07\
\x2c\xb1\x0e\xe1\xc4\x5f\x81\xb5\xad\x43\x0c\x19\x8f\xab\x44\xc1\
\x7b\x89\x0d\x36\xb3\x0e\xd0\x80\xb7\x12\xdb\x2e\xd6\x01\x1a\xb8\
\xc1\x3a\x40\xd7\x82\xf8\x35\xf8\x2d\xb0\x8d\x0b\x80\xaf\x13\xc4\
\x27\x90\x25\xcb\xac\xc3\x88\x8c\x88\xa3\x81\x69\xd6\x21\x9a\x58\
\x06\x9c\x65\x70\xdd\x33\xf0\x7d\xe6\xb7\x0a\x70\x28\x70\xb6\x75\
\x10\x11\x11\x71\x27\x40\x67\x41\xe3\xee\x07\x66\x5b\x87\x28\x82\
\xc7\x31\xe5\x2b\xf2\xbc\xb2\x70\x5e\x98\x46\x2b\x1b\x5e\xdf\xf3\
\x64\x9f\x76\x27\xb1\x75\xfa\x73\x07\xcd\xb2\x28\xe8\x79\x95\xe8\
\xcd\x9a\xda\x24\x13\x38\xd1\x3a\x40\x0b\x37\xd7\x2a\xd5\x41\x8e\
\x62\x07\xa0\x56\xa9\x2e\x02\x7e\x3e\xe8\xeb\x76\x48\x23\xd9\xa5\
\x1d\x9f\x27\x2f\x46\x89\x4f\x53\xc8\x27\x84\x6c\x08\x6c\x0d\xec\
\x0a\xec\x0b\x1c\x0e\xbc\x13\xf8\x5f\xe0\x17\xc0\x5d\xc0\x93\x61\
\x1a\xfd\x26\x4c\xa3\xaf\x87\x69\xf4\xea\x30\x8d\x36\x36\xca\x2c\
\x22\x22\x22\x52\x16\x5e\x4b\x6c\x7f\xb5\x0e\xd0\x82\xd7\x32\xa5\
\xb7\x12\xdb\x56\xd6\x01\x1a\x58\x68\x1d\xa0\x2b\x41\x1c\x02\x5f\
\xb1\x8e\xd1\xa6\xe3\xc8\xa7\x9e\x8b\xc8\x60\x78\x3f\xbf\xbe\x94\
\x2c\xb9\x7f\xe0\x57\xcd\x92\x3f\xe0\x7f\xfa\xa6\xf7\x3f\x3b\x11\
\x11\x11\x29\x48\x19\x4a\x6c\x9e\x57\x16\x4e\x05\xf6\xb6\xb8\x70\
\x98\x46\x63\xf8\x9d\xc4\xb6\x18\xf8\x55\x07\x3f\x5f\x25\xb6\x89\
\xcd\x37\xbc\x76\x2b\x9e\x3f\x2e\xc5\x40\x98\x46\x1a\xc5\xee\xf7\
\xda\xed\xd8\x33\x4c\x23\xaf\x77\xc8\x8b\x13\xb5\x4a\xf5\xaf\xc0\
\x97\xac\x73\x48\x21\xa6\x01\xdb\x00\xaf\x07\xbe\x0d\xdc\x1d\xa6\
\xd1\xdd\x61\x1a\x7d\x27\x4c\xa3\xd7\x87\x69\xe4\xf5\xc5\x46\x11\
\x11\x11\x11\x2b\x6b\x5a\x07\x68\xc0\xfb\x24\xb6\x55\xac\x03\x34\
\x70\xbb\x75\x80\x15\x78\xbc\x5b\x7e\x31\x30\xf0\x1b\x01\x7b\x16\
\xc4\xb3\x81\x1f\xe0\x7b\xd2\xd2\x8a\x3e\x4a\x10\x1f\x61\x1d\x42\
\x64\xe8\x05\xf1\x46\xe4\x37\xfb\x79\x66\x79\x86\x6c\xb1\xc1\xa4\
\x13\x2f\x27\x88\xd7\xb1\x0e\x21\x22\x22\x22\xfd\xe7\x7a\x9d\x28\
\x40\xad\x52\xbd\x3b\x4c\xa3\x3b\xf0\x3b\x7e\x7e\x3e\x70\xa1\xc1\
\x75\x37\x02\xbc\x7e\xc3\x76\x73\xad\x52\x7d\xa6\x83\x9f\xef\xb9\
\xc4\x66\x32\xed\x2e\x4c\xa3\xd5\xac\xae\xdd\x26\x95\xd8\x64\x45\
\x1a\xc5\xde\xdc\x0f\xc9\x27\x58\x59\x4e\xef\x6c\xe5\x44\xe0\x23\
\xd6\x21\xc4\xbd\xcf\x02\xff\x0e\x4c\xb7\x0e\x22\x85\xdb\x18\xa8\
\xd4\xdf\x96\x84\x69\x74\x21\xf9\xe1\xe9\x8f\x6b\x95\xea\x93\xa6\
\xc9\x44\x44\x44\x44\xec\x79\x9d\xc4\xf6\x88\x75\x80\x16\x3c\x96\
\xd8\xfe\x42\x96\x3c\x6e\x1d\xe2\x1f\x82\x78\x32\xf9\x34\x65\x6f\
\x6e\x21\x4b\x16\x5b\x87\xe8\x48\x10\x8f\x01\xe7\x00\xeb\x5a\x47\
\xe9\x42\x4a\x10\x6f\x4b\x96\xdc\x3b\xb0\x2b\x06\xf1\x81\x40\x3c\
\xb0\xeb\x95\xd7\x13\xc0\xeb\xc9\x92\x07\xac\x83\x48\xcf\x4e\xb0\
\x0e\xd0\xc2\x33\xc0\xf7\x0d\xaf\x7f\x0e\x70\x3a\x30\xd9\x30\x43\
\x33\x53\x80\x63\x81\x2f\x5a\x07\x11\x11\x11\x91\xfe\x72\x5f\x62\
\xab\xbb\x08\xbf\x25\x36\xab\x95\x8f\x9e\x0b\x4e\x1d\x8d\x1d\xae\
\x55\xaa\x0f\x84\x69\x74\x0f\xf9\x8b\xa7\xde\xec\x16\xa6\xd1\x58\
\xad\x52\x5d\x36\xe0\xeb\xee\x8b\xdf\x49\x89\x4b\x80\x2b\xac\x43\
\x88\x3b\xde\xc7\x79\x5f\x5a\xab\x54\x07\x3f\x8a\xbd\xae\x56\xa9\
\x3e\x11\xa6\xd1\x0f\xf1\xfd\x7e\x5a\x10\xa6\xd1\x69\x06\x9f\xef\
\xa4\x44\x6a\x95\xea\x9f\xc2\x34\xfa\x04\xf0\x21\xeb\x2c\xd2\x57\
\x53\xc8\xa7\x6b\x1e\x02\x3c\x1e\xa6\xd1\xf9\xc0\x77\x80\x4b\xf4\
\x39\x42\x44\x44\x44\x46\x94\xc7\x12\xdb\x93\x64\xc9\xd3\xd6\x21\
\x5a\xf0\x58\x62\xbb\xdb\x3a\xc0\x0a\xd6\xc5\xe7\x19\xfd\x0d\xd6\
\x01\xba\x70\x0c\x10\x5a\x87\xe8\xd2\xca\xe4\x37\x16\xbe\x76\x80\
\xd7\x5c\x17\xd8\x6f\x80\xd7\x2b\xb3\x8d\x01\x95\xd8\xca\x2c\x2f\
\xb9\x2e\xb0\x8e\xd1\xc2\x8f\xc9\x92\xbf\x99\x5d\x3d\x4b\x1e\x20\
\x88\x7f\x0e\x1c\x64\x96\xa1\xb5\x13\x51\x89\x4d\x44\x44\x64\xe8\
\x79\x2d\xc9\xac\xc8\xf3\xd4\xa7\x9d\x8c\x56\x2e\x79\x5d\x25\x0a\
\xdd\x4d\x56\xf3\x3a\x8d\x6d\x75\x60\x73\x83\xeb\x5a\x95\x23\xdb\
\x71\x4d\xad\x52\xf5\x73\xc7\xaa\x98\x0b\xd3\x48\xa3\xd8\xdb\xe3\
\x7d\x24\xfb\x16\xf8\xfe\xda\x22\x7e\x7c\x12\xb8\xc3\x3a\x84\x0c\
\xcc\x2a\xc0\xab\xc9\x6f\x2a\xb9\x21\x4c\xa3\xa3\xc3\x34\xf2\x7a\
\x57\xae\x88\x88\x88\x48\xbf\x78\x5c\x27\xfa\x57\xeb\x00\x6d\xf0\
\x58\x62\xfb\xbb\x75\x80\x15\x6c\x64\x1d\xa0\x81\x72\x95\xd8\x82\
\x78\x1a\xf0\x71\xeb\x18\x3d\x7a\x35\x41\x3c\xd7\x3a\x84\x4c\xe8\
\xc5\xd6\x01\xa4\x67\x73\x81\xed\xac\x43\xb4\xa0\xf3\xeb\xd6\x42\
\x82\xd8\xeb\xc0\x13\x11\x11\x11\x29\x48\x59\x4a\x6c\x97\x92\xaf\
\x82\xf3\x6a\x7f\x83\x6b\x0e\xcd\x24\xb6\x3a\xaf\x25\x36\xb0\x29\
\x75\xcc\x37\xb8\x66\xbb\x3c\x97\x4a\xc5\x86\x46\xb1\xb7\xe7\x22\
\xfc\xdf\xb5\xe9\x79\x52\x9c\x38\x51\xab\x54\x9f\x02\x4e\xb6\xce\
\x21\x26\x76\x06\xce\x05\x6e\x0d\xd3\xe8\x35\x61\x1a\x4d\xb5\x0e\
\x24\x22\x22\x22\x32\x20\x33\xac\x03\x4c\xe0\x61\xeb\x00\x6d\x58\
\xd5\x3a\xc0\x04\xbc\xdd\x98\x39\xdb\x3a\x40\x03\xe5\x2a\xb1\xc1\
\x9b\xf1\xbb\xc9\xa5\x5d\x63\xc0\x27\xac\x43\xc8\x84\x36\xb0\x0e\
\x20\x3d\xf3\x3e\x85\xed\x61\xe0\x67\xd6\x21\x80\x1f\x91\xaf\xd0\
\xf5\x4c\xe7\xd7\x22\x22\x22\x43\xae\x14\x25\xb6\x5a\xa5\xfa\x10\
\x70\x93\x75\x8e\x26\x06\x3a\x35\xab\x3e\xfd\x62\xd7\x41\x5e\xb3\
\x03\x8f\x01\xbf\xeb\xe2\xd7\x75\x53\x7c\x1b\x94\x81\x96\xd8\xc2\
\x34\x7a\x31\xb0\xed\x20\xaf\xd9\x21\x95\xd8\xe4\x1f\xc2\x34\x2a\
\xc5\x28\xf6\x5a\xa5\x6a\x37\x8a\xbd\xae\x56\xa9\x2e\x01\xce\xb6\
\xce\xd1\xc2\xf1\x2a\xa5\x48\x3b\x6a\x95\xea\xcf\xf0\x51\x0e\x15\
\x1b\x5b\x03\xdf\x02\xfe\x10\xa6\xd1\x6b\xc3\x34\x2a\xc5\x73\x0a\
\x11\x11\x11\x91\x1e\x4c\xb3\x0e\x30\x81\x47\xac\x03\xb4\xc1\xe3\
\x24\x36\x6f\x25\x36\x8f\x93\xd8\x9e\x05\x6e\xb5\x0e\xd1\xb6\x20\
\x9e\x05\x7c\xd0\x3a\x46\x41\x0e\x22\x88\x5f\x6a\x1d\x42\x5e\x40\
\x93\xd8\xca\x2c\x88\x27\xe3\xff\x26\xec\xef\x91\x25\x8b\xad\x43\
\x90\x25\x4f\x00\x3f\xb0\x8e\xd1\xc2\x82\xfa\x7a\x58\x11\x11\x11\
\x19\x52\x65\x7a\xc1\xe9\x22\xeb\x00\x4d\x0c\x7a\x6a\xd6\x56\xf8\
\x3c\x04\x02\xc8\x6a\x95\xea\xd2\x2e\x7e\xdd\x0d\xf8\x9d\xb6\x37\
\xe8\xa9\x77\x16\x93\xfd\xda\xf5\x24\x70\xad\x75\x08\x71\x45\xa3\
\xd8\x3b\xe3\x7d\x24\xfb\x3a\xf8\x5e\x67\x2c\xbe\xbc\x1d\xff\x77\
\x67\x4a\x7f\x6d\x0c\x7c\x13\xb8\x22\x4c\xa3\x1d\xac\xc3\x88\x88\
\x88\x88\xf4\x91\xc7\x12\xdb\x63\xd6\x01\xda\xe0\xf1\xfc\xd2\x5b\
\x89\xcd\xe3\x24\xb6\xdf\x92\x25\xcf\x58\x87\xe8\xc0\x02\xf2\xf3\
\x8c\x61\xf1\x4e\xeb\x00\xf2\x02\x2a\xb1\x95\xdb\xbe\xf8\xff\x33\
\xd4\xf9\x75\xfb\xb6\x00\x02\xeb\x10\x22\x22\x22\xd2\x3f\x65\x2a\
\xb1\x79\x9e\xfe\xb4\x69\x98\x46\x9b\x0e\xf0\x7a\x9e\x57\x89\x76\
\xb5\x16\xb4\x56\xa9\x3e\x06\xfc\xb6\xe0\x2c\x45\xd9\x79\xc0\x93\
\x89\x3c\x17\x48\xae\xa8\x55\xaa\xf6\x77\x04\x89\x27\xde\xa7\xb0\
\x79\x19\xc5\x3e\x2e\x03\x7e\x6f\x1d\xa2\x05\x8d\x64\x97\xb6\xd4\
\x2a\xd5\xfb\x80\x77\x58\xe7\x10\x17\x5e\x02\xdc\x18\xa6\xd1\xa7\
\xc3\x34\xf2\xf8\x42\xa5\x88\x88\x88\x48\xaf\x3c\x96\xd8\xca\x70\
\x3e\xe3\xf1\x7b\x43\x6f\xe5\x3f\x8f\x93\xd8\x1e\xb0\x0e\xd0\xa1\
\xc3\xad\x03\x14\xec\x00\x82\xd8\xe3\xc7\xce\x28\xf3\x5e\x80\x92\
\xe6\xbc\x9f\x5f\xdf\x0d\x5c\x6d\x1d\x62\x39\x17\xe3\xff\xeb\x80\
\xf7\x3f\x53\x11\x11\x11\xe9\x41\x99\x4a\x6c\x57\xe2\xfb\x70\x66\
\x90\xd3\xd8\x06\xba\xde\xb2\x43\xbd\xac\x05\xed\xaa\x00\x37\x00\
\x33\x18\xd0\xa4\xa9\xfa\x6a\xc6\x41\x4f\xf6\xeb\x84\xe7\x89\x88\
\x32\x60\xf5\xd5\xc6\xee\x47\xb1\x7b\x2a\x5e\xd6\x2a\xd5\x65\xf8\
\xba\xb3\x6e\x22\x47\xa8\x84\x22\x1d\xf8\x2a\x70\x96\x75\x08\x71\
\x61\x32\xf0\x2e\xe0\xb6\x30\x8d\x8e\xb0\x0e\x23\x22\x22\x22\x52\
\xb0\xe9\xd6\x01\x26\xe0\xe6\xb9\x6e\x13\x1e\x9f\x5b\x7a\x9b\xc4\
\xb6\x86\x75\x80\x09\x94\x61\x55\x6d\x2e\x88\x57\x03\xf6\xb3\x8e\
\x51\xb0\xe9\xc0\x81\xd6\x21\xe4\x79\x36\xb0\x0e\x20\x5d\x0a\xe2\
\x19\xc0\xd1\xd6\x31\x5a\x38\x83\x2c\xe9\x66\xbb\x51\x7f\x64\xc9\
\x12\xfc\x9f\xf5\x1d\x4f\x10\x0f\x72\xf0\x84\x88\x88\x88\x0c\x50\
\x69\x4a\x6c\xb5\x4a\xf5\x09\xa0\x66\x9d\xa3\x09\x95\xd8\x72\xbd\
\x94\xd8\x7a\xf9\xb5\xfd\x36\xa8\xf7\xf9\x96\xc0\x86\x03\xba\x56\
\x37\x3c\x4f\x44\x94\xc1\xdb\x0f\xff\x77\x22\x7a\x2c\x8c\x79\xcc\
\xb4\xbc\x99\x0c\xdf\x5d\xcc\xd2\x27\xf5\x62\xe6\xbf\xe0\x7f\xc2\
\xbd\x11\xfb\xde\x00\x00\x20\x00\x49\x44\x41\x54\xa0\x0c\xce\x86\
\xc0\xf9\x61\x1a\xfd\x4f\x98\x46\x2b\x59\x87\x11\x11\x11\x11\x29\
\x88\x26\xb1\x75\x67\x55\xeb\x00\x13\xf0\x56\x62\x9b\x69\x1d\x60\
\x02\x8f\x5a\x07\xe8\xc0\x41\xc0\x30\x16\x19\x74\x2e\xe3\xcb\x5a\
\xd6\x01\xa4\x6b\xaf\xc4\xe7\xd7\xa2\xe5\x79\x3c\x2b\xf6\xbe\x52\
\x74\x1d\x7c\x6f\x34\x12\x11\x11\x91\x1e\x94\xa6\xc4\x56\xe7\x79\
\x0a\xd4\xfc\x30\x8d\xfa\xfe\xfe\x0c\xd3\x68\x3a\xb0\x53\xbf\xaf\
\xd3\xa5\x45\xc0\xfd\x3d\xfc\x7a\xaf\x93\xd8\x60\x70\x25\x36\xcf\
\x53\xd8\x1e\x02\x7e\x65\x1d\x42\x5c\xf1\xbe\x76\xf2\x6e\x7c\x8d\
\x62\x07\xa0\x56\xa9\xde\x81\xef\x52\x36\x68\x24\xbb\x74\xa0\xbe\
\x12\xfc\x68\xe0\x69\xeb\x2c\xe2\xca\x49\xc0\xd5\x61\x1a\x6d\x66\
\x1d\x44\x44\x44\x44\xa4\x00\x2a\xb1\x75\x47\x93\xd8\x5a\xf3\x58\
\x62\x2b\xcf\x24\xb6\xe1\x2d\x7b\x1d\xa2\x29\x43\xae\xe8\x06\xad\
\xf2\xf2\x7e\x7e\xbd\x90\x2c\xb9\xcd\x3a\xc4\x04\x6e\xc0\xff\x0d\
\xab\xde\xff\x6c\x45\x44\x44\xa4\x4b\x2a\xb1\x15\x67\x6d\x60\xee\
\x00\xae\x33\x17\xbf\x77\x97\x5d\x57\x9f\xc8\xd2\xad\x9b\x81\x67\
\x8b\x0a\x53\xb0\xdd\x07\x74\x1d\xcf\x25\xb6\x4b\x6b\x95\xaa\x9f\
\xb1\xd6\x62\x2a\x4c\xa3\x52\x8c\x62\x77\xfc\x77\xd6\xe3\x1d\x76\
\xcb\x7b\x59\x98\x46\xeb\x5a\x87\x90\xf2\xa8\x55\xaa\xb7\x00\xff\
\x66\x9d\x43\xdc\xd9\x19\x58\x18\xa6\xd1\x51\xd6\x41\x44\x44\x44\
\x44\x7a\xa4\x12\x5b\x77\x54\x62\x6b\x4d\x25\xb6\xde\xbc\xcc\x3a\
\x40\x9f\xac\x01\xec\x62\x1d\x42\xfe\x61\x86\x75\x00\xe9\x42\x10\
\xaf\x0d\xbc\xc2\x3a\x46\x0b\x3e\x27\x9e\x65\xc9\x32\xbc\x66\xfb\
\xa7\x23\x08\x62\x8f\xdf\x67\x88\x88\x88\x48\x8f\xca\x56\x62\xcb\
\x80\xbf\x5b\x87\x68\x62\x10\x05\x24\xcf\xab\x44\x7b\x9a\xa4\x56\
\xab\x54\x9f\xc1\xef\xa4\xaf\xed\xc3\x34\xea\xeb\xa1\x52\x98\x46\
\x93\x81\xfd\xfb\x79\x8d\x1e\x69\x95\xa8\x2c\x4f\xa3\xd8\x7b\xf3\
\x3d\x60\x89\x75\x88\x26\x26\x01\xc7\x59\x87\x90\xd2\xf9\x26\xf0\
\xbf\xd6\x21\xc4\x9d\x59\xc0\x79\x61\x1a\xfd\x57\x98\x46\x53\xac\
\xc3\x88\x88\x88\x88\x74\xc9\x63\x89\xed\x19\xeb\x00\x6d\xf0\xf8\
\xe2\xf2\x63\xd6\x01\x56\xa0\x12\x5b\xb7\x82\x78\x65\x60\x4d\xeb\
\x18\x7d\x34\xdb\x3a\x80\xfc\xc3\x4a\x04\xf1\x98\x75\x08\xe9\xd8\
\x31\x80\xe7\x73\x88\xa5\xc0\xd9\xd6\x21\x9a\xf0\x7c\xb6\x0e\xf9\
\xd7\xcf\x61\x9d\xc6\x29\x22\x22\x32\xd2\x4a\x55\x62\xab\x55\xaa\
\x4b\x80\xcb\xac\x73\x34\x31\x88\x1d\xec\x83\x9a\x08\xd6\x8d\xeb\
\x9c\x3c\x46\x3f\x4c\x26\x9f\x26\xd2\x4f\x3b\x03\xab\xf7\xf9\x1a\
\xbd\x50\x89\x4d\x96\xe7\x7d\xdd\xe4\xc2\x5a\xa5\xea\x71\x14\x3b\
\x00\xb5\x4a\xf5\x41\xe0\x42\xeb\x1c\x2d\x78\xff\x33\x16\x67\xea\
\xd3\x58\x4f\x06\xce\xb3\xce\x22\x2e\x9d\x02\x9c\x1b\xa6\x91\xd6\
\xb0\x88\x88\x88\xfc\x7f\xf6\xee\x3b\x5c\x92\xba\xcc\xdb\xf8\x3d\
\x0e\x41\x24\x07\x41\x04\x11\x45\x14\x44\x05\xa1\x10\x1b\xc9\xa0\
\x25\x20\x48\x86\x61\x28\xdd\x75\x77\x75\x75\xc5\xb0\xbe\x86\x72\
\x75\xd5\x35\x94\x69\x83\xab\xee\x2a\xba\xae\xd8\x64\x10\x01\x11\
\x2c\x24\x07\x8b\x50\x12\x04\x41\x18\x90\x9c\xc3\x90\x61\x98\xf4\
\xfe\x51\x3d\xcb\x84\xd3\x5d\xdd\xe7\x74\xf7\xf3\x54\xd5\xf7\x73\
\x5d\x73\xf9\xbe\x2c\xf4\xb9\x67\x4e\x9f\x33\xa7\xab\x9f\x7a\x7e\
\x52\x45\x2b\x5a\x07\x4c\x40\x9b\xd8\x26\x47\x9b\xd8\xca\x3d\x6e\
\x1d\xd0\xa7\xf5\xad\x03\x46\xec\x95\xd6\x01\xb2\x04\x8f\x7f\x0f\
\x48\x6f\xde\xaf\x6d\x9e\x47\x9e\xdc\x6f\x1d\xd1\x55\x9e\xfc\x05\
\xc8\xac\x33\x4a\x78\xff\x1c\x8b\x88\x88\xc8\x24\x54\x6a\x88\xad\
\xc3\xf3\x20\xcd\x4e\xad\x76\x38\xea\x3b\x33\x3d\x6f\x62\xcb\x87\
\xf0\x18\x53\xda\xe6\x36\x62\xa3\xfe\xb3\x1f\xc7\x10\xe4\x64\xdd\
\x09\xdc\x66\x1d\x21\x3e\xb4\xda\xe1\x3a\xc0\x9e\xd6\x1d\x25\xbc\
\xaf\x3b\x07\xff\x77\xb3\x05\xad\x76\xf8\x06\xeb\x08\xa9\x96\x2c\
\x4a\xe7\x53\x5c\x40\x3a\xdf\xba\x45\x5c\xda\x0f\xf8\x6d\xab\x1d\
\xae\x6e\x1d\x22\x22\x22\x22\x32\x20\x8f\x9b\xd8\x34\xc4\x36\x39\
\xde\x86\xd8\x3c\x1e\x53\x58\x8d\x4d\x6c\xf5\x1f\xf2\xaa\xfb\xef\
\xaf\x6a\x74\x43\x56\x95\x04\xf1\x6b\x81\xed\xad\x33\x4a\x54\xe1\
\xfa\xb5\xf7\xc6\x77\x12\xc4\xeb\x59\x47\x88\x88\x88\xc8\x70\x55\
\x71\x88\xed\x5c\xeb\x80\x1e\x5e\x06\xbc\x7d\x54\x0f\xde\x6a\x87\
\xab\x02\x9b\x8f\xea\xf1\xa7\xe8\xb6\x2c\x4a\x1f\x1d\xc2\xe3\x78\
\x1e\x62\x1b\xf5\x16\xbc\x71\x1c\x47\x3b\x59\xe7\x75\x36\xec\x88\
\x80\x56\xb1\x0f\xcb\x19\xf8\xbb\x78\xbe\xb4\x99\xd6\x01\x52\x3d\
\x9d\xe3\xc1\xf7\x03\xfe\x60\xdd\x22\x2e\xed\x0c\x5c\xd8\x6a\x87\
\xba\xc8\x28\x22\x22\x22\x55\xa2\x21\xb6\x41\x05\xf1\xf2\xf8\xdc\
\x5c\xe4\xe7\x75\x78\xf1\x67\xb4\xbc\x75\xc6\x04\x34\xc4\xe6\x43\
\xdd\x7f\x7f\x55\xe3\x71\xe0\x54\xba\x3b\xdc\x3a\xa0\xc4\x73\xc0\
\xaf\xac\x23\xfa\x70\x12\x30\xcf\x3a\xa2\x87\x97\x00\x87\x59\x47\
\x88\x88\x88\xc8\x70\x55\x71\x88\xed\x26\xc0\xef\x8a\xdd\xd1\x6e\
\xd3\xda\x06\x98\x36\xc2\xc7\x9f\x8a\x61\x0d\x9f\xdd\x04\x3c\x33\
\xa4\xc7\x1a\xb6\x91\x6d\x62\xeb\x1c\xad\xb5\xc3\xa8\x1e\x7f\x08\
\x3c\x6f\x40\x94\xf1\xf3\xbe\xa6\xfb\xbc\x2c\x4a\x3d\xff\x3d\x01\
\x40\x16\xa5\xcf\x02\xbf\xb4\xee\x28\x71\x44\xab\x1d\x7a\xfd\x7b\
\x47\x1c\xcb\xa2\xf4\x29\x60\x2f\x60\x96\x75\x8b\xb8\xb4\x15\x70\
\x59\xab\x1d\xbe\xd6\x3a\x44\x44\x44\x44\xa4\x4f\x1a\x62\x1b\x9c\
\xc7\x2d\x6c\x00\x4f\x59\x07\x2c\xc6\xeb\x50\x8c\x86\xd8\x7c\xa8\
\xfb\xef\xaf\x6a\xb4\x89\xad\x2a\x82\x78\x1a\xfe\xaf\x5f\x9f\x4e\
\x9e\x78\xfa\xfb\x68\x62\x79\xf2\x08\xf0\x5b\xeb\x8c\x12\xde\x3f\
\xd7\x22\x22\x22\x32\xa0\xca\x0d\xb1\x75\xb6\x41\x79\x1e\xa8\x19\
\xe5\x10\x9b\xe7\xa3\x44\xaf\x1c\xc6\x83\x74\x8e\x21\xbb\x7a\x18\
\x8f\x35\x02\xaf\x6b\xb5\xc3\xb5\x46\xf4\xd8\xdb\xe3\xfb\x85\xb0\
\x8e\x85\x13\x00\x3a\x03\x07\x5a\xc5\x3e\x3c\xde\x8f\x14\x7d\x0d\
\xd0\xb2\x8e\x90\x6a\xca\xa2\xf4\x21\x8a\x2d\xa3\x37\x59\xb7\x88\
\x4b\x9b\x00\x97\xb4\xda\xe1\xc6\xd6\x21\x22\x22\x22\x22\x7d\xd0\
\xcd\x3d\x83\xd3\x9f\x59\x39\xaf\x7f\x46\x55\x39\x8d\x61\xba\x75\
\xc0\x88\xd5\xfd\xf7\x27\x32\x2a\x5b\x03\x6f\xb0\x8e\x28\x51\xa5\
\xeb\xd7\xde\x5b\x03\x82\xd8\xfb\xe7\x5b\x44\x44\x44\x06\x50\xb9\
\x21\xb6\x0e\xcf\x47\x8a\xbe\xad\xd5\x0e\x57\x1b\xd5\x63\x8f\xe8\
\x71\x87\x61\x98\xc7\x80\x0e\x65\x20\x6e\x44\x82\x11\x3d\xee\x28\
\x87\x1f\xa7\xea\x4f\x59\x94\x3e\x60\x1d\x21\x6e\x68\x15\xfb\x70\
\x9d\x0f\x78\xff\xfa\xd2\x91\xa2\x32\x69\x59\x94\xde\x0d\xec\x08\
\x5c\x6e\xdd\x22\x2e\xbd\x12\x38\xa7\xd5\x0e\xd7\xb5\x0e\x11\x11\
\x11\x11\x29\xe1\x71\xeb\x99\xc7\x63\x28\x17\xe7\xe7\xd8\xce\x25\
\xad\x6c\x1d\xb0\x98\x67\xad\x03\xba\x58\xc3\x3a\xa0\x4f\xf7\x59\
\x07\x8c\x58\xdd\x7f\x7f\x55\xe3\x7f\x6b\x96\x2c\xe2\x7d\x33\xd7\
\x23\xc0\x39\xd6\x11\x03\xf8\x35\xfe\x9f\xff\xba\x7e\x2d\x22\x22\
\x52\x23\x55\x1d\x62\xf3\xbc\x89\x6d\x3a\xb0\xf3\x88\x1e\xdb\xeb\
\x26\xb6\xf9\xc0\x35\x43\x7c\xbc\x61\x0e\xc4\x0d\xdb\xa8\x3e\x07\
\xbb\x8f\xe8\x71\x87\xc1\xf3\xd7\x9b\x8c\x51\xe7\x58\x49\xef\x17\
\x01\x4e\xef\x1c\x63\x58\x09\x9d\xed\x93\xc7\x5b\x77\x94\x38\xb4\
\xd5\x0e\x3d\x1e\x9d\x23\x15\x91\x45\xe9\xa3\x14\x7f\xcf\xfd\xc6\
\xba\x45\x5c\xda\x14\x38\x7b\x84\x37\x81\x88\x88\x88\x88\x0c\xc3\
\x1c\xeb\x80\x09\xac\x68\x1d\xd0\x53\x9e\xbc\x00\xcc\xb5\xce\x98\
\xc0\xaa\xd6\x01\xff\x27\x4f\xe6\x52\x5c\x57\xf5\x66\x4d\xeb\x80\
\x3e\xd5\x7d\xc8\xab\xee\xbf\xbf\xaa\xa9\xcc\xf5\xc6\x46\x0b\xe2\
\xe5\x80\x19\xd6\x19\x25\x4e\xec\x7c\xff\xaf\x86\x3c\x79\x16\x38\
\xd5\x3a\xa3\xc4\x11\x9d\x63\x64\x45\x44\x44\xa4\x06\x2a\x39\xc4\
\x96\x45\xe9\x3d\xc0\xcd\xd6\x1d\x3d\x0c\x7d\x20\xa9\xb3\xa1\xe2\
\xd5\xc3\x7e\xdc\x21\xf9\x53\x16\xa5\xcf\x0c\xf1\xf1\x3c\x0f\xb1\
\x0d\x7d\x1b\x5e\xab\x1d\xae\xc1\xe8\x36\xbc\x0d\x83\xe7\xcd\x87\
\x32\x5e\xdb\xa0\x55\xec\xa3\xe0\xbd\x79\x6d\x20\xb4\x8e\x90\x6a\
\xcb\xa2\xf4\x59\x60\x7f\xe0\x68\xeb\x16\x71\x69\x6b\xe0\x57\xad\
\x76\xe8\xfb\x8d\x58\x11\x11\x11\x69\x32\x8f\x9b\xd8\xaa\x70\xb3\
\x91\xc7\x6d\x6c\xab\x58\x07\x2c\xc5\xe3\x36\x36\x6d\x62\xf3\xa1\
\xee\xbf\xbf\x2a\x99\x4b\x9e\x78\x1c\x66\x96\x65\xed\x0e\xac\x67\
\x1d\x51\xc2\xfb\xb5\xe0\x89\x78\x6f\x7e\x0d\xd0\xb2\x8e\x10\x11\
\x11\x91\xe1\xa8\xe4\x10\x5b\x87\xe7\xed\x50\xa3\x38\x1a\xd2\xeb\
\x16\x36\x18\xfe\xf1\x9f\xb7\x03\x8f\x0e\xf9\x31\x87\x65\x14\x9f\
\x87\x5d\xf0\xfb\xb5\x38\x1f\xb8\xc8\x3a\x42\xdc\xf0\xbe\x96\xbb\
\x6a\xab\xd8\x17\xb9\x06\xb8\xc9\x3a\xa2\x84\xf7\x0d\x7c\x52\x01\
\x59\x94\xce\x05\xfe\x1a\xf8\x86\x75\x8b\xb8\xb4\x1b\x70\x6c\xab\
\x1d\x4e\xb7\x0e\x11\x11\x11\x11\x99\x80\x86\xd8\x26\xc7\xe3\xe6\
\x22\x0d\xb1\x95\xd3\x26\x36\x1f\xea\xfe\xfb\xab\x12\x8f\xdf\xcb\
\x64\x62\xde\xaf\x5f\xdf\x06\x5c\x61\x1d\x31\x09\x17\x00\xf7\x5b\
\x47\x94\xf0\xfe\xb9\x17\x11\x11\x91\x3e\x79\x1d\x9c\xe9\x87\xe7\
\xed\x50\x5b\xb4\xda\xe1\xfa\x43\x7e\x4c\xcf\x43\x6c\x43\xdd\x9c\
\x96\x45\xe9\xc2\x61\x3f\xe6\x10\xad\xdf\x6a\x87\x1b\x0c\xf9\x31\
\x47\x31\xf4\x38\x2c\x57\x65\x51\xfa\xa4\x75\x84\xd8\x6b\xb5\xc3\
\x4a\xac\x62\xef\x0c\xc9\x54\x4a\xe7\x7b\xde\xb1\xd6\x1d\x25\xf6\
\xd5\x51\x7f\x32\x0c\x59\x94\x2e\xcc\xa2\xf4\x9f\x80\x7d\x81\xd9\
\xd6\x3d\xe2\xce\x81\xc0\x97\xad\x23\x44\x44\x44\x44\x26\xa0\x21\
\xb6\xc9\xd1\x26\xb6\x72\x1a\x62\x9b\xac\x3c\x79\x0a\xa8\xf3\x75\
\xcb\x7b\xad\x03\xe4\xff\x68\x88\xad\x0a\x82\x78\x65\xe0\x00\xeb\
\x8c\x12\xc7\x92\x27\x0b\xad\x23\x06\x96\x27\xf3\x81\xe3\xad\x33\
\x4a\x1c\x4a\x10\x57\xe1\x67\x23\x11\x11\x11\x29\x51\xe5\x21\xb6\
\x0b\x81\x05\xd6\x11\x3d\xec\x36\xe4\xc7\xf3\x3c\xc4\x36\xec\x4d\
\x6c\xe0\x77\x88\x0d\x86\x7f\xa4\xe8\xd0\x8f\x9f\x1d\x22\xcf\x1b\
\x0f\x65\xbc\xb4\x8a\x7d\xb4\x8e\xb3\x0e\x28\xf1\x52\xfc\x5f\x04\
\x92\x0a\xc9\xa2\xf4\xd7\xc0\x56\xc0\xe5\xd6\x2d\xe2\xce\x3f\xb5\
\xda\xe1\xbb\xac\x23\x44\x44\x44\x44\x96\xa2\x21\xb6\xc9\xd1\x10\
\x5b\x39\x8f\x43\x6c\x55\x39\x4e\x14\x8a\xed\x40\x75\xf4\x34\xbe\
\xaf\x8f\x37\x8d\x86\xd8\xaa\xe1\xbd\xc0\xca\xd6\x11\x25\xbc\xdf\
\xc8\xdc\x8b\xf7\x6b\xef\x6b\x03\xa1\x75\x84\x88\x88\x88\x4c\x5d\
\x65\x87\xd8\xb2\x28\x9d\x0d\xfc\xc1\xba\xa3\x87\xa1\x6d\xd7\x6a\
\xb5\xc3\x69\x0c\x7f\x70\x6a\x58\x9e\x07\xfe\x34\x82\xc7\xf5\xfc\
\x22\x7d\x68\x03\x85\x9d\xad\x6e\x9b\x0d\xeb\xf1\x46\x40\x43\x6c\
\xb2\x88\xf7\xe3\x24\xab\xba\x8a\x1d\x80\x2c\x4a\x6f\x07\x2e\xb5\
\xee\x28\xe1\xfd\x39\x20\x15\x93\x45\xe9\x5d\xc0\x4e\xc0\x77\xac\
\x5b\xc4\x95\x69\x14\xc7\x8a\x0e\x7b\xf3\xad\x88\x88\x88\xc8\x54\
\xcc\xb1\x0e\x98\x80\x86\xd8\x26\x67\x55\xeb\x80\xa5\x78\x1c\x62\
\xab\xc6\x26\xb6\xc2\xe9\xd6\x01\x23\x72\x36\x79\xe2\xf1\xfb\x4e\
\x53\x69\x88\xad\x1a\xbc\x5f\xbb\xbc\x8a\x3c\xb9\xc5\x3a\x62\x0a\
\xae\x05\x6e\xb4\x8e\x28\xe1\xfd\x39\x20\x22\x22\x22\x7d\xa8\xec\
\x10\x5b\x87\xe7\x23\x45\xf7\xe8\x0c\x9f\x0d\xc3\xab\x81\x75\x86\
\xf4\x58\xc3\x76\xf5\x88\x8e\xef\xf3\x3c\xc4\x36\xcc\x81\x42\xcf\
\x5b\xd8\x9e\x03\x32\xeb\x08\xb1\xd7\x6a\x87\x2b\x03\xfb\x5b\x77\
\x94\x38\xb6\x73\x2c\x67\x95\x79\xbf\x13\x6f\x37\x0d\x95\xc8\xb0\
\x65\x51\x3a\x37\x8b\xd2\xcf\x00\xef\x01\xee\xb1\xee\x11\x37\xd6\
\x01\x8e\xef\x1c\x65\x2d\x22\x22\x22\xe2\x81\x36\xb1\x4d\x8e\xc7\
\x21\x36\x6d\x62\x2b\x57\xa5\x21\xb6\x33\xf1\x7d\x5a\xcb\x64\xd5\
\x75\x38\xaf\xaa\x34\xc4\xe6\x5d\x10\xaf\x0b\x78\xdf\xea\xee\x7d\
\x93\x59\x6f\xc5\x31\xa8\xde\xaf\x5f\xef\x4b\x10\xaf\x66\x1d\x21\
\x22\x22\x22\x53\x53\xf5\x21\x36\xcf\x5b\xa2\x36\x04\x36\x1d\xd2\
\x63\x79\x3e\x4a\x74\x24\xc3\x66\x59\x94\x3e\x00\xdc\x3d\x8a\xc7\
\x1e\x82\xa0\xd5\x0e\x87\xf5\xb5\xe3\x79\x88\xed\xd2\x2c\x4a\x9f\
\xb7\x8e\x10\x17\xb4\x8a\x7d\x3c\x4e\x06\x46\x31\x14\x3c\x2c\xd3\
\x80\xc3\xac\x23\xa4\x9e\xb2\x28\xfd\x0d\xb0\x39\xf0\x6d\x60\x9e\
\x71\x8e\xf8\xb0\x23\xf0\x55\xeb\x08\x11\x11\x11\x91\x0e\x0d\xb1\
\x4d\x8e\xc7\xc1\x0f\x6f\x43\x6c\x8f\x5b\x07\x4c\xa0\x3a\xc7\x89\
\xe6\xc9\xc3\xc0\x65\xd6\x19\x43\x36\x0f\x38\xcb\x3a\x42\x96\xe0\
\xf1\x7b\x99\x2c\xe9\x50\x60\xba\x75\x44\x0f\xf3\x81\x13\xad\x23\
\x86\xe0\x38\xeb\x80\x12\x2f\x05\x0e\xb0\x8e\x10\x11\x11\x91\xa9\
\xa9\xfa\x10\xdb\x65\x14\xc7\x59\x7a\x35\xac\x23\x45\xbd\x1e\x25\
\x0a\x70\xe5\x08\x1f\xdb\xeb\x36\xb6\xd5\x19\xc2\x80\x62\x67\x53\
\xdf\xd0\x8e\x9d\x1d\x01\xcf\x43\xa2\x32\x5e\xde\xd7\x70\x5f\x95\
\x45\x69\x95\x57\xb1\x03\x90\x45\xe9\xa3\xf8\xbf\x48\xe9\xfd\xb9\
\x20\x15\x96\x45\xe9\xd3\x59\x94\x7e\x16\xd8\x12\xb8\xd0\x38\x47\
\x7c\xf8\x5c\xab\x1d\xbe\xc3\x3a\x42\x44\x44\x44\x04\x9f\x43\x6c\
\x2b\x5a\x07\xf4\x41\x9b\xd8\xca\x79\xbc\x89\xf7\xe5\xd6\x01\x03\
\xaa\xdb\xd6\xb2\x8b\xc8\x93\xd9\xd6\x11\xb2\x04\x0d\xb1\xf9\xe7\
\xfd\x9a\xe5\xef\xc8\x93\x07\xad\x23\xa6\x2c\x4f\xee\x00\x2e\x35\
\xae\x28\xe3\xfd\xb9\x20\x22\x22\x22\x25\x2a\x3d\xc4\xd6\xd9\x12\
\xe5\xf9\x4e\xab\x61\x0d\x28\x79\xde\xc4\xd6\xc4\x21\x36\x18\xce\
\xe7\xe4\x0d\xc0\x2b\x87\xf0\x38\xa3\xa2\x21\x36\xa1\xd5\x0e\xb5\
\x8a\x7d\xbc\xbc\x6f\x94\xdb\xaa\xd5\x0e\xb7\xb0\x8e\x90\x7a\xcb\
\xa2\xf4\x46\x60\x37\x60\x26\x3e\xdf\xd0\x91\xf1\xfa\x6f\x1d\x2b\
\x2a\x22\x22\x22\x0e\x78\x1c\x62\xf3\xbe\x31\x1d\x7c\x0e\xb1\xad\
\x6a\x1d\xb0\x14\x8f\xaf\x79\xde\x48\x10\x2f\x6f\x1d\x31\x80\xa3\
\xa9\xd7\x90\xd1\xf7\xad\x03\x64\x19\x75\x7a\x7e\xd5\x4f\x10\x6f\
\x8a\xef\x45\x10\x50\xaf\xeb\xd7\xde\x7f\x2f\xbb\x11\xc4\x9e\xdf\
\x77\x13\x11\x11\x91\x12\x95\x1e\x62\xeb\x38\xd7\x3a\xa0\x87\x5d\
\x5b\xed\x70\x4a\x2b\x8c\x3b\xff\x7d\x30\xa4\x9e\x61\x9b\x0d\xdc\
\x36\xc2\xc7\xaf\xfb\x10\x9b\xe7\x2d\x6c\x8f\x03\xd7\x58\x47\x88\
\x0b\x5a\xc5\x3e\x5e\x67\x02\x4f\x5a\x47\x94\x98\x69\x1d\x20\xf5\
\x97\x45\xe9\xc2\x2c\x4a\x8f\x03\x5e\x07\xfc\x35\x70\xb3\x71\x92\
\xd8\x79\x33\xf0\x31\xeb\x08\x11\x11\x11\x69\xbc\x39\xd6\x01\x13\
\x58\xd3\x3a\xa0\x0f\x1e\x87\xd8\xbc\x6d\x62\xbb\xcb\x3a\x60\x02\
\x2b\x02\x9b\x5b\x47\xf4\x2d\x4f\x1e\x01\xbe\x65\x9d\x31\x24\x97\
\x01\x67\x58\x47\xc8\x32\x1e\xb0\x0e\x90\x9e\xbc\x5f\xab\x7c\x06\
\x38\xcd\x3a\x62\x88\x4e\x06\xe6\x5a\x47\xf4\x30\x0d\x98\x61\x1d\
\x21\x22\x22\x22\x93\x57\x87\x21\x36\xcf\xdb\xa2\xd6\x00\xb6\x9e\
\xe2\x63\x6c\x86\xdf\x3b\x2b\xaf\xca\xa2\x74\xe1\x08\x1f\x3f\x1f\
\xe1\x63\x4f\xd5\x30\xee\xec\xd9\x7d\x08\x8f\x31\x2a\x17\x64\x51\
\x3a\xdf\x3a\x42\x5c\xf0\xbe\x7e\xfb\x77\x59\x94\x56\x7f\x15\x7b\
\x47\x16\xa5\xcf\x01\xa7\x58\x77\x94\x98\xd9\x6a\x87\x75\xf8\xf9\
\x41\x2a\x20\x8b\xd2\x17\xb2\x28\xfd\x39\xb0\x05\x70\x30\x70\xb5\
\x6d\x91\x18\xf9\x4a\xab\x1d\x6e\x68\x1d\x21\x22\x22\x22\x8d\xf6\
\xbc\x75\xc0\x04\xd6\xb6\x0e\xe8\x83\x86\xd8\xca\x79\xdc\xc4\x06\
\x53\xbf\xa6\x3d\x6e\xff\x01\xdc\x6f\x1d\x31\x04\x9f\x21\x4f\x46\
\x79\xbd\x5d\x26\x47\x37\xd6\x79\x15\xc4\xd3\xf0\x7f\xfd\xfa\x34\
\xf2\xe4\x19\xeb\x88\xa1\xc9\x93\xc7\x80\xb3\xac\x33\x4a\x78\x7f\
\x4e\x88\x88\x88\x48\x0f\x75\x78\x13\xfa\x6a\x8a\xad\x51\x5e\x4d\
\x75\xdb\x96\xe7\xa3\x44\x47\xba\x29\x2d\x8b\xd2\x27\xf0\xfb\x02\
\xf1\xad\xad\x76\x38\xe9\xb5\xfa\x9d\x63\xb1\x76\x1d\x62\xcf\xb0\
\x79\xde\x70\x28\x63\xd2\x6a\x87\x5a\xc5\x6e\xc3\xfb\x91\xa2\x1b\
\x01\x3b\x58\x47\x48\xb3\x64\x51\x3a\x3f\x8b\xd2\x53\x28\xb6\xd3\
\x86\x14\x1b\x18\x9f\xb3\xad\x92\x31\x5a\x05\xf8\x37\xeb\x08\x11\
\x11\x11\x69\xb4\xd9\xd6\x01\x13\x58\xcb\x3a\xa0\x0f\x1e\x8f\xe0\
\x5b\xcd\x3a\x60\x29\x1e\x37\xb1\x01\x6c\x63\x1d\x30\x90\x62\x40\
\xe4\x4b\xd6\x19\x53\xf4\x2b\xf2\xe4\xf7\xd6\x11\x32\x21\xaf\xef\
\x51\x08\x6c\x07\x6c\x62\x1d\x51\xa2\x8e\xd7\xaf\xbd\xff\x9e\xb6\
\x22\x88\xb7\xb0\x8e\x10\x11\x11\x91\xc9\xa9\xfc\x10\x5b\x67\x5b\
\xd4\x05\xd6\x1d\x3d\x4c\x75\xdb\x96\xe7\x01\x92\x2b\xc7\xf0\x31\
\xbc\x1e\x29\xba\x22\xc5\xf1\x56\x93\xb5\x35\xb0\xfa\x90\x5a\x46\
\xc1\xf3\x86\x43\x19\x1f\xad\x62\xb7\x71\x11\x70\xaf\x75\x44\x09\
\xdd\xcd\x26\x26\x3a\xc7\x8c\x9e\x93\x45\xe9\x61\xc0\x7a\xc0\xfb\
\x80\x14\x58\x60\x5b\x26\x63\x70\x70\xab\x1d\xee\x66\x1d\x21\x22\
\x22\x22\x8d\xf5\xa8\x75\xc0\x04\x56\x21\x88\x57\xb0\x8e\x28\xe1\
\x71\x13\xdb\xab\xac\x03\x96\x72\x3f\x3e\x5f\xcf\x54\x6d\x13\x1b\
\xc0\xff\x02\x7f\xb2\x8e\x98\xa4\x79\xc0\xe7\xad\x23\x64\x42\x0b\
\x81\x5b\xad\x23\xa4\x2b\xef\xd7\xaf\x1f\xa2\x9e\x0b\x03\xce\x04\
\x9e\xb4\x8e\x28\xe1\xfd\xb9\x21\x22\x22\x22\x5d\x54\x7e\x88\xad\
\xc3\xf3\x0f\x81\x3b\xb4\xda\xe1\x4a\x53\xf8\xef\x1b\xbb\x89\x6d\
\x8c\x1f\x63\xb2\xa6\xf2\xb9\x99\xea\x86\xbe\x51\xba\x17\xb8\xc5\
\x3a\x42\x6c\xb5\xda\x61\x25\x56\xb1\x67\x51\x5a\x9f\x55\xec\x1d\
\x9d\xe1\xec\xe3\xad\x3b\x4a\x1c\xdc\x6a\x87\x2b\x5a\x47\x48\xb3\
\x65\x51\xfa\x54\x16\xa5\xed\x2c\x4a\xdf\x0d\xbc\x12\xf8\x28\x70\
\x2a\xf0\x88\x6d\x99\x8c\xd0\x17\xad\x03\x44\x44\x44\xa4\xb1\x3c\
\x0e\xb1\x01\xac\x69\x1d\x50\xc2\xe3\x10\xdb\x86\x04\xf1\x54\xae\
\xd5\x0e\x57\x9e\xcc\xc3\xe7\x8d\x6c\x5b\x11\xc4\xd3\xad\x23\x06\
\x52\xfc\x59\x1e\x82\xcf\x0d\x80\x65\x3e\x42\x9e\xfc\xd9\x3a\x42\
\x26\x74\x07\x79\xe2\xf1\x48\x69\x09\xe2\xe5\x81\xc3\xac\x33\x4a\
\x9c\xd0\xf9\xde\x54\x2f\xc5\xd7\xc4\x29\xd6\x19\x25\x66\x12\xc4\
\x75\x79\x0f\x5c\x44\x44\xa4\x51\xea\xf2\x17\xb8\xe7\x21\xb6\x15\
\x81\xed\x27\xf3\x1f\x76\x06\x04\xb6\x1c\x6e\xce\xd0\xdc\x93\x45\
\xe9\xfd\x63\xf8\x38\x9e\x87\xd8\xa6\xb2\x25\x6f\xaa\x1b\xfa\x46\
\xe9\xbc\x2c\x4a\x17\x5a\x47\x88\x39\xad\x62\xb7\xe5\xfd\xf7\xb6\
\x06\xb0\x97\x75\x84\xc8\x22\x59\x94\x3e\x98\x45\xe9\x0f\xb3\x28\
\x3d\x10\x58\x17\xd8\x02\xf8\x30\xc5\x40\xa8\xc7\x37\x84\x64\x72\
\x76\x69\xb5\xc3\x49\xfd\x5c\x2d\x22\x22\x22\x32\x45\x8f\x59\x07\
\x74\xe1\xfd\x48\x51\x8f\x43\x6c\xe0\xef\x7a\xc7\xdd\xd6\x01\x13\
\x78\x19\xf0\x7a\xeb\x88\x81\xe5\xc9\x8d\x14\x43\x2d\x55\xba\xb6\
\xf9\x9f\xe4\xc9\x4f\xac\x23\xa4\x2b\x1d\x25\xea\xd7\xbb\x80\x75\
\xac\x23\x4a\x78\xbf\xc6\x3b\x15\xde\x7f\x6f\x1b\x01\x3b\x58\x47\
\x88\x88\x88\xc8\xe0\x96\xb3\x0e\x18\x92\x59\xc0\x3d\xc0\x86\xd6\
\x21\x5d\xec\xc1\xe4\x8e\x67\xdc\x12\x58\x7e\xc8\x2d\xc3\x32\xae\
\xe1\xb2\x6b\x29\xd6\xa9\x7b\x7c\xae\x4e\x6a\x13\x5b\x67\x33\xdf\
\x3b\x86\xdc\x32\x4c\x3a\x4a\x54\xc0\xff\x16\xb6\xba\xae\x62\x5f\
\xe4\x8f\xc0\x0d\xc0\x9b\xac\x43\x7a\x38\x02\xf8\x95\x75\x84\xc8\
\xd2\x3a\x83\xd8\x37\x76\x7e\xfd\x08\xa0\xd5\x0e\x57\xa3\x78\xa3\
\xea\x75\x4b\xfd\x5a\x1f\x58\xb9\xf3\x6b\x15\xa0\x5a\x9b\x06\x9a\
\x29\x06\xf6\xb1\x8e\x10\x11\x11\x91\xc6\xf1\xba\x89\x6d\x6d\xeb\
\x80\x12\x5e\x87\xff\x36\xa5\x78\xcd\xed\xc5\x2c\x26\x79\x13\xf4\
\x88\x6d\x03\xdc\x64\x1d\x31\xb0\x3c\x39\x8b\x20\xfe\x0c\xf0\x1d\
\xeb\x94\x3e\xfc\x0e\xf8\x94\x75\x84\xf4\xa4\x21\x36\xbf\xbc\x5f\
\xbf\xbe\x05\xc8\xad\x23\x46\xe8\x22\x7c\xbf\x2f\x0b\xc5\x73\xe4\
\x62\xeb\x08\x11\x11\x11\x19\x8c\xc7\xc1\xa0\x81\x65\x51\xba\xb0\
\xd5\x0e\xcf\x05\xfe\xca\xba\xa5\x8b\x3d\x28\xde\x70\x1b\x94\xe7\
\xa3\x44\xaf\x1c\xc7\x07\xc9\xa2\xf4\xb9\x56\x3b\xbc\x1e\x78\xeb\
\x38\x3e\xde\x80\xb6\x68\xb5\xc3\x95\x27\x71\x9c\xe1\x3b\x28\x36\
\xf4\x79\xa5\x21\xb6\x86\x6b\xb5\xc3\xe5\x81\x43\xad\x3b\x4a\x9c\
\x90\x45\x69\xfd\x56\xb1\x77\x74\xfe\x5e\x3b\x16\x48\xac\x5b\x7a\
\x78\x4f\xab\x1d\xae\x91\x45\xe9\xe3\xd6\x21\x22\x65\xb2\x28\x7d\
\x12\xb8\xa6\xf3\x6b\x42\x9d\x63\x94\x57\xa0\x18\x66\x5b\x99\x6a\
\x6d\x2c\x9e\x46\x71\x94\xd4\x2b\x96\xfa\xb5\x35\xd0\xa2\x5a\xbf\
\x97\x32\xef\x69\xb5\xc3\x2d\xb3\x28\xbd\xce\x3a\x44\x44\x44\xdc\
\xb9\x85\x62\x23\x87\xc0\x02\xeb\x80\x1a\xf2\x3a\xc4\xe6\x7d\x13\
\xdb\x6d\xd6\x01\x5d\x6c\x6a\x1d\xb0\x94\x6b\x80\xf7\x5b\x47\x4c\
\x60\x6b\xfc\x6f\xda\xe9\xe6\x5f\x29\x6e\x0c\xf4\xf8\xe7\xba\xc8\
\x2c\xe0\xd0\x5a\x1e\x35\x58\x2f\x3a\xe6\xd5\xa3\x20\x5e\x15\x78\
\xaf\x75\x46\x89\x63\xc9\x93\x2a\x6d\x85\x1c\x4c\x9e\x2c\x20\x88\
\x8f\x07\x3e\x6d\x9d\xd2\xc3\xc1\x04\xf1\x91\xe4\xc9\x1c\xeb\x10\
\x11\x11\x19\x99\x3f\x02\xfb\x5a\x47\x38\x31\xdf\x3a\x60\x58\x6a\
\x31\xc4\xd6\x71\x1e\x7e\x87\xd8\xb6\x69\xb5\xc3\x35\xb3\x28\x9d\
\x3d\xe0\x7f\xe7\x79\x88\x6d\x9c\xc7\x7c\x5e\x85\xcf\x21\xb6\x97\
\x50\x5c\xcc\xb9\x64\xc0\xff\x6e\x8f\x11\xb4\x0c\xcb\x9f\xb3\x28\
\xd5\xb1\x6b\x52\x85\x55\xec\xd7\xb7\xda\xa1\xc7\xef\x0b\xc3\xe4\
\xfd\x6e\xe7\x15\x80\x83\x80\x9f\x5a\x87\x88\x0c\x43\x67\x83\xdb\
\x9c\xce\x2f\xaf\x6f\x52\xf6\x72\xfb\x44\xff\xb0\xd5\x0e\x5f\x4e\
\x71\xfc\xef\xbe\x40\x48\x31\xa0\x57\x75\x9f\x03\x66\x58\x47\x88\
\x88\x88\x3b\x2f\x64\x51\x7a\xa7\x75\x84\xd4\xd6\xa0\xd7\xf4\xc6\
\xc5\xf7\x10\x5b\x9e\x3c\x49\x10\x3f\x04\xac\x6b\x9d\xb2\x14\x6f\
\x43\x6c\x57\x5b\x07\x74\xf1\x36\xeb\x80\x49\xcb\x93\x85\x04\xf1\
\xdf\x01\x4f\x02\x47\x5a\xe7\x4c\xe0\x0a\x60\x7f\xf2\xc4\xf2\x7b\
\xcb\x9d\xc0\x49\x86\x1f\x7f\x69\x7b\xe0\xf3\x7b\x9a\x36\xb1\xf9\
\xb4\x3f\xb0\x92\x75\x44\x89\x1b\x09\xe2\xba\x5f\xbf\xf6\xb4\xd5\
\x74\x22\x6b\x50\x5c\x13\xd3\x69\x22\x22\x22\xf5\x35\x87\x3c\xd1\
\xb5\xa0\x9a\xa9\xdb\x10\x9b\x57\xd3\x80\x5d\x81\x53\x07\xfc\xef\
\x3c\x5f\x28\x18\xe7\x1a\xe4\xab\x80\x0f\x8e\xf1\xe3\x0d\x62\x5b\
\x06\x1f\x62\xdb\x7d\x14\x21\x43\xe2\xf9\xeb\x48\xc6\xc7\xfb\x2a\
\x76\x80\x9f\x58\x07\x08\x50\x3c\x57\x34\xc4\x26\xe2\x58\x16\xa5\
\x0f\x03\x47\x03\x47\xb7\xda\xe1\x4b\x81\xbf\x05\xbe\x84\xff\x61\
\xe5\x5e\x0e\x69\xb5\xc3\x4f\x66\x51\xfa\x80\x75\x88\x88\x88\x88\
\x34\x44\x9e\xcc\x23\x88\x9f\x00\x56\xb7\x4e\x59\x8a\xc7\x81\x8f\
\xa5\xcd\x42\x43\x6c\x65\xae\xb5\x0e\xe8\xa2\x45\x10\xbf\x82\x3c\
\xa9\xe6\xcf\xdd\x79\x32\x17\xf8\x18\x41\x7c\x03\xf0\x43\xfc\xbc\
\x17\xd2\x06\x3e\x48\x9e\x3c\x6f\x5a\x91\x27\x17\xe3\xe5\x98\xbd\
\x20\x5e\x05\x78\xc8\x3a\xa3\x0b\x0d\xb1\xf9\x54\x85\xeb\xd7\x27\
\x5b\x07\x08\x50\x3c\x57\x34\xc4\x26\x22\x22\x52\x21\xb5\x39\x5a\
\x28\x8b\xd2\xfb\x81\x1b\xad\x3b\x7a\x18\x68\xfb\x56\xab\x1d\xae\
\x06\x6c\x36\xa2\x96\xa9\xba\x39\x8b\xd2\x27\xc6\xf8\xf1\xc6\x72\
\x74\xe9\x24\x0d\x34\x68\xd8\x6a\x87\x6b\x02\xdb\x8c\xa8\x65\x18\
\x34\xc4\xd6\x70\xad\x76\x58\x85\x55\xec\xe2\xc7\xce\xad\x76\xb8\
\x91\x75\x84\x88\xf4\x27\x8b\xd2\xe7\xb3\x28\xfd\x01\xf0\x3a\x8a\
\xe3\x8a\x6d\xdf\x34\x99\xbc\x97\xe0\xff\xd8\x6b\x11\x11\x11\xa9\
\x1f\x8f\xdb\x7a\xd7\xb3\x0e\xe8\xc3\xad\xd6\x01\x13\x78\x9d\x75\
\xc0\x12\xf2\xe4\x29\x8a\x61\x3f\x6f\x5e\x02\x1c\x60\x1d\x31\x65\
\x79\x72\x14\xc5\xb5\x79\xeb\xaf\xe1\x85\xc0\x67\x80\xf7\x9b\x0f\
\xb0\xf9\xb3\x0f\x3e\xb7\x6a\x3d\x0d\xdc\x6f\x1d\x21\x4b\x09\xe2\
\xf5\xf1\xbd\x28\x40\x7c\x79\x0f\x41\xbc\xa6\x75\x84\x88\x88\x88\
\xf4\xaf\x36\x43\x6c\x1d\xe7\x5a\x07\xf4\x30\xe8\x0f\xd5\xdb\x50\
\x6c\x70\xf3\x68\xdc\x43\x65\x37\x02\xcf\x8d\xf9\x63\xf6\x6b\xd0\
\x23\x5f\x77\xc5\xef\xe7\x75\x01\x70\xa1\x75\x84\x98\xab\xc2\x2a\
\x76\xf1\x45\x47\xfa\x89\x54\x4c\x16\xa5\x4f\x64\x51\xfa\x79\xe0\
\xf5\xc0\x29\xd6\x3d\x93\x34\xd3\x3a\x40\x44\x44\x44\x1a\xc7\x7a\
\x00\x66\x22\x55\xb8\xa9\xc8\xe3\x70\xd6\x06\x04\xf1\xcb\xac\x23\
\x96\xe2\xf5\x48\xd1\x83\xad\x03\x86\x22\x4f\x2e\xa2\xb8\x8e\xfb\
\x1b\xa3\x82\x9b\x81\x77\x93\x27\xdf\x21\x4f\x16\x1a\x35\x78\x76\
\x88\x75\x40\x17\x7f\xd6\xe7\xcb\xa5\xc3\xa8\xdf\x7b\x9b\x32\x3a\
\x2b\x00\x07\x5a\x47\x88\x88\x88\x48\xff\xea\xf6\x83\x9e\xe7\x21\
\xb6\xd7\x0f\xb8\xad\x66\xd0\xe1\xa8\x71\xba\x6a\x9c\x1f\x2c\x8b\
\xd2\x79\xf8\xbd\x90\xf3\xda\x56\x3b\x5c\x7b\x80\x7f\xdf\xf3\x1d\
\x42\x57\x67\x51\x3a\xdb\x3a\x42\xcc\x55\x61\x15\xbb\xf8\x12\xb5\
\xda\xa1\xd7\xe1\x5c\x11\xe9\x21\x8b\xd2\xbb\x29\xde\x2c\xf8\x67\
\xeb\x96\x49\xd8\xb6\xd5\x0e\x5f\x6f\x1d\x21\x22\x22\x22\x8d\xe2\
\x71\x88\xed\xd5\xd6\x01\x7d\xf0\x38\xc4\x06\xde\xb6\xb1\xf9\xbd\
\xf6\xb9\x13\x41\xfc\x0a\xeb\x88\xa1\xc8\x93\xdb\xc9\x93\xf7\x50\
\xdc\x64\x3c\xae\xeb\xdb\x0f\x00\x7f\x0f\xbc\x89\x3c\x39\x67\x4c\
\x1f\xb3\x5a\x82\x78\x35\x60\x4f\xeb\x8c\x2e\x2e\xb3\x0e\x90\x09\
\xe9\xfa\xb5\x0c\x4a\xcf\x19\x11\x11\x91\x0a\xa9\xdb\x10\xdb\x45\
\xc0\x7c\xeb\x88\x1e\x06\x19\x60\xf2\x3c\xc4\x66\x71\xbc\xe7\x58\
\x07\xe7\x06\x34\xc8\xe7\x6a\xa0\x63\x65\xc7\x4c\x47\x89\x36\x5c\
\xab\x1d\x6a\x15\xbb\x4c\xc6\x16\xc0\x5b\xac\x23\x44\x64\x72\xb2\
\x28\x5d\x98\x45\xe9\x57\x29\xee\x64\x9e\x63\xdd\x33\x20\x6d\x63\
\x13\x11\x11\x91\x71\x7a\xcc\x3a\x60\x02\xda\xc4\x36\x79\x9b\x5a\
\x07\x2c\xe5\x1a\xeb\x80\x2e\xea\x71\xa4\xe8\xe2\xf2\xe4\x42\x60\
\x3b\x8a\x1b\x7a\x46\x75\xdc\xed\xd3\xc0\x97\x80\x4d\xc9\x93\x1f\
\x93\x27\xf3\x46\xf4\x71\xea\xe0\xbd\xc0\x8a\xd6\x11\x5d\x5c\x60\
\x1d\x20\x4b\x09\xe2\xcd\x81\xad\xad\x33\xa4\x72\x76\x26\x88\xab\
\xf0\x33\x93\x88\x88\x88\x50\xb3\x21\xb6\x2c\x4a\x9f\xc4\x66\xc0\
\xaa\x5f\x83\x0c\x87\xbc\x6d\x64\x15\x53\x33\x0f\xb8\xce\xe0\xe3\
\x7a\xfe\xbc\xf6\x35\xc4\xd6\x6a\x87\xaf\xa2\x38\xb6\xcb\x2b\xcf\
\x9b\x0c\x65\x3c\xb4\x8a\x5d\x26\x4b\x77\xb3\x89\x54\x5c\x16\xa5\
\x27\x02\xbb\x00\x0f\x19\xa7\x0c\x62\xa6\x36\x41\x8a\x88\x88\xc8\
\x18\x3d\x62\x1d\x30\x81\x57\x12\xc4\x2b\x58\x47\x94\x18\xd5\x90\
\xd0\x54\x69\x88\xad\x7f\xf5\x38\x52\x74\x71\x79\xb2\x90\x3c\x39\
\x19\xd8\x0c\xd8\x01\xf8\x0e\x53\x1f\xb8\x7c\x0c\xf8\x05\xc5\xb1\
\x75\xeb\x93\x27\xff\x42\x9e\x3c\x3d\xc5\xc7\x6c\x82\x43\xad\x03\
\xba\x58\x40\xb1\x34\x41\x7c\xd1\xcd\x6c\x32\x59\x33\xac\x03\x44\
\x44\x44\xa4\x3f\x75\x1c\x56\xf0\xbc\x4d\x6a\x8f\x7e\xde\x68\x6b\
\xb5\xc3\x75\xf1\x7b\x27\xe5\x75\x59\x94\x3e\x6f\xf0\x71\x3d\x6f\
\x62\xeb\x77\xe0\xd0\xf3\x86\xab\x39\x68\x3d\xba\x68\x10\x49\x26\
\x6f\x46\xab\x1d\x4e\xb7\x8e\x10\x91\xa9\xc9\xa2\xf4\x72\x60\x67\
\xe0\x71\xeb\x96\x3e\x6d\x82\xbf\x37\x1f\x45\x44\x44\xa4\xbe\xee\
\xb1\x0e\x98\xc0\x34\x60\x43\xeb\x88\x9e\xf2\xe4\x29\x8a\x23\x15\
\xbd\xf1\x75\x9c\x68\x9e\x3c\x02\xdc\x68\x9d\xd1\x45\x7d\x8e\x14\
\x5d\x5a\x9e\xcc\x27\x4f\x2e\x23\x4f\x3e\x03\xbc\x01\x78\x23\xf0\
\x79\xe0\x14\xe0\xf7\xc0\x1d\xc0\x0b\x4b\xfd\x57\x0b\x28\x9e\xd3\
\x57\x03\x67\x02\xff\x46\x71\x44\xe9\x7a\xe4\xc9\xfb\xc9\x93\x53\
\x35\xbc\xd6\xa7\x20\x5e\x13\x78\x97\x75\x46\x17\x57\x93\x27\x55\
\x79\x6d\xdc\x0c\x41\xfc\x12\x34\xc4\x26\x93\x17\x11\xc4\xba\x11\
\x52\x44\x44\xa4\x02\x96\xb3\x0e\x18\x81\x73\x81\x2f\x58\x47\x74\
\xb1\x1e\xc5\xb1\x6b\x37\x94\xfc\x7b\x9e\x8f\x12\xb5\x1a\x26\xbb\
\x0d\x98\x0d\xac\x69\xf4\xf1\x7b\xd9\xb6\xd5\x0e\xa7\x65\x51\xba\
\xb0\xe4\xdf\xf3\x3c\xc4\xf6\xfb\x2c\x4a\x9f\xb3\x8e\x10\x3b\xad\
\x76\xf8\x46\xb4\x8a\x5d\x26\x6f\x03\x8a\xc1\x97\xf3\xad\x43\x44\
\x64\x6a\xb2\x28\xfd\x73\xab\x1d\x1e\x08\xa4\x54\xe3\xb5\xc2\x4e\
\xc0\x2d\xd6\x11\x22\x22\x22\xd2\x08\x77\x58\x07\x74\xb1\x11\xf0\
\x17\xeb\x88\x12\xb3\x00\x6f\x43\x50\x1e\x6f\x86\x38\x87\x62\x88\
\xca\x9b\x45\x47\x8a\xfe\x97\x75\xc8\x48\xe5\xc9\x42\xe0\xa6\xce\
\xaf\x17\x15\x43\x0f\x6b\x51\x5c\xdb\x7f\x1c\x78\x48\xc7\x83\x0e\
\xcd\x7e\xc0\xf2\xd6\x11\x5d\xe8\x1a\x97\x3f\xdb\x03\x1b\x5b\x47\
\x48\x65\x6d\x01\xbc\x05\x9b\x93\xa6\x44\x44\x44\x64\x00\x75\xdc\
\xc4\x76\x39\xe0\x79\x18\xa7\x9f\x41\x26\xaf\x47\x89\x82\xd1\xb1\
\x9e\x9d\x01\xb1\xdc\xe2\x63\xf7\x61\x3d\xe0\x55\xbd\xfe\x85\xce\
\x06\xbe\x3d\xc6\x93\x33\x29\x9e\x37\x18\xca\x78\xe8\x2e\x36\x99\
\x2a\x6d\xf2\x13\xa9\x89\x2c\x4a\xcf\x07\x3e\x6c\xdd\xd1\xa7\x9d\
\xac\x03\x44\x44\x44\xa4\x31\xee\xb4\x0e\xe8\xe2\xd5\xd6\x01\x7d\
\xf0\x78\xa4\xe8\x1b\x1d\x6e\x64\x39\xc7\x3a\xa0\x87\xfa\x1d\x29\
\xda\xaf\xe2\xe8\xd1\x47\xc9\x93\x1b\xc9\x93\xfb\x34\xc0\x36\x54\
\x5e\x8f\x12\x05\x0d\xb1\x79\xa4\x6b\x8f\x32\x55\x7a\x0e\x89\x88\
\x88\x54\x40\xed\x86\xd8\xb2\x28\x9d\x03\x5c\x6c\xdd\xd1\x43\x3f\
\x83\x4c\x9e\x37\xb1\x99\x0c\xb1\x39\xf8\xd8\x65\xca\x3e\x67\x9b\
\xe3\xef\x8e\xd3\xc5\x69\x88\xad\xc1\x5a\xed\xf0\x25\xc0\xe1\xd6\
\x1d\x52\x79\x07\xb6\xda\xe1\x4a\xd6\x11\x22\x32\x1c\x59\x94\xfe\
\x14\xf8\x8e\x75\x47\x1f\x76\xb6\x0e\x10\x11\x11\x91\xc6\xb8\xc3\
\x3a\xa0\x8b\x8d\xac\x03\xfa\x30\xcb\x3a\x60\x02\xeb\x00\xaf\xb7\
\x8e\x58\xca\xc5\x2c\x7b\x74\xa5\x17\x3b\x13\xc4\xde\xfe\xbc\xa4\
\xca\x82\x78\x1d\xfc\xde\xf4\x3d\x0f\xb8\xd4\x3a\x42\x16\x13\xc4\
\x2b\x00\x87\x58\x67\x48\xe5\xcd\x20\x88\xa7\x5b\x47\x88\x88\x88\
\x48\x6f\xb5\x1b\x62\xeb\xf0\x3c\x90\xb3\x4b\xab\x1d\x76\x5d\x91\
\xdd\xd9\xd8\xe5\x75\x88\xed\x19\xe0\xcf\x86\x1f\xdf\xea\x28\xd3\
\x7e\x94\x7d\xce\xbc\xbe\x20\x07\x78\x12\xbf\x5b\xee\x64\x3c\xb4\
\x8a\x5d\x86\x61\x35\xe0\x3d\xd6\x11\x22\x32\x54\x9f\xa3\xd8\x72\
\xec\xd9\x46\xad\x76\x58\x85\xed\x23\x22\x22\x22\x52\x7d\x0f\xe3\
\xf3\xf4\x87\x2a\xfc\x2c\xe4\x71\x88\x0d\xbc\xdd\x10\x91\x27\xcf\
\xe0\x77\x70\x66\x1a\xc5\xeb\x03\x91\x61\x39\x12\xf0\x3a\x4c\x72\
\x45\xe7\xeb\x51\xfc\xd8\x13\x58\xd3\x3a\x42\x2a\x6f\x03\xbc\xfd\
\xdd\x2f\x22\x22\x22\xcb\xa8\xeb\x10\xdb\xb9\xd6\x01\x3d\xac\x42\
\xef\x81\xa7\x8d\x29\xee\x04\xf4\x28\xcf\xa2\x74\xbe\xe1\xc7\xf7\
\x3c\xc4\x56\x76\x04\x6c\x3f\xc7\xc8\x5a\xb9\x30\x8b\x52\xad\xc1\
\x6f\x36\xad\xd1\x96\x61\xd1\x73\x49\xa4\x46\xb2\x28\x5d\x00\xfc\
\x3f\xeb\x8e\x3e\xe8\x02\xa4\x88\x88\x88\x8c\x5e\x9e\x2c\x04\xee\
\xb2\xce\x98\x80\x86\xd8\x26\xcf\xe3\xd1\xf4\x9e\x8f\x14\x8d\x08\
\xe2\x2a\x3c\xdf\xc4\xbb\x20\x5e\x03\xf8\xb8\x75\x46\x0f\x3a\x4a\
\xd4\x1f\x5d\x73\x94\x61\xd1\x73\x49\x44\x44\xc4\xb9\xba\x0e\xb1\
\x5d\x07\x3c\x6a\x1d\xd1\x43\xaf\xad\x5c\x5e\xb7\xb0\x81\xf1\x10\
\x59\x16\xa5\xf7\x01\xf7\x59\x36\xf4\x10\x74\x8e\x64\x5c\x46\xab\
\x1d\x2e\x07\xec\x32\xde\x9c\x81\x78\xde\x5c\x28\x23\xd6\x6a\x87\
\x5a\xc5\x2e\xc3\xb4\x57\xab\x1d\xae\x6d\x1d\x21\x22\xc3\x93\x45\
\xe9\x65\xc0\xa9\xd6\x1d\x25\xb6\xb6\x0e\x10\x11\x11\x91\xc6\xb8\
\xc3\x3a\x60\x02\xaf\xb5\x0e\xe8\xc3\xad\xd6\x01\x5d\xec\x4c\x10\
\x4f\xb3\x8e\x58\x4a\x6a\x1d\xd0\xc3\x72\xc0\xa7\xad\x23\xa4\x16\
\x3e\x0e\xac\x6e\x1d\xd1\x83\x86\xd8\x3c\x09\xe2\xd5\x81\x7d\xac\
\x33\xa4\x36\x0e\x22\x88\x57\xb2\x8e\x10\x11\x11\x91\xee\x6a\x39\
\xc4\xd6\xd9\x1a\xe1\xf9\x85\x46\xaf\xad\x5c\x9e\x87\xd8\xae\xb4\
\x0e\xc0\xef\x36\xb6\x55\x81\x37\x74\xf9\xbf\x05\x14\xc7\xec\x79\
\xa5\x21\xb6\x66\xd3\x2a\x76\x19\xa6\xe5\x80\x83\xad\x23\x44\x64\
\xe8\x3e\x07\x78\xde\xda\xba\x89\x75\x80\x88\x88\x88\x34\xc6\x9d\
\xd6\x01\x13\x78\x0d\x41\xfc\x32\xeb\x88\x9e\x8a\x63\xf9\x3c\xde\
\x98\xba\x21\xc5\xa9\x18\x9e\xfc\x11\x78\xc8\x3a\xa2\x87\xbf\x25\
\x88\x5f\x61\x1d\x21\x15\x56\x0c\x24\x7d\xc2\x3a\xa3\x87\xe7\x81\
\xcb\xad\x23\x64\x09\x07\x02\x2b\x5a\x47\x48\x6d\xac\x0a\xbc\xc7\
\x3a\x42\x44\x44\x44\xba\xab\xe5\x10\x5b\x87\xe7\x23\x45\x5b\xad\
\x76\xb8\x4a\x97\xff\x5b\xd9\xb1\x94\x96\x3c\x0c\x90\x79\x18\xa4\
\xeb\xa6\xdb\x00\xa2\xe7\xa3\x44\x1f\x00\x6e\xb4\x8e\x10\x53\x5a\
\x9f\x2d\xc3\xa6\xe7\x94\x48\xcd\x64\x51\x3a\x0b\x38\xca\xba\xa3\
\x87\xd7\x59\x07\x88\x88\x88\x48\x63\xdc\x61\x1d\x30\x81\x69\xc0\
\xe6\xd6\x11\x7d\xd0\x91\xa2\xfd\xc8\x93\x05\xc0\xd9\xd6\x19\x3d\
\xac\x08\x7c\xd2\x3a\x42\x2a\xed\x48\x60\x0d\xeb\x88\x1e\x52\xf2\
\xe4\x79\xeb\x08\x59\x82\xae\x35\xca\xb0\xe9\x39\x25\x22\x22\xe2\
\x58\x9d\x87\xd8\x3c\x6f\x97\x5a\x1e\xd8\x71\xe9\x7f\xd8\x6a\x87\
\xd3\x81\x6d\xc6\x9f\xd3\x97\x87\xf1\x71\xb7\xa9\x87\x41\xba\x6e\
\xba\x0d\xb1\xf5\x3a\x3e\xd6\xda\xf9\x59\x94\x2e\xb4\x8e\x10\x1b\
\xad\x76\xa8\x55\xec\x32\x0a\xef\x68\xb5\xc3\x2a\x1c\x67\x23\x22\
\x83\xf9\x85\x75\x40\x0f\xaf\xed\xfc\x1c\x2d\x22\x22\x22\x32\x6a\
\x1e\xae\x8d\x4d\x64\x0b\xeb\x80\x3e\xfc\xd9\x3a\xa0\x8b\x9d\xad\
\x03\x26\x70\xbc\x75\x40\x89\x8f\x10\xc4\x6b\x59\x47\x48\x05\x05\
\xf1\x6a\xc0\x3f\x5a\x67\x94\x38\xda\x3a\x40\x16\x13\xc4\x1b\x02\
\xbb\x58\x67\x48\xed\xec\x45\x10\xaf\x6d\x1d\x21\x22\x22\x22\x13\
\xab\xf3\x10\xdb\x5f\xf0\x79\x77\xe4\x22\x13\x6d\xe7\xda\x1c\x58\
\x79\xdc\x21\x7d\xba\xca\xc9\xb0\x53\x6e\x1d\xd0\xc3\x32\x5b\xf4\
\x5a\xed\xf0\x65\xc0\xf6\x06\x2d\xfd\xf2\x3c\xec\x29\xa3\xa7\x55\
\xec\x32\x2a\x87\x5b\x07\x88\xc8\xd0\x5d\x05\x3c\x68\x1d\xd1\xc5\
\x0a\x14\x47\x41\x89\x88\x88\x88\x8c\xda\x1d\xd6\x01\x5d\x54\x61\
\x88\xed\x32\xeb\x80\x2e\x7c\x6d\x62\x2b\x9c\x87\xef\x23\x45\x57\
\xa1\xd8\xa6\x25\x32\xa8\x8f\x02\x6b\x5a\x47\xf4\x30\x1b\x38\xcb\
\x3a\x42\x96\x30\x83\x62\xe3\xa8\xc8\x30\x2d\x07\x1c\x6c\x1d\x21\
\x22\x22\x22\x13\xab\xed\x10\x5b\x67\xe0\xca\xf3\x80\xce\x44\xdb\
\xb9\xba\x6d\xf2\xf2\xc0\xc5\x31\x9e\x59\x94\xce\x06\x6e\xb5\xee\
\xe8\x62\xab\x56\x3b\x5c\x61\xa9\x7f\xb6\x03\xc5\x1b\xab\x5e\x79\
\xfe\x1a\x91\xd1\xd3\xda\x6c\x19\x95\x99\xad\x76\xa8\x0b\x4c\x22\
\x35\x92\x45\xe9\x02\xe0\xd7\xd6\x1d\x3d\xe8\x48\x51\x11\x11\x11\
\x19\x07\xaf\x9b\xd8\xde\x64\x1d\xd0\x87\x8b\xac\x03\xba\xd8\x84\
\x20\xde\xc0\x3a\x62\x09\x79\x32\x0f\x38\xc1\x3a\xa3\xc4\xc7\x09\
\xe2\x55\xad\x23\xa4\x42\x8a\xe7\xcb\xa7\xac\x33\x4a\x9c\x40\x9e\
\xcc\xb1\x8e\x90\x25\xe8\xfa\xb5\x8c\x8a\x9e\x5b\x22\x22\x22\x4e\
\xd5\x76\x88\xad\xe3\x5c\xeb\x80\x1e\xb6\x6c\xb5\xc3\x75\x97\xfa\
\x67\x9e\x87\xd8\x3c\x1d\xe3\xe9\x62\xa0\x6e\x02\x2b\x00\x6f\x59\
\xea\x9f\x4d\xb4\x71\xcf\x8b\x5b\xb3\x28\xf5\x7a\xf1\x55\x46\xac\
\xd5\x0e\x5f\x85\x56\xb1\xcb\xe8\x6c\x06\x6c\x6d\x1d\x21\x22\x43\
\x77\x86\x75\x40\x0f\x1b\x5b\x07\x88\x88\x88\x48\x23\xdc\x0f\xbc\
\x60\x1d\x31\x01\xff\x9b\xd8\xf2\xe4\x2e\xfc\x0e\x01\x7a\xdc\xc6\
\x76\xac\x75\x40\x89\x35\x81\xd8\x3a\x42\x2a\xe5\x23\x80\xf7\x63\
\x68\x7f\x61\x1d\x20\x8b\x09\xe2\xb7\xb0\xec\xfb\x2d\x22\xc3\xf2\
\x0e\x82\xf8\xb5\xd6\x11\x22\x22\x22\xb2\xac\xba\x0f\xb1\x9d\x6f\
\x1d\x50\x62\xd7\xa5\xfe\xff\xcb\x1c\x47\xe9\x88\xa7\x21\x36\x4f\
\x2d\x4b\x5b\x7a\x10\x71\xa2\x8d\x7b\x5e\x68\x0b\x5b\xb3\x69\x15\
\xbb\x8c\x9a\xee\x66\x13\xa9\x9f\xf3\x80\xb9\xd6\x11\x5d\xac\x62\
\x1d\x20\x22\x22\x22\x0d\x90\x27\x0b\x80\x5b\xac\x33\x26\xf0\x6a\
\x82\xb8\x0a\x3f\x0f\x79\xdd\xc6\xe6\x71\x88\xed\x2a\x60\x96\x75\
\x44\x89\xcf\x10\xc4\x5b\x59\x47\x48\x05\x04\xf1\xba\xc0\xa7\xad\
\x33\x4a\xcc\x02\xae\xb0\x8e\x90\x25\xcc\xb4\x0e\x90\xda\x3b\xdc\
\x3a\x40\x44\x44\x44\x96\x55\xeb\x21\xb6\x2c\x4a\x1f\x02\xfe\x68\
\xdd\xd1\xc3\xff\x0d\x38\xb5\xda\xe1\x8a\xf8\xbd\xab\xe4\x8e\x2c\
\x4a\x1f\xb6\x8e\x58\x8c\xe7\x21\xb6\xff\x1b\x44\x6c\xb5\xc3\xb5\
\x81\xb7\x1a\xb6\x94\xd1\x10\x5b\xb3\xe9\x22\x80\x8c\xda\x61\xad\
\x76\xb8\x9c\x75\x84\x88\x0c\x4f\x16\xa5\xcf\x52\x6c\x1f\xf1\xa8\
\x0a\x6f\xda\x8a\x88\x88\x48\x3d\xdc\x60\x1d\xd0\xc5\x1b\xad\x03\
\xfa\x70\xb1\x75\x40\x17\x3b\x5b\x07\x2c\x23\x4f\x16\xe2\x7f\x1b\
\xdb\x74\xe0\x67\x04\xb1\x5e\xfb\x4b\x77\x41\x3c\x0d\xf8\x2f\x60\
\x6d\xeb\x94\x12\xed\xce\xd7\x9d\x78\x10\xc4\x2f\x41\x03\x46\x32\
\x7a\x33\x3b\xdf\xa3\x44\x44\x44\xc4\x91\x5a\x0f\xb1\x75\x78\x3e\
\x52\x74\xf1\x2d\x5d\x5b\x02\xcb\x5b\x85\x94\xf0\x76\x7c\xe7\x35\
\xc0\x7c\xeb\x88\x2e\x16\xdf\xc4\xb6\x2b\xbe\x37\x5d\x5d\x60\x1d\
\x20\x36\x5a\xed\x50\xab\xd8\x65\x1c\x5e\x01\xec\x66\x1d\x21\x22\
\x43\xf7\x80\x75\x40\x17\x2b\x5b\x07\x88\x88\x88\x48\x63\x78\x1d\
\x62\xf3\x7f\xa4\xa8\xdf\x21\xb6\xcd\x3b\x9b\xa2\xbc\xf1\x3e\xc4\
\x06\xc5\x0d\xbc\x9f\xb2\x8e\x10\xd7\x0e\x01\x0e\xb4\x8e\xe8\xc3\
\x31\xd6\x01\xb2\x84\x9d\x80\x0d\xad\x23\xa4\xf6\x36\x03\xb6\xb6\
\x8e\x10\x11\x11\x91\x25\x35\x61\x88\xcd\xf3\xb6\xa9\x8d\x5b\xed\
\x70\xd1\x99\xeb\x3a\x4a\xb4\x4f\x9d\x2d\x20\x5e\x2f\x18\xbe\xb1\
\xd5\x0e\x57\xed\xfc\xbf\x77\x37\x2d\xe9\xed\x9a\x2c\x4a\x1f\xb1\
\x8e\x10\x33\xda\xc2\x26\xe3\xa2\x23\x45\x45\xea\xe7\x41\xeb\x80\
\x2e\xb4\x89\x4d\x44\x44\x44\xc6\xc5\xeb\x35\xa9\x37\x59\x07\xf4\
\xe1\x56\xfc\x6e\xf6\xf5\x77\xa4\x68\x9e\xdc\x0a\x5c\x6e\x9d\xd1\
\x87\xaf\x10\xc4\xaf\xb7\x8e\x10\x87\x82\xf8\x15\x14\x5b\xd8\xbc\
\xbb\x84\x3c\xb9\xdd\x3a\x42\x96\xa0\x6b\x8a\x32\x2e\x7a\xae\x89\
\x88\x88\x38\xd3\x84\x21\xb6\x8b\x81\x79\xd6\x11\x3d\x2c\xda\xc6\
\xb6\x6d\xcf\x7f\xcb\x96\xb7\x4d\x6c\xe0\x6c\xb0\x6e\x31\xd3\x78\
\xf1\xce\x8d\x3d\x7a\xfd\x8b\xc6\x3c\x0f\x77\xca\x08\xb5\xda\xa1\
\x56\xb1\xcb\x38\x1d\xd0\x6a\x87\xda\x8e\x24\x52\x2f\xda\xc4\x26\
\x22\x22\x22\x4d\x77\xbd\x75\x40\x17\x5b\x5a\x07\x46\x9f\xc5\x35\
\x00\x00\x20\x00\x49\x44\x41\x54\x94\x2a\x8e\xea\xf3\xba\x8d\x6d\
\x3f\xeb\x80\x2e\xbe\x6f\x1d\xd0\x87\x15\x81\x9f\x76\x8e\xff\x13\
\x29\x14\x47\xf4\xfd\x08\x58\xcb\x3a\xa5\x0f\xbf\xb0\x0e\x90\xc5\
\x04\xf1\x4b\x81\x83\xad\x33\xa4\x31\x66\xe8\x58\x6c\x11\x11\x11\
\x5f\x6a\xff\xc2\x32\x8b\xd2\xa7\xf1\x7d\xc7\x9a\xf7\x21\xb6\x05\
\xc0\xd5\xd6\x11\x13\xf0\x3a\xc4\x06\xb0\x6d\xab\x1d\xbe\x1a\x78\
\x9d\x75\x48\x0f\x1a\x62\x6b\x2e\xad\x62\x97\x71\x5a\x19\xd8\xd7\
\x3a\x42\x44\x86\xca\xeb\x10\x9b\x36\xb1\x89\x88\x88\xc8\xb8\xdc\
\x01\x3c\x6b\x1d\x31\x81\xb7\x11\xc4\xd3\xad\x23\xfa\xe0\x77\x88\
\x2d\x88\x5f\x66\x1d\x31\x81\x93\x81\x7b\xad\x23\xfa\xb0\x23\xf0\
\x21\xeb\x08\x71\xe5\x70\xe0\xbd\xd6\x11\x7d\x78\x1e\x38\xc5\x3a\
\x42\x96\xb0\x37\xb0\x9a\x75\x84\x34\xc6\x7a\xc0\x6e\xd6\x11\x22\
\x22\x22\xf2\xa2\xda\x0f\xb1\x75\x9c\x6b\x1d\xd0\xc3\x6e\xad\x76\
\xb8\x06\xc5\xd9\xeb\x1e\xdd\xd8\x19\x04\xf4\xc6\xf3\x10\xdb\xdb\
\xf0\x7d\x94\xe8\x5c\xe0\x12\xeb\x08\x31\xa3\xf5\xd8\x32\x6e\x7a\
\xce\x89\xd4\x8b\xd7\x37\x46\x17\x58\x07\x88\x88\x88\x48\x43\xe4\
\xc9\x02\xe0\x4f\xd6\x19\x13\x58\x15\xbf\xd7\x17\x17\x77\x91\x75\
\x40\x17\x2b\x03\xfb\x58\x47\x2c\x23\x4f\xe6\x52\x8d\x6d\x6c\x00\
\xdf\x26\x88\x37\xb2\x8e\x10\x07\x82\xf8\x95\x54\xe7\x79\xfb\x3f\
\xe4\xc9\xe3\xd6\x11\xb2\x04\x5d\x4b\x94\x71\xd3\x73\x4e\x44\x44\
\xc4\x11\x0d\xb1\xd9\x5b\x1b\xf8\x00\xc5\x31\x94\x1e\x79\x1d\x16\
\xbb\x81\xe2\x2e\x29\x8f\xb6\xc5\xf7\x10\xdb\xe5\x59\x94\x3e\x63\
\x1d\x21\xe3\xd7\x6a\x87\x5a\xc5\x2e\x16\xc2\x56\x3b\x5c\xd7\x3a\
\x42\x44\x86\xe6\x15\xd6\x01\x5d\xe8\x67\x1b\x11\x11\x11\x19\xa7\
\x1b\xac\x03\xba\x78\xbb\x75\x40\x1f\x6e\x02\x1e\xb5\x8e\xe8\xe2\
\x70\xeb\x80\x2e\x8e\xc2\xe7\xf6\xbf\xa5\xad\x02\xfc\xa8\x73\x8c\
\xa4\x34\x55\xf1\xf9\xff\x31\xb0\xa6\x75\x4a\x1f\xe6\x01\xdf\xb6\
\x8e\x90\xc5\x04\xf1\x5a\x14\x9b\xd8\x44\xc6\xe9\x00\x82\x78\x65\
\xeb\x08\x11\x11\x11\x29\x34\x65\x88\xed\x4a\xc0\xe3\x36\xb1\x45\
\xfe\xd1\x3a\xa0\x87\x2b\xad\x03\x26\x92\x45\xe9\x5c\xe0\x1a\xeb\
\x8e\x2e\x36\xc6\xf7\x0b\x2d\xcf\x43\x9d\x32\x5a\x5a\xc5\x2e\x16\
\xa6\x03\x87\x5a\x47\x88\xc8\xd0\xac\x67\x1d\xd0\x85\xe7\x9f\xf5\
\x45\x44\x44\xa4\x7e\xae\xb7\x0e\xe8\xc2\xff\x10\x5b\xb1\xc9\xce\
\xeb\x91\xa2\x7b\x76\x06\x28\x7c\xc9\x93\xd9\xc0\xff\x5a\x67\xf4\
\x69\x4f\xe0\x63\xd6\x11\x62\xea\x7d\xc0\x7b\xac\x23\xfa\xf4\x0b\
\xf2\xe4\x2e\xeb\x08\x59\xc2\x41\xc0\xf2\xd6\x11\xd2\x38\x2b\x53\
\x8d\xe3\x8f\x45\x44\x44\x1a\xa1\x11\x43\x6c\x9d\x81\x27\xaf\xab\
\xea\x01\x36\xb0\x0e\xe8\xc1\xe5\x10\x5b\x87\xd7\x2d\x71\x00\xab\
\x5b\x07\xf4\x70\x9e\x75\x80\x98\xd1\x5a\x6c\xb1\x32\xd3\x3a\x40\
\x44\x86\xc6\xeb\x26\x36\x0d\xb1\x89\x88\x88\xc8\x38\x79\xdd\xc4\
\xb6\x9d\x75\x40\x9f\xbc\x0e\xb1\x2d\x0f\x1c\x60\x1d\xd1\xc5\xf7\
\x80\x85\xd6\x11\x7d\xfa\x77\x82\x78\x5f\xeb\x08\x31\x10\xc4\x5b\
\x01\x3f\xb0\xce\xe8\xd3\x02\xe0\x9b\xd6\x11\xb2\x0c\x5d\xbf\x16\
\x2b\xba\x7e\x2d\x22\x22\xe2\x44\x23\x86\xd8\x3a\x34\xb8\x33\xb8\
\x39\xf8\xbd\xb3\x14\x7c\x0f\xb1\x79\xf5\x34\xbe\x07\x13\x65\x44\
\x5a\xed\x50\xab\xd8\xc5\xd2\x76\xad\x76\xb8\xa9\x75\x84\x88\x0c\
\x85\xd7\x21\x36\x1d\x27\x2a\x22\x22\x22\xe3\xe4\x75\x88\xed\x4d\
\x04\xf1\xaa\xd6\x11\x7d\xf0\x7c\xb3\xf1\x0c\xeb\x80\x09\xe5\xc9\
\x2c\xe0\x4c\xeb\x8c\x3e\x4d\x03\x8e\x27\x88\xb7\xb1\x0e\x91\x31\
\x0a\xe2\x8d\x80\xb3\x28\x8e\x95\xad\x82\x13\x3b\x5f\x57\xe2\x45\
\x10\x6f\x0c\xec\x68\x9d\x21\x8d\x15\x12\xc4\xeb\x5a\x47\x88\x88\
\x88\x48\xb3\x86\xd8\x74\x84\xe2\xe0\xae\xe9\x6c\xb1\xf3\x4a\x43\
\x6c\x83\xbb\xd8\xf9\xe7\x54\x46\xe7\x60\xb4\x8a\x5d\x6c\xe9\x6e\
\x36\x91\x8a\x6b\xb5\xc3\x35\x80\xf5\xad\x3b\xba\xd0\x26\x36\x11\
\x11\x11\x19\xa7\x07\x80\xc7\xac\x23\x26\x30\x0d\xd8\xd6\x3a\xa2\
\x0f\x7f\x04\x9e\xb0\x8e\xe8\x62\x57\x82\xd8\xeb\xcf\xbc\xdf\xb5\
\x0e\x18\xc0\xcb\x80\x33\x3b\x83\x4d\x52\x77\x41\xbc\x26\x70\x36\
\x7e\x5f\x2f\x4e\xe4\x1b\xd6\x01\xb2\x8c\xc3\xad\x03\xa4\xd1\xa6\
\x03\x87\x5a\x47\x88\x88\x88\x48\xb3\x86\xd8\x6e\x00\x1e\xb2\x8e\
\xa8\x18\xef\x43\x62\xb3\xf0\x7b\xc1\xcb\x2b\x6d\x24\x6c\x2e\x0d\
\x10\x89\xb5\x99\xad\x76\x38\xcd\x3a\x42\x44\xa6\xe4\xdd\xf8\x7d\
\xfd\xf0\xa4\x75\x80\x88\x88\x88\x34\x48\x9e\x2c\xc4\xef\xe9\x05\
\x6f\xb7\x0e\x28\x95\x27\xf3\x81\x4b\xad\x33\xba\x98\x86\xd7\x37\
\xb1\xf3\xe4\x62\x20\xb5\xce\x18\xc0\x2b\x28\x06\xd9\x56\xb3\x0e\
\x91\x11\x0a\xe2\x15\x81\x5f\x01\x6f\xb4\x4e\x19\xc0\xe9\xe4\x89\
\xd7\x8d\x9a\xcd\x14\xc4\xd3\xd0\x51\xa2\x62\x4f\xef\xa1\x88\x88\
\x88\x38\xe0\xf5\x4d\xa8\xa1\xcb\xa2\x74\x21\x1a\xe0\x19\x94\xeb\
\x63\x27\xb3\x28\x5d\x00\xe4\xd6\x1d\x15\xa3\xaf\x81\x06\x6a\xb5\
\xc3\x8d\xd1\x2a\x76\xb1\xf7\x3a\xe0\x6d\xd6\x11\x22\x32\x25\xfb\
\x58\x07\xf4\x70\xbb\x75\x80\x88\x88\x88\x34\x8e\xd7\x9b\x3f\xfd\
\x0f\xb1\x15\x2e\xb6\x0e\xe8\xc1\xe7\x91\xa2\x85\xd8\x3a\x60\x40\
\x6f\x06\x4e\x22\x88\x75\x3a\x40\x1d\x05\xf1\x4b\x80\x9f\x03\x3b\
\x1b\x97\x0c\xea\xeb\xd6\x01\xb2\x8c\xad\x80\xcd\xad\x23\xa4\xf1\
\xb6\x23\x88\x37\xb5\x8e\x10\x11\x11\x69\xba\xc6\x0c\xb1\x75\x68\
\x80\x67\x30\x5e\x2f\xc6\x2d\xae\x0a\x8d\x5e\x3c\x8c\xdf\xbb\x84\
\x65\xb4\xb4\x8a\x5d\xbc\xd0\x1d\x95\x22\x15\xd5\x6a\x87\xcb\x03\
\x7b\x59\x77\xf4\x70\xab\x75\x80\x88\x88\x88\x34\x4e\x66\x1d\xd0\
\xc5\x76\x9d\x8d\x36\xde\x9d\x6b\x1d\xd0\xc3\xdb\x08\xe2\x4d\xac\
\x23\x26\x94\x27\xd7\x00\x27\x58\x67\x0c\x28\x04\xbe\x5f\x91\xe7\
\xa5\x0c\xe6\x9b\xc0\x61\xd6\x11\x03\x3a\x87\x3c\xd1\x7b\x0a\xfe\
\xe8\x9a\xa1\x78\xa1\x6d\x6c\x22\x22\x22\xc6\x96\xb3\x0e\x18\x33\
\xcf\x17\x47\xbc\x79\x82\xe2\xb8\x4e\xef\xf4\x82\xb3\x7f\xe7\x77\
\xb6\xd7\x49\x83\x74\x8e\x6f\xf4\x7e\x11\xe0\x52\xe0\x44\xeb\x88\
\x9a\x78\x37\xb0\xb7\x75\x44\x0f\x87\xb5\xda\xe1\x3f\x66\x51\x3a\
\xd7\x3a\x44\x44\x06\xf6\x0e\x60\x0d\xeb\x88\x2e\x9e\x03\xee\xb7\
\x8e\x10\x11\x11\x91\xc6\xf1\x3a\xc4\xb6\x2e\xf0\x7a\xe0\x66\xeb\
\x90\x12\xd7\x50\xdc\x88\xf0\x3a\xeb\x90\x2e\x66\x00\x5f\xb3\x8e\
\xe8\xe2\x8b\xc0\x41\x54\xeb\xda\xfe\x87\x28\x3e\xdf\xdf\xb5\x0e\
\x91\x21\x09\xe2\x23\x81\x4f\x5b\x67\x4c\x82\xb6\xb0\x79\x13\xc4\
\xd3\xf1\xbd\x01\x13\x8a\xa3\x9c\xcf\xb4\x8e\xa8\x89\x03\x81\x5d\
\xac\x23\x7a\x38\x82\x20\xfe\x4a\xe7\xe8\x78\x11\x11\x11\x31\x50\
\xa5\x17\xba\x53\x96\x45\xe9\x9d\xad\x76\xe8\xf9\xe2\x88\x27\x79\
\x45\x06\x9e\x5c\x1f\x79\xea\x8c\x36\x11\x36\x53\x15\x56\xb1\x7f\
\x2b\x8b\x52\x5d\x04\x18\x82\x56\x3b\xcc\xf0\x3d\xc4\xb6\x0e\xf0\
\x4e\xe0\x2c\xeb\x10\x11\x19\xd8\x07\xac\x03\x7a\xb8\x35\x8b\x52\
\x5d\x5c\x14\x11\x11\x91\xf1\xca\x93\xfb\x09\xe2\x3b\x80\x8d\x8d\
\x4b\x26\xf2\x4e\xbc\x0f\xb1\xe5\xc9\x42\x82\xf8\x38\xe0\x9f\xad\
\x53\xba\x98\x41\x10\x7f\xdd\xe5\x9b\xd8\x79\x72\x2b\x41\x7c\x14\
\xf0\x11\xeb\x94\x01\xfd\x0d\x41\xfc\x9f\xe4\xc9\x0b\xd6\x21\x32\
\x45\x41\xbc\x3f\xf0\x3d\xeb\x8c\x49\x38\x9b\x3c\xf1\x7c\x94\x71\
\x53\xed\x0a\xac\x6f\x1d\x51\xe2\x2b\xe4\x89\xd7\xe1\xf5\x6a\x09\
\xe2\x5b\xf0\x3d\xc4\xb6\x09\xf0\x36\xe0\x0a\xeb\x10\x11\x11\x91\
\xa6\x6a\xda\x71\xa2\xa0\x41\x9e\x7e\x55\x65\x38\xec\x5e\xe0\x01\
\xeb\x88\x8a\xd0\x73\xbf\x99\xbc\x6f\x61\x7b\x94\xe2\x4e\x36\x19\
\x8e\xab\x81\x3f\x5b\x47\x94\xf0\xfe\x9c\x14\x91\xa5\xb4\xda\xe1\
\x56\xf8\xfe\xda\xd5\x51\xa2\x22\x22\x22\x62\xc5\xeb\x1b\xda\xef\
\xb4\x0e\xe8\xd3\xf1\xd6\x01\x3d\xbc\x11\x78\x8b\x75\x44\x0f\x5f\
\x05\x9e\xb5\x8e\x18\xc0\x6d\xc0\x1e\x1a\x60\xab\x81\x20\x3e\x9c\
\xe2\x48\xdb\xaa\x1d\x0f\x3b\x07\x38\xd2\x3a\x42\x26\xe4\xf9\x7a\
\x03\xc0\x5f\x80\xcb\xad\x23\x6a\xe4\x7c\xfc\xbf\xa7\xe7\xfd\x39\
\x29\x22\x22\x52\x6b\x4d\x1c\x62\xd3\x91\xa2\xfd\xa9\xc4\x31\x9d\
\x9d\xad\x1b\x95\x68\x35\x76\x47\x16\xa5\x7f\xb1\x8e\x90\xf1\x6a\
\xb5\xc3\xe9\xc0\xe1\xd6\x1d\x25\x4e\xd0\xd1\x92\xc3\xd3\xf9\x9e\
\x78\x8c\x75\x47\x89\xfd\x5a\xed\x70\x55\xeb\x08\x11\x19\xc8\xb7\
\xf0\xfd\x06\xc5\x6d\xd6\x01\x22\x22\x22\xd2\x58\xbf\xb7\x0e\xe8\
\x62\x57\x82\x78\x79\xeb\x88\x52\x79\xf2\x67\xe0\x5a\xeb\x8c\x1e\
\x3e\x6a\x1d\xd0\x55\x9e\x3c\x00\xfc\xbb\x75\x46\x9f\x6e\x07\x76\
\x25\x4f\xee\xb5\x0e\x91\x29\x08\xe2\x69\x04\xf1\xe7\x81\x63\x81\
\x15\xac\x73\x26\xe1\x1b\xe4\x89\x5e\x3b\x7a\x13\xc4\x2f\xa3\x38\
\x5e\xd2\xb3\x63\x5d\x6e\xe5\xac\xaa\x3c\x99\x87\xef\x21\x76\x80\
\xc3\x2a\xf1\x73\x94\x88\x88\x48\x4d\x35\x71\x88\xed\x02\x40\x3f\
\x70\x96\xab\xca\x26\x36\xd0\x10\x5b\x3f\xb4\x85\xad\x99\x76\x03\
\x5e\x61\x1d\x51\xc2\xfb\xc0\x55\x15\x1d\x67\x1d\x50\x62\x25\x60\
\x3f\xeb\x08\x11\xe9\x4f\xab\x1d\xbe\x13\x78\x97\x75\x47\x89\x2a\
\xfd\xdc\x2a\x22\x22\x22\xf5\xe2\x75\x13\xdb\xaa\x14\x47\x61\x55\
\x81\xe7\xd7\xb0\xef\x23\x88\x3d\x1f\x71\xf7\x6d\x8a\x53\x2a\x3c\
\xbb\x93\x62\x80\xed\x6e\xeb\x10\x99\x82\x62\x98\xe3\x27\xc0\xd7\
\xad\x53\x26\xe9\x36\x8a\xaf\x17\xf1\x67\x1f\x60\x15\xeb\x88\x12\
\xc7\x5a\x07\xd4\x90\xf7\xf7\x04\xd6\xc1\xff\xb5\x30\x11\x11\x91\
\xda\x6a\xdc\x10\x5b\x16\xa5\x8f\x02\xd7\x58\x77\x38\x77\x7f\x16\
\xa5\xde\x2f\x80\x2c\x4e\x6f\x5c\x96\xd3\x06\xc2\x66\x9a\x69\x1d\
\x50\xe2\x36\xe0\x0a\xeb\x88\xba\xc9\xa2\xf4\x76\xe0\x32\xeb\x8e\
\x12\x5a\xc9\x2e\x52\x01\xad\x76\xb8\x1c\xd5\xb8\xd0\x7f\x89\x75\
\x80\x88\x88\x88\x34\xd6\x1f\x81\xe7\xac\x23\xba\xa8\xca\x91\xa2\
\x27\x5a\x07\xf4\xb0\x02\xf0\x09\xeb\x88\xae\xf2\xe4\x49\x3c\x6f\
\x8b\x83\x7b\x80\xdd\xc8\x93\x3b\xad\x43\x64\x0a\x82\x78\x75\xe0\
\x37\xc0\xdf\x58\xa7\x4c\xc1\x47\xc9\x93\xe7\xad\x23\x64\x42\xde\
\xaf\x11\x5e\x45\x9e\xdc\x6c\x1d\x51\x43\xd7\x00\x7f\xb6\x8e\x28\
\xe1\xfd\xbd\x15\x11\x11\x91\xda\x6a\xdc\x10\x5b\x87\xb6\x52\xf5\
\x56\xb5\xa1\xb0\xdc\x3a\xa0\x02\xce\xb7\x0e\x90\xf1\x6a\xb5\xc3\
\x4a\xac\x62\xef\x1c\x7f\x29\xc3\xe7\xfd\x6e\xb6\x3d\x5a\xed\xd0\
\xf3\xdd\xec\x22\x52\xf8\x0f\x60\x2b\xeb\x88\x12\xb7\x64\x51\xfa\
\x80\x75\x84\x88\x88\x88\x34\x54\x9e\xcc\xc5\xef\x75\xb4\x6a\x0c\
\xb1\xe5\xc9\x5d\xf8\xbe\x29\xe1\xef\x3b\x43\x3c\x3e\xe5\xc9\x69\
\xc0\xaf\xac\x33\x26\x70\x1f\xc5\x06\xb6\xbf\x58\x87\xc8\x14\x04\
\xf1\x46\xc0\xa5\x54\xe5\xfb\xc9\xc4\x7e\x49\x9e\xfc\xd6\x3a\x42\
\x26\x10\xc4\x2f\x07\xde\x6d\x9d\x51\xc2\xfb\x35\xd6\x6a\x2a\x8e\
\x67\xf5\xfe\x67\xbb\x1f\x41\xbc\xaa\x75\x84\x88\x88\x48\x13\x35\
\x75\x88\x4d\x5b\xa9\x7a\xf3\x7a\xf1\x6d\x42\x9d\xed\x7a\xba\x20\
\xd2\xdd\xf5\x59\x94\x3e\x64\x1d\x21\x63\xb7\x2f\x5a\xc5\xde\x64\
\x27\x03\x73\xad\x23\x7a\x78\x09\x70\x98\x75\x84\x88\x74\xd7\x6a\
\x87\xff\x00\xfc\x83\x75\x47\x1f\x2e\xb2\x0e\x10\x11\x11\x91\xc6\
\xf3\x7a\xa4\xe8\x76\xae\x87\xaf\x96\x74\xbc\x75\x40\x0f\xab\x01\
\x1f\xb2\x8e\x28\x71\x24\xf0\x94\x75\xc4\x62\x1e\xa0\xd8\xc0\x76\
\xab\x75\x88\x4c\x41\x10\x6f\x0d\x5c\x0e\xbc\xc9\x3a\x65\x0a\x9e\
\x01\x3e\x69\x1d\x21\x5d\x1d\x02\x2c\x67\x1d\xd1\xc3\x7c\x7c\x6f\
\x0b\xad\x3a\xcf\xc7\x89\x03\xac\x04\xec\x6f\x1d\x21\x22\x22\xd2\
\x44\x4d\x1d\x62\xbb\x14\x78\xc1\x3a\xc2\xb1\xab\xac\x03\x26\xa1\
\x8a\xcd\xe3\xa2\xcd\x83\xcd\xe4\x7d\xdd\xf5\x95\x59\x94\xde\x62\
\x1d\x51\x57\x9d\xe1\xde\xb3\xac\x3b\x4a\x78\x7f\x8e\x8a\x34\x56\
\xab\x1d\xbe\x13\xf8\x9e\x75\x47\x9f\x2e\xb6\x0e\x10\x11\x11\x91\
\xc6\xf3\x3a\xc4\x36\x1d\xd8\xc5\x3a\xa2\x4f\xa7\x50\x0c\x0b\x78\
\xf5\x09\x82\x78\x45\xeb\x88\xae\xf2\xe4\x5e\xe0\x73\xd6\x19\x1d\
\x0f\x51\x0c\xb0\xe9\xf8\xbd\x2a\x0b\xe2\xbd\x29\x5e\x6b\x55\x7d\
\x8b\xfe\x57\xc8\x93\xbb\xad\x23\xa4\x2b\xef\xd7\x06\xcf\x21\x4f\
\x1e\xb4\x8e\xa8\xad\x3c\xb9\x9d\xe2\xbd\x5a\xcf\xbc\x3f\x47\x45\
\x44\x44\x6a\xa9\x91\x43\x6c\x59\x94\x3e\x0b\xfc\xde\xba\xc3\xb1\
\x2a\x1e\xcf\xa9\x21\xb6\xee\x34\xc4\xd6\x30\xad\x76\xa8\x55\xec\
\x02\xfe\xff\x8c\xb7\x69\xb5\xc3\xcd\xad\x23\x44\x64\x49\xad\x76\
\xb8\x19\xc5\x36\xc7\xe9\xd6\x2d\x7d\xf2\x7c\xf4\x94\x88\x88\x88\
\x34\x83\xd7\x21\x36\xa8\xca\x11\x80\x79\xf2\x30\x70\x8e\x75\x46\
\x0f\xeb\x03\x47\x58\x47\x94\xf8\x11\xf6\xcf\xc5\x47\x80\xdd\xc9\
\x93\x9b\x8c\x3b\x64\xb2\x82\x78\x05\x82\xf8\xcb\xc0\x19\xc0\xca\
\xc6\x35\x53\x75\x23\xf0\x1f\xd6\x11\xd2\x45\x10\x6f\x02\xb4\xac\
\x33\x4a\x78\xbf\xb6\x5a\x07\xde\xff\x8c\xf7\x20\x88\xab\x3e\xcc\
\x2b\x22\x22\x52\x39\x8d\x1c\x62\xeb\xd0\x91\xa2\x13\x9b\x95\x45\
\xe9\x6c\xeb\x88\x49\xa8\xd4\x11\xa8\x63\x34\x1f\x6d\x28\x69\x22\
\xad\x62\x17\x80\x33\x81\x27\xad\x23\x4a\xe8\x6e\x36\x11\x47\x5a\
\xed\x70\x7b\x8a\xe3\x39\xab\x72\xec\xd4\x75\x59\x94\xde\x69\x1d\
\x21\x22\x22\x22\x0d\x57\x0c\x60\xcd\xb2\xce\xe8\xa2\x1a\x43\x6c\
\x05\xcf\x47\x8a\x02\x7c\x9a\x20\xf6\x7b\x2d\x3d\x4f\x16\x00\x1f\
\x04\xe6\x19\x15\x3c\x06\xec\x41\x9e\xdc\x60\xf4\xf1\x65\xaa\x82\
\x38\xa0\xb8\xb9\xfd\x4b\xd4\xe3\x7d\xa3\x8f\x90\x27\x73\xad\x23\
\xa4\x2b\xef\xd7\x04\x9f\x01\x4e\xb7\x8e\x68\x80\x93\x01\xcf\x5f\
\xa7\x2f\x01\x0e\xb3\x8e\x10\x11\x11\x69\x9a\x3a\xbc\x18\x99\x2c\
\x6d\xa7\x9a\x58\x55\x87\xc1\xae\x06\x16\x58\x47\x38\x74\x45\x16\
\xa5\xde\x87\x58\x64\xf8\xbc\xdf\x1d\x9c\x66\x51\xfa\x90\x75\x44\
\xdd\x65\x51\xfa\x3c\xc5\x85\x00\xcf\x66\xb6\xda\xe1\x34\xeb\x08\
\x11\x81\x56\x3b\x7c\x1f\x70\x01\xb0\xae\x75\xcb\x00\x8e\xb3\x0e\
\x10\x11\x11\x11\xe9\xf0\x7a\xb3\xec\xeb\x09\xe2\xd7\x5b\x47\xf4\
\xe9\x34\xe0\x79\xeb\x88\x1e\xde\x00\xbc\xd7\x3a\xa2\xa7\x62\x80\
\xec\x6b\x06\x1f\xf9\x71\xe0\x9d\xe4\xc9\x75\x06\x1f\x5b\xa6\x2a\
\x88\x5f\x4a\x10\x7f\x13\xb8\x02\x78\xb3\x75\xce\x90\x7c\x9b\x3c\
\xb9\xc8\x3a\x42\xba\x08\xe2\x69\xf8\x1f\x62\x3b\x95\x3c\x79\xc6\
\x3a\xa2\xf6\xf2\xe4\x31\xe0\x37\xd6\x19\x25\xbc\xbf\xd7\x22\x22\
\x22\x52\x3b\x4d\x1e\x62\xcb\xf1\xbf\xa1\xc6\x42\x25\x8f\xe5\xcc\
\xa2\xf4\x19\x8a\x15\xe1\xb2\x24\x0d\x6b\x36\x4c\xab\x1d\x6e\x02\
\xbc\xdd\xba\xa3\x84\xf7\x35\xe1\x75\xe2\xfd\xcf\x7a\x63\x60\x7b\
\xeb\x08\x91\x26\x6b\xb5\xc3\xe9\xad\x76\xf8\x2d\xe0\x68\x60\x05\
\xeb\x9e\x01\x2c\xc4\xff\xb6\x0e\x11\x11\x11\x69\x8e\xd4\x3a\xa0\
\x87\x03\xac\x03\xfa\x92\x27\x4f\x01\xbf\xb6\xce\x28\xf1\xd9\xce\
\xf0\x85\x67\x5f\xa3\xb8\x39\x65\x5c\x9e\x04\xde\x45\x9e\x5c\x3d\
\xc6\x8f\x29\xc3\x12\xc4\xef\x00\xae\x05\x3e\x4b\x7d\xde\x2b\xfa\
\x3d\xf0\x05\xeb\x08\xe9\x29\x00\xbc\x0f\x58\x7b\xbf\xa6\x5a\x27\
\xde\xff\xac\xb7\x26\x88\x37\xb7\x8e\x10\x11\x11\x69\x92\xba\xbc\
\x30\x19\x58\x16\xa5\xf3\x80\x0b\xad\x3b\x1c\xaa\xea\x26\x36\xa8\
\xe8\x00\xde\x88\x69\x88\xad\x79\xbc\xdf\xc5\xf6\x34\x5a\xc5\x3e\
\x4e\x17\x03\xf7\x58\x47\x94\xd0\xdd\x6c\x22\x46\x5a\xed\x70\x73\
\xe0\x2c\xe0\x33\xd6\x2d\x93\x70\x71\x16\xa5\x77\x5b\x47\x88\x88\
\x88\x88\x74\x5c\x80\xdd\x31\x8e\x65\xaa\x31\xc4\x56\xf0\x7e\x93\
\xc2\x76\xc0\x8e\xd6\x11\x3d\xe5\xc9\x7c\xe0\x70\xe0\xc1\x31\x7c\
\xb4\xa7\x80\x90\x3c\xd1\x35\xd9\xaa\x09\xe2\x95\x09\xe2\xff\x00\
\x2e\xa1\xd8\x32\x58\x17\x8f\x01\x87\xe9\x18\x51\xf7\xbc\x5f\x0b\
\x7c\x00\x38\xdf\x3a\xa2\x41\x7e\x03\x3c\x61\x1d\x51\xc2\xfb\x7b\
\x2e\x22\x22\x22\xb5\xd2\xd8\x21\xb6\x0e\xaf\xab\xfe\xad\xcc\xa3\
\xb8\xf3\xaa\xaa\xaa\x3c\x80\x37\x0a\xcf\x01\x97\x5b\x47\xc8\xf8\
\x74\x8e\x65\xf4\x7e\x11\xe0\xd4\x2c\x4a\x9f\xb5\x8e\x68\x8a\x2c\
\x4a\x17\x00\xc7\x5a\x77\x94\x38\xa4\xd5\x0e\xab\xb4\xfd\x49\xa4\
\xf2\x5a\xed\x70\x83\x56\x3b\xfc\x09\x70\x03\xf0\x2e\xeb\x9e\x49\
\xf2\xfe\xbd\x4d\x44\x44\x44\x9a\x24\x4f\x9e\x04\x32\xeb\x8c\x2e\
\xb6\x25\x88\x37\xb2\x8e\xe8\xd3\xd9\xf8\x3f\x39\xe3\xb3\xd6\x01\
\xa5\xf2\xe4\x01\x8a\x41\xb6\x05\x23\xfc\x28\xcf\x00\x7b\x92\x27\
\xe3\xbd\xf6\x18\xc4\x6f\x20\x88\xf7\xab\xc0\x46\x3c\xbf\x82\x78\
\x37\xe0\x7a\xe0\xe3\x40\xdd\xfe\x1c\xdf\x4f\x9e\xe8\x66\x27\xcf\
\x82\x78\x39\xe0\x30\xeb\x8c\x12\xc7\x93\x27\x5e\x07\xd3\xeb\x27\
\x4f\x9e\x07\x4e\xb6\xce\x28\x31\x93\x20\x6e\xfa\xfb\xe9\x22\x22\
\x22\x63\xd3\xf4\xbf\x74\xb5\xa5\x6a\x49\xd7\x67\x51\xfa\x9c\x75\
\xc4\x14\xe8\xae\xbf\x25\x5d\x92\x45\xe9\x1c\xeb\x08\x19\xab\x6d\
\x81\x4d\xad\x23\x4a\x78\x5f\x0f\x5e\x47\xde\xff\xcc\xd7\x02\xde\
\x6d\x1d\x21\xd2\x04\xad\x76\xb8\x7e\xab\x1d\x7e\x03\x98\x05\xfc\
\x2d\xd5\x7d\x2d\xf0\x02\xf0\x4b\xeb\x08\x11\x11\x11\x91\xa5\x78\
\x3e\x52\x74\x7f\xeb\x80\xbe\x14\x6f\x64\x7b\xff\x39\x6f\x2f\x82\
\xf8\xcd\xd6\x11\xa5\xf2\xe4\x7c\xe0\x2b\x23\x7a\xf4\x67\x81\xbd\
\xc8\x93\xcb\x46\xf4\xf8\x13\x0b\xe2\x4d\x29\xb6\x1e\xfe\x0a\xf8\
\x03\x41\xbc\xaf\x86\xd9\x06\x10\xc4\x5b\x11\xc4\x27\x53\xbc\x27\
\xf2\x1a\xeb\x9c\x11\xf8\x2e\x79\x72\xa6\x75\x84\x94\xda\x03\x58\
\xd7\x3a\xa2\x84\xf7\x6b\xa9\x75\xe4\xfd\xcf\x7c\x63\x60\x7b\xeb\
\x08\x11\x11\x91\xa6\xa8\xea\x1b\x57\xc3\x72\x13\x70\xbf\x75\x84\
\x23\x55\x1f\x02\xbb\x9e\xe2\x4d\x4d\x29\x68\x48\xb3\x79\xbc\xaf\
\xb5\xd6\x2a\x76\x03\x59\x94\xde\x00\x5c\x67\xdd\x51\xc2\xfb\x06\
\x41\x91\x4a\x6a\xb5\xc3\x69\xad\x76\xb8\x4d\xab\x1d\x7e\xa9\xd5\
\x0e\xaf\x02\xee\x03\x62\x60\x25\xe3\xb4\xa9\x3a\x3a\x8b\xd2\xc7\
\xac\x23\x44\x44\x44\x44\x96\xe2\x79\x88\xed\x40\xeb\x80\x01\x1c\
\x67\x1d\xd0\x87\xcf\x5b\x07\xf4\xe9\xeb\x0c\xff\x24\x92\xe7\x81\
\x7d\xc8\x93\x8b\x87\xfc\xb8\xbd\x05\xf1\x6b\x29\xae\x29\xad\xdf\
\xf9\x27\x6f\x05\x4e\x07\xae\x24\x88\xf7\xd6\x30\x5b\x0f\x41\xfc\
\x36\x82\xf8\x0c\xe0\x1a\xe0\x20\xeb\x9c\x11\xb9\x9c\xea\x7c\x5d\
\x36\x9d\xf7\x6b\x80\x37\x51\x7c\xad\xc8\x78\x5d\x02\x78\xdf\xa2\
\xe8\xfd\xbd\x17\x11\x11\x91\xda\x58\xce\x3a\xc0\x52\x16\xa5\x0b\
\x5b\xed\xf0\x3c\xfc\xff\xe0\x3c\x2e\x95\x3e\x8e\x33\x8b\xd2\x17\
\x5a\xed\xf0\x5a\xe0\x6d\xd6\x2d\x4e\x68\x88\xad\x41\x5a\xed\x70\
\x79\x60\x86\x75\x47\x89\xe3\xb2\x28\x9d\x6f\x1d\xd1\x50\xc7\x00\
\x5b\x5a\x47\xf4\xb0\x6f\xab\x1d\xae\x9e\x45\xe9\x13\xd6\x21\xd2\
\x5b\xab\x1d\xee\x02\x2c\x6f\xdd\x21\xcb\x98\x46\xb1\xd5\x70\x3d\
\xe0\x15\x9d\x5f\xeb\x51\x7c\xdd\xbf\xd2\xb0\x6b\x14\x16\x00\xdf\
\xb6\x8e\x10\x11\x11\x97\x56\x6d\xb5\xc3\x77\x5a\x47\x34\xc8\xcd\
\x59\x94\xde\x65\x1d\xe1\xcc\xd5\xc0\xa3\xc0\xda\xd6\x21\x13\xd8\
\x81\x20\x5e\x8f\x3c\x79\xd0\x3a\xa4\x0f\xe7\x53\x0c\x11\x6c\x6e\
\x1d\xd2\xc3\x61\x04\xf1\x0f\xc6\xbe\x89\x6c\x50\x79\x32\x9f\x20\
\x9e\x09\x5c\xcb\x8b\xc3\x5f\x53\x31\x07\xd8\xb7\xb3\xe5\x6d\x7c\
\x82\x78\x63\x8a\x0d\x6c\x1b\x4e\xf4\x7f\x05\xce\xa4\x18\x66\xfb\
\x32\xf0\x5b\xf2\x64\xe1\xf8\xe2\x1c\x0b\xe2\x1d\x81\x2f\x02\x75\
\xff\xbb\x71\x36\x70\x18\x79\x32\xd7\x3a\x44\x4a\x04\xf1\x2a\xf8\
\xdf\x0c\x7a\x8c\xbe\x87\x18\xc8\x93\x05\x04\xf1\xb1\xc0\xe7\xac\
\x53\x7a\x38\x94\x20\xfe\x38\x79\xa2\x45\x1a\x22\x22\xbe\xac\x4e\
\x10\xd7\xfd\xe7\x5d\x4f\x6e\x22\x4f\xee\x19\xf5\x07\x69\xf4\x10\
\x5b\xc7\xb9\x68\x88\x6d\x91\xaa\x6f\x62\x83\x62\x10\x4f\x43\x6c\
\xf0\x18\xc5\x05\x2a\x69\x8e\x3d\x80\x97\x5b\x47\x94\xf0\xbe\x16\
\xbc\xce\x8e\xa7\x18\xfa\xf0\x7a\x67\xf2\x8a\xc0\x01\xc0\xff\x5a\
\x87\x48\xa9\x93\x81\x75\xac\x23\xa4\xd1\x4e\xca\xa2\xf4\x56\xeb\
\x08\x11\x11\x71\xe9\xd5\xc0\x39\xd6\x11\x0d\xf2\x09\xe0\x7b\xd6\
\x11\xae\x14\x6f\xc0\xfe\x0e\x38\xcc\x3a\x65\x02\xd3\x80\xfd\x80\
\x1f\x5b\x87\x94\x2a\xfe\x1c\xbf\x03\xfc\xcc\x3a\xa5\xc4\x0f\x08\
\xe2\x80\x3c\xf1\x7d\xb3\x5e\x9e\x3c\x44\x10\xcf\xa0\x18\x0e\x9c\
\xca\xa9\x2c\x2f\x00\xfb\x93\x27\xbf\x1b\x4e\x58\x9f\x82\xf8\x55\
\x14\xed\x1b\x95\xfc\x9b\x6f\x03\xce\x02\xae\x20\x88\xbf\x04\x9c\
\xd3\xc8\x41\x94\x62\x23\xdd\x1e\xc0\x17\x80\x9d\x8c\x6b\xc6\xe5\
\xaf\xc8\x93\x3b\xad\x23\xa4\x2f\xef\x05\x5e\x66\x1d\x51\xa2\x0a\
\xdb\x40\xeb\xea\x18\x7c\x0f\xb1\xad\x09\xec\x49\xb1\x05\x54\x44\
\x44\xfc\x78\x3d\xba\x16\x34\x4e\x1f\x02\x8e\x1a\xf5\x07\x69\xfa\
\x71\xa2\xa0\x6d\x55\x8b\x3c\x0b\xdc\x68\x1d\x31\x04\x75\x18\xc4\
\x1b\x86\x0b\xb4\xf1\xaa\x71\xbc\x0f\xe3\xde\x88\x06\x2b\xcd\x64\
\x51\x7a\x2f\xfe\x8f\x72\xf5\xfe\x1c\x16\x11\x1f\x12\xeb\x00\x11\
\x11\x11\x91\x1e\x3c\x1f\x29\x7a\x80\x75\xc0\x00\x8e\x03\xee\xb3\
\x8e\x28\xb1\x15\xf0\x41\xeb\x88\xbe\xe4\xc9\x45\xc0\x3f\x4f\xe1\
\x11\xe6\x02\x07\x92\x27\x67\x0f\xa9\xa8\x3f\x41\xbc\x01\xc5\x06\
\xb6\xd7\x0c\xf0\x5f\x6d\x07\xfc\x16\xb8\x9a\x20\xfe\x74\x67\x08\
\xae\xfe\x82\x78\xd5\xce\xd6\xbd\x8c\xe2\x4d\xbc\xa6\x0c\xb0\xfd\
\x1b\x79\x72\x86\x75\x84\xf4\xcd\xfb\xb5\xbf\x4b\xc8\x93\x3b\xac\
\x23\x1a\x2b\x4f\xfe\x84\xff\xf7\x0f\xbc\x3f\x87\x45\x44\x44\x6a\
\xa1\xf1\x43\x6c\x59\x94\xde\x03\xdc\x6c\xdd\xe1\xc0\x1f\xb2\x28\
\x9d\x67\x1d\x31\x04\x1a\x62\x2b\x68\x38\xb3\x41\x5a\xed\x70\x15\
\x8a\x3b\xaa\x3d\x3b\x26\x8b\xd2\xe6\xdd\x01\xeb\x8b\xf7\x4d\x78\
\xbb\xb6\xda\xe1\x44\x47\x83\x88\x88\x2c\xf2\x9b\x2c\x4a\xff\x68\
\x1d\x21\x22\x22\x22\xd2\x83\xe7\x3b\xc0\x77\x23\x88\xd7\xb4\x8e\
\xe8\x4b\x9e\xcc\x01\xfe\xdd\x3a\xa3\x0f\x5f\x23\x88\x3d\x1e\x1f\
\x3b\x91\x84\xc9\x5d\x17\x98\x07\x1c\x42\x9e\x9c\x39\xe4\x9e\xde\
\x82\x78\x7d\x8a\x9b\xf1\x36\x99\xe4\x23\x6c\x45\xb1\x91\xfe\x2e\
\x82\xf8\x62\x82\xf8\xc3\x04\xb1\xf7\x13\x0c\x06\x13\xc4\xab\x10\
\xc4\x87\x11\xc4\xa7\x02\x0f\x53\x7c\x7e\xb7\x33\xae\x1a\xa7\xd3\
\x80\xcf\x5a\x47\x48\x9f\x82\x78\x3d\xe0\x5d\xd6\x19\x25\xbc\x5f\
\x3b\x6d\x02\xef\x9f\x83\x7d\x08\xe2\xd5\xad\x23\x44\x44\x44\xea\
\xae\xf1\x43\x6c\x1d\xe7\x5a\x07\x38\x50\x97\xe1\xaf\x9b\x81\xa7\
\xac\x23\x1c\xd0\x10\x5b\xb3\xec\x87\x56\xb1\x4b\xb9\x53\x81\xe7\
\xad\x23\x7a\x98\x06\xcc\xb0\x8e\x10\x11\xd7\xbe\x6a\x1d\x20\x22\
\x22\x22\xd2\x53\x9e\xdc\x07\x5c\x6f\x9d\xd1\xc5\x72\x14\x47\xb9\
\x55\xc5\x51\xc0\x13\xd6\x11\x25\xd6\x02\xbe\x66\x1d\xd1\x97\x3c\
\x59\x00\x7c\x80\x62\x4b\x59\xbf\xe6\x03\x33\xc8\x93\xd3\x46\x13\
\xd5\x45\x31\xec\x72\x1e\xc5\xd1\x40\xc3\xb0\x23\xf0\x5f\xc0\xfd\
\x04\xf1\xd9\x04\x71\x44\x10\xaf\x3a\xa4\xc7\x1e\xaf\x20\x5e\x99\
\x20\x3e\x98\x20\x3e\x05\x78\x08\x38\x1e\xd8\x1f\x58\xd1\x36\x6c\
\xec\x2e\x01\x0e\x27\x4f\xea\x70\x53\x7e\x53\x1c\x86\xef\xf7\x23\
\x5f\x00\x4e\xb6\x8e\x10\x8e\x07\x3c\xdf\x08\xbf\x22\x70\xa0\x75\
\x84\x88\x88\x48\xdd\x79\xfe\xa1\x71\x9c\x34\xf0\x03\x57\x5a\x07\
\x0c\x43\x16\xa5\x0b\x80\x3f\x58\x77\x18\xbb\x07\x98\x65\x1d\x21\
\x63\xe5\x7d\x8d\xf5\xc5\x59\x94\xde\x69\x1d\xd1\x74\x59\x94\x3e\
\x09\x9c\x6e\xdd\x51\x62\xa6\x75\x80\x88\xb8\xf5\xb3\x2c\x4a\xaf\
\xb0\x8e\x10\x11\x11\x11\xe9\x83\xe7\x6d\x6c\x91\x75\x40\xdf\xf2\
\xe4\x49\xe0\xbf\xad\x33\xfa\xf0\x21\x82\xf8\xad\xd6\x11\x7d\xc9\
\x93\xb9\xc0\xc1\xf4\x77\x1d\x78\x01\x70\x04\x79\x72\xca\x68\xa3\
\x96\x12\xc4\xeb\x50\xdc\x70\xbe\xf9\x08\x1e\x7d\x3a\xf0\x6e\xe0\
\x17\xc0\x43\x04\xf1\xc9\x9d\x81\xb6\xcd\x08\x62\xbf\xef\x93\x04\
\xf1\x7a\x04\xf1\x41\x04\xf1\x89\x14\x83\x6b\x27\x51\x0c\x51\xac\
\x64\x1b\x66\xe6\x7a\x60\x5f\xf2\xe4\x39\xeb\x10\x19\x88\xf7\x6b\
\x7e\x67\x91\x27\xb3\xad\x23\x1a\xaf\xb8\x19\xc0\xfb\xfb\xb5\xde\
\xdf\x8b\x11\x11\x11\xa9\xbc\xe5\xac\x03\x9c\xb8\x90\xe2\x85\xb9\
\xdf\x17\xab\xa3\x57\x97\x4d\x6c\x50\x5c\x88\xd9\xc5\x3a\xc2\xd0\
\x79\x3a\xb6\xb1\x39\x5a\xed\x70\x3d\xe0\x9d\xd6\x1d\x25\xbc\xaf\
\x01\x6f\x92\x63\x80\x43\xad\x23\x7a\xd8\xb2\xd5\x0e\xdf\x9c\x45\
\xa9\xd7\xcd\x05\x22\x62\x63\x36\xf0\x39\xeb\x08\x11\x11\x11\x91\
\x3e\x9d\x09\x7c\xca\x3a\xa2\x8b\xdd\x08\xe2\x8d\xc9\x93\x3b\xac\
\x43\xfa\xf4\x3d\xe0\x93\xf8\xde\x32\x35\x0d\xf8\x3e\x41\xbc\x23\
\x79\xe2\xff\x7a\x5c\x9e\x3c\x4d\x10\xef\x0d\x5c\x0a\xbc\xa1\xcb\
\xbf\xb5\x10\x78\x3f\x79\x72\xc2\xf8\xc2\x80\x20\x5e\x8b\x62\x80\
\xed\x4d\x63\xf8\x68\x2f\x05\x0e\xea\xfc\x02\x78\x8a\x20\xfe\x03\
\x90\x53\x5c\x27\xcf\x81\xdb\xc7\xfe\x39\x0d\xe2\x57\x02\xdb\x74\
\x7e\x6d\xdd\xf9\xdf\x57\x8e\xb5\xc1\xb7\x3b\x80\x77\x93\x27\x8f\
\x5b\x87\xc8\x00\x82\xf8\x0d\xc0\xb6\xd6\x19\x25\x74\xfd\xda\x8f\
\x63\x80\x3d\xac\x23\x7a\xd8\x85\x20\xde\x90\x3c\xb9\xc7\x3a\x44\
\x44\x44\xa4\xae\x34\xc4\x06\x64\x51\x3a\xbb\xd5\x0e\xff\x80\xff\
\x1f\xa4\x47\xe5\x51\xe0\x76\xeb\x88\x21\xaa\xd3\x40\xde\x64\xe8\
\x78\xdc\x66\xa9\xc2\x2a\xf6\xf1\xde\xb5\x2b\xbd\xa4\x14\xdf\xf3\
\xd7\xb6\x0e\xe9\x61\x26\x1a\x56\x11\x91\x25\xc5\x59\x94\x3e\x6c\
\x1d\x21\x22\x22\x22\xd2\xa7\x4b\x80\x87\x81\x97\x5b\x87\x74\xf1\
\x3e\xe0\x5f\xac\x23\xfa\x92\x27\x0f\x10\xc4\x47\x03\x1f\xb4\x4e\
\x29\xf1\x0e\x8a\xd7\xb2\xd5\x18\x82\xc8\x93\x47\x08\xe2\x10\xf8\
\x3d\xcb\x0e\x48\x2d\x04\x3e\x40\x9e\x8c\xf7\xf7\x12\xc4\x6b\x02\
\xbf\x03\xb6\x1c\xeb\xc7\x7d\xd1\xaa\x14\x37\x45\xef\xb2\xd8\x3f\
\x7b\x8c\x20\x5e\x34\xd4\x76\x35\x70\x3f\xc5\x0d\x36\x8f\x01\xb3\
\x3b\x9b\xed\x06\x53\x6c\x7c\x5b\x0d\x58\x03\x58\x13\xd8\x88\x25\
\x87\xd6\x5e\x31\xd9\xdf\x40\x03\x3c\x02\x84\x9d\x4d\x4d\x52\x2d\
\xde\xb7\xb0\x3d\x01\xfc\xc6\x3a\x42\xfe\xcf\xaf\x28\x36\xb1\x7a\
\xdd\x36\x39\x0d\x98\x01\x7c\xc7\x3a\x44\x44\x44\xa4\xae\x34\xc4\
\xf6\xa2\x73\x69\xee\x10\xdb\x55\x35\xdb\xdc\xd5\xf4\x21\xb6\xf3\
\xad\x03\x64\xac\xbc\xaf\xaf\x3e\x33\x8b\x52\xad\x62\x77\x22\x8b\
\xd2\xb9\xad\x76\x78\x22\xf0\x11\xeb\x96\x1e\x0e\x6f\xb5\xc3\xcf\
\x77\x8e\x87\x16\x11\xb9\x12\xf8\xa9\x75\x84\x88\x88\x88\x48\xdf\
\xf2\x64\x3e\x41\x7c\x2a\xf0\x21\xeb\x94\x2e\xfe\x8a\x20\xfe\x1a\
\x79\x52\x95\xd7\x5c\xff\x0a\xfc\x1d\xc5\x9b\xc6\x9e\x7d\x9b\x20\
\x3e\x9d\x3c\x79\xca\x3a\xa4\x2f\x79\x72\x67\x67\x90\xed\x12\x8a\
\x81\xaa\x45\x3e\x48\x9e\xfc\x7c\xac\x2d\x41\xbc\x3a\xc5\x4d\x77\
\x5b\x8f\xf5\xe3\x96\x5b\x0b\x78\x57\xe7\xd7\xb2\x82\xf8\x19\x16\
\x0d\xb4\xbd\xf8\xbf\xb3\x81\x27\x81\x55\x28\x86\xd4\x16\x0d\xab\
\x2d\xfa\x7f\xaf\x8e\xef\x9b\x51\xbd\x7a\x1a\xd8\x93\x3c\xb9\xc5\
\x3a\x44\x06\x14\xc4\xd3\xf0\x3f\xc4\x76\x32\x79\xf2\xbc\x75\x84\
\x74\xe4\xc9\x93\x04\xf1\xe9\x14\x37\xef\x7b\x75\x04\x1a\x62\x13\
\x11\x11\x19\x19\xbd\x60\x7a\x91\xf7\x73\xd6\x47\xe9\x4a\xeb\x80\
\x21\xbb\x8b\xe2\x8e\xd7\x26\xba\x29\x8b\x52\xdd\x8d\xd6\x10\xad\
\x76\xf8\x06\x20\xb0\xee\x28\x51\x8d\xbb\x90\x9b\xc5\xfb\xe7\xe4\
\x55\xc0\x8e\xd6\x11\x22\xe2\xc2\x02\xe0\x23\x59\x94\xce\xb7\x0e\
\x11\x11\x11\x11\x19\xd0\xc9\xd6\x01\x3d\xbc\x86\x2a\xbd\xe6\x2a\
\x86\x56\x4e\xb5\xce\xe8\xc3\xfa\xc0\x17\xad\x23\x06\x92\x27\x37\
\x00\xfb\x00\x8b\x86\x37\x3e\x4c\x9e\x8c\xf7\x06\x92\x20\x5e\x15\
\x38\x9b\x6a\xde\x5c\xbe\x32\xc5\x35\x8c\xb7\x50\x6c\x70\xdb\x1f\
\xf8\x00\xf0\x09\xe0\x6f\x81\x03\x81\xdd\x29\x86\xf3\x5e\x43\x31\
\xc8\xa6\xf7\x63\x06\x37\x17\x38\x80\x3c\xc9\xad\x43\x64\x52\xde\
\x0e\xbc\xd6\x3a\xa2\x84\xf7\x6b\xa5\x4d\xe4\xfd\x73\xf2\x16\x82\
\xf8\xcd\xd6\x11\x22\x22\x22\x75\xa5\x17\x4d\x2f\xba\x8c\x17\x5f\
\xb0\x37\x4d\xad\x36\x97\x75\xb6\xca\xd5\x6d\x30\xaf\x5f\x4d\x1e\
\xc6\x6c\x22\xef\x77\xb1\x3d\x0e\x9c\x65\x1d\x21\xcb\xb8\x1c\xf8\
\x8b\x75\x44\x09\xef\x1b\x06\x45\x64\x3c\xbe\x94\x45\xe9\x1f\xac\
\x23\x44\x44\x44\x44\x26\xe1\x22\x8a\xa3\xef\xbc\xfa\x6b\xeb\x80\
\x01\x7d\xcb\x3a\xa0\x4f\x9f\x20\x88\x37\xb3\x8e\x18\x48\x9e\x5c\
\x0a\x1c\x0a\x1c\x49\x9e\xfc\x68\xac\x1f\x3b\x88\x57\xa1\xb8\x6e\
\xd4\x1a\xeb\xc7\x95\x2a\x59\x08\xbc\x8f\x3c\xf9\x9d\x75\x88\x4c\
\x9a\xf7\x6b\x7c\x77\x53\x6c\xa4\x14\x5f\xce\xc1\xf7\xcf\x51\xe0\
\xff\xbd\x19\x11\x11\x91\xca\xd2\x10\x5b\x47\x16\xa5\xcf\x03\x97\
\x5a\x77\x18\xa9\xd5\x10\x5b\x47\x1d\x7f\x4f\xfd\xd0\x10\x5b\x43\
\xb4\xda\xe1\x34\xfc\x5f\x04\x38\x29\x8b\xd2\x39\xd6\x11\xb2\xa4\
\xce\xa0\xaf\xf7\xbb\xd9\x0e\x6e\xb5\xc3\x97\x5a\x47\x88\x88\xa9\
\xdf\x01\x89\x75\x84\x88\x88\x88\xc8\xa4\xe4\xc9\x3c\xe0\x57\xd6\
\x19\x3d\x1c\xd4\x19\x20\xaa\x86\x3c\xb9\x0a\xb8\xd0\x3a\xa3\x0f\
\xcb\x03\xdf\xeb\x1c\x9f\x57\x1d\x79\x72\x06\x79\xf2\x83\xb1\x7e\
\xcc\x20\x5e\x19\x38\x13\xd8\x61\xac\x1f\x57\xaa\x64\x01\xf0\x37\
\xe4\xc9\x09\xd6\x21\x32\x49\x41\xbc\x3c\xc5\x90\xac\x67\xc7\x56\
\xe8\x78\xed\xe6\xc8\x93\xb9\x80\xf7\xaf\xfd\x99\x04\xb1\xde\x63\
\x17\x11\x11\x19\x01\xfd\x05\xbb\xa4\x26\x0e\x00\xdd\x95\x45\xe9\
\x83\xd6\x11\x23\xd0\xc4\x21\xb6\x05\x54\xe3\x82\x9e\x0c\x47\x8b\
\xe2\x28\x02\xcf\xbc\x0f\x4a\x35\xd9\xb1\xd6\x01\x25\x56\x07\xf6\
\xb2\x8e\x10\x11\x33\xf7\x03\x47\xe8\x18\x51\x11\x11\x11\xa9\xb8\
\x53\xac\x03\x7a\x58\x19\x38\xc8\x3a\x62\x40\x55\xd9\xc6\xf6\x2e\
\x8a\x63\x24\xa5\x9b\x20\x5e\x09\x38\x03\xd8\xd9\x3a\x45\xdc\x7a\
\x1e\xd8\x9f\x3c\xf9\x5f\xeb\x10\x99\x92\x10\x58\xdb\x3a\xa2\x84\
\xae\x5f\xfb\xe5\xfd\x73\xb3\x21\xb0\x93\x75\x84\x88\x88\x48\x1d\
\x69\x88\x6d\x49\xe7\x5a\x07\x18\xa8\xeb\xb1\x9b\x4d\x1c\x62\xcb\
\xb3\x28\x7d\xdc\x3a\x42\xc6\xc6\xfb\x16\xb6\x3b\x29\x8e\x69\x16\
\x87\xb2\x28\xbd\x05\xff\xdf\xff\xbd\x3f\xc7\x45\x64\x34\x16\x00\
\x87\x67\x51\xfa\x90\x75\x88\x88\x88\x88\xc8\x14\x5d\x00\x3c\x66\
\x1d\xd1\x43\xd5\x8e\x14\x4d\x81\x3f\x5a\x47\xf4\xe9\x28\x82\xf8\
\x55\xd6\x11\x2e\x05\xf1\x4b\x81\xd3\x80\xdd\xac\x53\xc4\xad\xc7\
\x81\x77\x92\x27\x67\x58\x87\xc8\x94\x79\xbf\xb6\x77\x2d\x79\xf2\
\x27\xeb\x08\xe9\xea\x4a\xe0\x56\xeb\x88\x12\xde\x9f\xe3\x22\x22\
\x22\x95\xa4\x21\xb6\x25\x5d\x43\xf1\x22\xa9\x49\x6a\x39\xec\x95\
\x45\xe9\xc3\xc0\x1d\xd6\x1d\x63\xd6\xc4\x4d\x82\x8d\xd4\x6a\x87\
\x2b\x00\x87\x58\x77\x94\x38\x36\x8b\x52\xad\x62\xf7\xcd\xfb\xdd\
\x6c\x7b\xb7\xda\xe1\x9a\xd6\x11\x22\x32\x76\x5f\xce\xa2\xf4\x42\
\xeb\x08\x11\x11\x11\x91\x29\x2b\x8e\xc2\x3a\xcd\x3a\xa3\x87\x9d\
\x08\xe2\x4d\xac\x23\xfa\x96\x27\x0b\x81\x6f\x5b\x67\xf4\x69\x4d\
\xe0\x38\x82\x78\x39\xeb\x10\x57\x82\x78\x45\xe0\x97\x14\xdb\xea\
\x44\x26\x72\x1f\xb0\x23\x79\x72\xa9\x75\x88\x4c\x51\x10\xaf\x06\
\xbc\xd7\x3a\xa3\x84\xf7\x6b\xa3\xcd\x56\xfc\xbd\xef\xfd\x73\x74\
\x50\x67\x38\x5b\x44\x44\x44\x86\x48\x43\x6c\x8b\xe9\x1c\x59\x74\
\xbe\x75\xc7\x98\xd5\xf9\x05\x61\xd3\xb6\x40\x69\x88\xad\x39\xaa\
\xb0\x8a\xdd\xfb\x71\x95\x02\x27\x02\x9e\x8f\xea\x5b\x81\xea\x1d\
\x6f\x23\x22\x53\x73\x3c\xf0\x75\xeb\x08\x11\x11\x11\x91\x21\x3a\
\xd9\x3a\xa0\xc4\xdf\x59\x07\x0c\xe8\x44\x8a\xcd\xef\x55\xb0\x03\
\xf0\xcf\xd6\x11\x6e\x04\xf1\x0a\xc0\x49\xc0\x5e\xd6\x29\xe2\xd6\
\xcd\xc0\xf6\xe4\xc9\x0d\xd6\x21\x32\x14\xfb\x03\x9e\x87\x7b\x16\
\x52\x5c\x83\x10\xdf\xbc\xbf\xc7\xb0\x3a\xb0\xb7\x75\x84\x88\x88\
\x48\xdd\x68\x88\x6d\x59\x67\x5b\x07\x8c\xd1\x23\xc0\x15\xd6\x11\
\x23\xf4\x6b\xeb\x80\x31\x7a\x06\xf8\xbd\x75\x84\x8c\x8d\xf7\x35\
\xd5\xd7\x64\x51\x7a\xa3\x75\x84\xf4\xd6\x39\xaa\x2f\xb5\xee\x28\
\xe1\xfd\xb9\x2e\x22\xc3\x73\x0e\xf0\x57\xda\xe2\x29\x22\x22\x22\
\x35\x73\x3e\xbe\x4f\x7d\xf8\x20\x41\xfc\x32\xeb\x88\xbe\xe5\xc9\
\x3c\xe0\xbb\xd6\x19\x03\xf8\x02\x41\xbc\xab\x75\x84\xb9\x20\x5e\
\x9e\x62\x58\x64\x5f\xeb\x14\x71\xeb\x4a\x60\x07\xf2\xa4\x2a\x43\
\xaa\x52\xce\xfb\x35\xbd\xf3\xc8\x93\xfb\xac\x23\xa4\x44\x9e\xdc\
\x8a\xff\xf7\x30\xbd\x3f\xd7\x45\x44\x44\x2a\x47\x43\x6c\xcb\xfa\
\x25\xf0\x82\x75\xc4\x98\x9c\xd9\xd9\x3e\x57\x57\xbf\x05\xe6\x59\
\x47\x8c\xc9\x69\x59\x94\x3e\x67\x1d\x21\xa3\xd7\x6a\x87\xab\xe1\
\xff\xa2\x9f\xf7\x35\xdf\xf2\x22\xef\x9f\xab\x9d\x5a\xed\xf0\xd5\
\xd6\x11\x22\x32\x72\x57\x01\x07\x66\x51\xda\x94\x9f\xc1\x45\x44\
\x44\xa4\x29\xf2\xe4\x05\x7c\x1f\x29\xba\x26\xd5\x7b\xf3\xf5\x28\
\xe0\x16\xeb\x88\x3e\x4d\x03\x8e\x25\x88\x5f\x6e\x1d\x62\xa6\x38\
\x52\xf5\x18\xe0\x00\xeb\x14\x71\x2b\x05\x76\x27\x4f\x1e\xb1\x0e\
\x91\x21\x09\xe2\x57\x02\xbb\x5b\x67\x94\xf0\x7e\x4d\x54\x5e\xe4\
\xfd\x73\xb5\x37\x41\xbc\x96\x75\x84\x88\x88\x48\x9d\x68\x88\x6d\
\x29\x59\x94\xce\x06\xce\xb4\xee\x18\x93\x33\xac\x03\x46\x29\x8b\
\xd2\x27\x80\x0b\xad\x3b\xc6\x44\xab\xaf\x9b\xe3\x00\x7c\xaf\x62\
\x5f\x00\x9c\x60\x1d\x21\x7d\x3b\x1d\x78\xda\x3a\xa2\xc4\xe1\xd6\
\x01\x22\x32\x52\xb7\x00\x7b\x67\x51\xea\xfd\x7b\x91\x88\x88\x88\
\xc8\x64\x79\x3f\x52\xf4\x63\x04\xf1\x34\xeb\x88\xbe\x15\x83\x81\
\x1f\xb7\xce\x18\xc0\xfa\xc0\xd1\x04\x71\xf3\xae\xc3\x07\xf1\x74\
\xe0\x68\xe0\x10\xeb\x14\x71\xeb\x18\x60\x5f\xf2\x44\xaf\x07\xeb\
\x65\x06\xc5\x10\xaf\x57\xcf\x01\xbf\xb2\x8e\x90\xbe\x9d\x08\x78\
\x5e\xc6\xb1\x3c\x70\x90\x75\x84\x88\x88\x48\x9d\x34\xef\xc5\x73\
\x7f\xda\xd6\x01\x63\x30\x07\xf8\x9d\x75\xc4\x18\xd4\x7a\x50\xaf\
\xe3\x31\x9a\xf1\xb9\x94\x82\xf7\x3b\xa4\xcf\xcb\xa2\x54\xab\xd8\
\x2b\x22\x8b\xd2\x67\x81\x53\xad\x3b\x4a\x1c\xd1\x6a\x87\x9e\x2f\
\x7c\x89\xc8\xe4\xdd\x07\x84\x59\x94\x3e\x6c\x1d\x22\x22\x22\x22\
\x32\x42\xe7\x00\xf7\x5b\x47\xf4\xb0\x05\xfe\x37\xe6\x2c\x29\x4f\
\x7e\x4b\xb5\xae\xf9\xed\x09\x7c\xd2\x3a\x62\xac\x8a\xa1\xbd\xff\
\x41\x37\xa6\xc9\xc4\x5e\x00\x3e\x0a\xbc\xaf\x33\x98\x2a\xf5\x32\
\xd3\x3a\xa0\xc4\xe9\xe4\xc9\x93\xd6\x11\xd2\xa7\x3c\x79\x98\xe2\
\xd4\x25\xcf\xbc\xbf\x67\x23\x22\x22\x52\x29\x1a\x62\x9b\xd8\xd9\
\xc0\x6c\xeb\x88\x11\x3b\xab\x21\x1b\x2f\x4e\xa3\xfe\x47\x8a\x9e\
\xac\xe3\xb7\x9a\xa1\xd5\x0e\x37\x00\x76\xb3\xee\x28\xe1\x7d\xbd\
\xb7\x2c\xcb\xfb\xe7\xec\x8d\xc0\x96\xd6\x11\x22\x32\x74\xb7\x01\
\x3b\x66\x51\x7a\x87\x75\x88\x88\x88\x88\xc8\x48\xe5\xc9\x3c\x8a\
\x6d\x54\x9e\x55\x69\xb3\xd9\x22\x9f\xa4\xb8\x49\xb7\x2a\xbe\x49\
\x10\x6f\x6b\x1d\x31\x16\xc5\x00\xdb\x51\xc0\xfb\xad\x53\xc4\xa5\
\xdb\x80\x16\x79\xf2\x43\xf2\x64\xa1\x75\x8c\x0c\x59\x10\x6f\x01\
\xbc\xd5\x3a\xa3\x84\xf7\x6b\xa1\xb2\x2c\xef\x9f\xb3\x1d\x09\xe2\
\x57\x5b\x47\x88\x88\x88\xd4\x85\x86\xd8\x26\x90\x45\xe9\x1c\xe0\
\xbf\xad\x3b\x46\xec\x5f\xac\x03\xc6\x21\x8b\xd2\xbb\x29\xee\xfa\
\xab\xab\x85\xd4\xff\xb9\x2a\x2f\x3a\x0c\xad\x62\x97\xe1\x3b\x1f\
\x78\xc0\x3a\xa2\x84\xee\x66\x13\xa9\x97\xab\x81\x77\x64\x51\xfa\
\x17\xeb\x10\x11\x11\x11\x91\x31\xf9\x99\x75\x40\x89\xbd\x09\xe2\
\x4d\xad\x23\x06\x92\x27\x7f\x01\xbe\x6d\x9d\x31\x80\xe5\x80\x13\
\x08\xe2\xd5\xad\x43\x46\xaa\x38\x9a\xf6\x87\xc0\xdf\x58\xa7\x88\
\x4b\x27\x01\x5b\x93\x27\x57\x5b\x87\xc8\xc8\x78\xdf\xc2\xf6\x08\
\xc5\x86\x54\xa9\x96\x33\x00\xef\x4b\x39\xb4\x79\x54\x44\x44\x64\
\x48\x34\xc4\xd6\xdd\x37\xf1\xff\xa6\xfe\x64\x9d\x98\x45\xe9\xb5\
\xd6\x11\x63\xf4\x55\xaa\x75\x67\xe6\x20\x8e\xce\xa2\xf4\x3a\xeb\
\x08\x19\x1b\xef\x83\x3c\xa7\x65\x51\xfa\x94\x75\x84\x0c\x26\x8b\
\xd2\xf9\xc0\x71\xd6\x1d\x25\x66\xb4\xda\xe1\x74\xeb\x08\x11\x19\
\x8a\xf3\x80\x5d\xb3\x28\x7d\xd0\x3a\x44\x44\x44\x44\x64\x6c\xf2\
\x64\x16\x70\x89\x75\x46\x0f\xd3\x80\x23\xad\x23\x26\xe1\x9b\xc0\
\x5d\xd6\x11\x03\x78\x2d\xf0\xe3\xce\xa0\x57\xfd\x14\xbf\xaf\xff\
\x04\xfe\xde\x3a\x45\xdc\x99\x03\x7c\x18\x38\x4c\xc7\x38\xd6\x58\
\xb1\x85\xd1\xfb\x20\xcf\x09\xe4\xc9\x5c\xeb\x08\x19\x50\x9e\x3c\
\x0b\xfc\xd2\x3a\xa3\x44\x54\xdb\xbf\xdf\x45\x44\x44\xc6\x4c\x43\
\x6c\x5d\x74\x06\x31\xfe\xc9\xba\x63\x04\x16\x00\x5f\xb2\x8e\x18\
\xa7\x2c\x4a\xef\xa5\xb8\x03\xb0\x6e\x9e\x05\xbe\x60\x1d\x21\xe3\
\xd1\x6a\x87\x6f\x02\xb6\xb2\xee\x28\xe1\x7d\xad\xb7\x74\xe7\xfd\
\x73\xf7\x4a\x60\x17\xeb\x08\x11\x99\xb2\x93\x80\xbd\xb3\x28\xd5\
\x9b\x16\x22\x22\x22\xd2\x44\xde\x4f\x0a\xf8\xeb\xca\x6d\x09\x2b\
\xde\xd4\xfe\x94\x75\xc6\x80\x0e\x05\x3e\x60\x1d\x31\x74\xc5\x1b\
\xf7\xff\x0a\x7c\xd4\x3a\x45\xdc\x99\x05\xbc\x9d\x3c\xf9\x91\x8e\
\x0f\xad\xbd\x77\x00\xde\x8f\x54\xf4\x7e\x0d\x54\xba\xf3\xfe\xb9\
\xdb\x1c\xff\xef\xdf\x88\x88\x88\x54\x82\x86\xd8\x7a\x3b\x1a\xb8\
\xc6\x3a\x62\xc8\x7e\x9e\x45\xe9\xcd\xd6\x11\x06\xbe\x89\xff\x75\
\xc3\x83\xfa\x6e\x67\x40\x4f\x9a\xc1\xfb\x2a\xf6\x87\x81\xdf\x59\
\x47\xc8\xa4\x5d\x0b\xdc\x68\x1d\x51\xc2\xfb\x26\x42\x11\xe9\xed\
\x5b\xc0\xe1\x59\x94\xd6\x75\x3b\xae\x88\x88\x88\x48\x99\x53\x00\
\xcf\xdb\xcb\x57\x01\xfe\xda\x3a\x62\x12\x7e\x09\x9c\x6f\x1d\x31\
\xa0\xef\x13\xc4\x6f\xb4\x8e\x18\xb2\x7d\x81\x4f\x5a\x47\x88\x3b\
\x27\x00\x01\x79\xd2\xa4\x53\x61\x9a\xcc\xfb\xb5\xbb\xdb\x80\x2b\
\xad\x23\x64\xd2\x2e\x00\xee\xb7\x8e\x28\xe1\xfd\x6b\x40\x44\x44\
\xa4\x12\x34\xc4\xd6\x43\xe7\x88\xb5\x23\x81\xf9\xd6\x2d\x43\x72\
\x2f\xf0\x79\xeb\x08\x0b\x59\x94\x3e\x4c\xbd\x2e\xa4\xdc\x0e\x7c\
\xc7\x3a\x42\xc6\xa3\xd5\x0e\x2b\xb1\x8a\x3d\x8b\x52\xad\x62\xaf\
\xa8\x2c\x4a\x17\x02\xc7\x5a\x77\x8f\x79\x32\xdf\x00\x00\x20\x00\
\x49\x44\x41\x54\x94\x38\xb0\xd5\x0e\x57\xb2\x8e\x10\x91\x81\x3d\
\x4a\xb1\x7d\xed\x73\x9d\x9f\xad\x45\x44\x44\x44\x9a\x29\x4f\x9e\
\x01\x8e\xb7\xce\x28\xf1\x31\x82\x78\x39\xeb\x88\x81\x14\x9b\x9d\
\x3e\x46\xb5\xae\xdf\xae\x04\xfc\x9a\x20\x5e\xcf\x3a\x64\x68\xf2\
\xe4\x74\x60\x1f\xe0\x1e\xeb\x14\x71\xe1\x49\xe0\x83\xc0\xe1\x3a\
\x3e\xb4\x21\x82\x78\x45\xe0\x10\xeb\x8c\x12\xc7\x68\x1b\x60\x85\
\xe5\xc9\x7c\xe0\x38\xeb\x8c\x12\x33\x08\xe2\xe9\xd6\x11\x22\x22\
\x22\x55\xa7\x21\xb6\x12\x59\x94\x5e\x46\x71\x21\xa4\xea\x5e\x00\
\x0e\xcc\xa2\xf4\x41\xeb\x10\x2b\x59\x94\xfe\x14\xf8\x89\x75\xc7\
\x10\x3c\x0d\xec\x9b\x45\x69\xdd\x36\xcb\x49\x77\x3b\x00\x1b\x59\
\x47\x94\xf0\xbe\xce\x5b\xca\x79\xbf\x08\xb0\x2a\xc5\x05\x71\x11\
\xa9\x8e\xcb\x80\xad\xb2\x28\x3d\xcb\x3a\x44\x44\x44\x44\xc4\x89\
\x9f\x59\x07\x94\x78\x0d\xfe\x6f\xa2\x5b\x56\x9e\xfc\x09\xf8\xbe\
\x75\xc6\x80\x5e\x0b\x9c\x4d\x10\xaf\x66\x1d\x32\x34\x79\x72\x26\
\xb0\x05\xf0\x43\xeb\x14\x31\x75\x2c\xb0\x19\x79\xf2\x13\x0d\x0c\
\x35\xca\x9e\xc0\x1a\xd6\x11\x25\xbc\xdf\xc0\x2b\xe5\xbc\xbf\x07\
\xb1\x3e\xb0\xab\x75\x84\x88\x88\x48\xd5\x69\x88\xad\x0f\x59\x94\
\xfe\x17\xf0\xdf\xd6\x1d\x53\xf4\x0f\x59\x94\x5e\x61\x1d\xe1\xc0\
\x91\x40\xd5\xff\x1c\x8e\xc8\xa2\xf4\x06\xeb\x08\x19\x2b\xef\x6b\
\xa8\x67\x01\x57\x59\x47\xc8\xd4\x64\x51\x7a\x07\x70\x89\x75\x47\
\x09\xef\x5f\x0b\x22\xf2\xa2\x6f\x02\xbb\x66\x51\xaa\x4d\x0c\x22\
\x22\x22\x22\x2f\xba\x12\xf8\x93\x75\x44\x89\x2f\x54\x74\x8b\xc8\
\x97\x81\x87\xac\x23\x06\xf4\x56\xe0\xd4\xce\x06\xa3\x7a\xc8\x93\
\x27\xc9\x93\x8f\x52\xdc\x90\xf9\x67\xeb\x1c\x19\xab\x9b\x80\xdd\
\xc8\x93\x23\xc8\x13\xef\x47\xfe\xc9\xf0\x79\xbf\x66\x77\x05\x79\
\x32\xcb\x3a\x42\xa6\xec\x3a\xfc\xff\x1c\xe5\xfd\x6b\x41\x44\x44\
\xc4\x3d\x0d\xb1\xf5\xef\xe3\x14\x67\xae\x57\xd1\x51\x9d\x2d\x64\
\x8d\x97\x45\xe9\x1c\xe0\x40\xa0\xaa\x1b\xe9\xbe\x90\x45\xe9\xe9\
\xd6\x11\x32\x3e\xad\x76\xb8\x22\x70\xb0\x75\x47\x89\x63\x3a\xc7\
\x51\x4a\xf5\x79\xbf\x9b\x6d\xcf\x56\x3b\x5c\xc7\x3a\x42\x44\x7a\
\xba\x19\xd8\x3d\x8b\xd2\x58\xc7\x4c\x8b\x88\x88\x88\x2c\xa5\xd8\
\x4a\xf4\x3f\xd6\x19\x25\x36\x05\x0e\xb3\x8e\x18\x58\x9e\x3c\x01\
\x7c\xd6\x3a\x63\x12\x76\x07\x8e\x26\x88\xeb\x75\x9d\x3e\x4f\x2e\
\xa3\x18\xd2\xfb\x1a\x30\xcf\xb8\x46\x46\xeb\x59\xe0\x73\xc0\x56\
\xe4\x49\x55\xdf\x3f\x91\xa9\x08\xe2\x35\xf0\x7f\x7a\x82\xf7\x6b\
\x9e\xd2\x8f\xe2\xe7\x28\xef\x9f\xcb\x03\x09\xe2\x97\x59\x47\x88\
\x88\x88\x54\x59\xbd\x5e\x1c\x8f\x50\xe7\x4d\xb8\x83\xa8\xde\xb6\
\xa1\x93\xa8\xc7\x71\xa8\x43\x93\x45\xe9\xbd\xc0\x5e\xc0\x03\xd6\
\x2d\x03\xfa\x11\xf0\x0d\xeb\x08\x19\xbb\xbd\xd0\x2a\x76\x19\x9f\
\x93\x29\x8e\x9f\xf6\x6a\x39\xe0\x10\xeb\x08\x11\x99\xd0\x73\xc0\
\xe7\x81\x2d\xb3\x28\x3d\xdf\x3a\x46\x44\x44\x44\xc4\xb1\x63\x00\
\xef\xc3\xfe\x55\xdd\xc6\xf6\x0b\xe0\x72\xeb\x88\x49\x38\x14\xf8\
\x77\x82\x78\x9a\x75\xc8\x50\xe5\xc9\xf3\xe4\xc9\x17\x81\xad\x81\
\xd4\x3a\x47\x46\xe2\x57\xc0\xe6\xe4\xc9\xb7\xc8\x13\xcf\xd7\x93\
\x64\xb4\x0e\x02\x56\xb0\x8e\xe8\x61\x3e\x70\xa2\x75\x84\x0c\xcd\
\x71\xd6\x01\x25\x56\xc1\xff\x50\xa7\x88\x88\x88\x6b\x1a\x62\x1b\
\x40\x16\xa5\x8f\x01\xbb\x50\xbc\x38\xab\x82\x6f\x01\x33\x3a\xdb\
\xc7\x64\x31\x59\x94\x5e\x0d\xbc\x1d\xff\xab\x87\x17\xf9\x0c\xf0\
\x11\x6d\xbb\x6a\x24\xef\xeb\xa7\xb3\x2c\x4a\x6f\xb3\x8e\x90\xe1\
\xc8\xa2\x74\x36\xf0\x1b\xeb\x8e\x12\x33\xad\x03\x44\x64\x19\xa7\
\x01\x9b\x67\x51\x9a\xe8\xe7\x4e\x11\x11\x11\x91\x12\x79\xf2\x30\
\xe0\x7d\xcb\xfe\x66\xf8\xdf\x0a\xbf\xac\x3c\x59\x00\x1c\x09\x54\
\xf1\xfa\xd9\xc7\xa8\xe6\x26\xb9\x72\x79\x72\x3d\x79\xf2\x6e\x60\
\x0f\xe0\x6a\xeb\x1c\x19\x8a\xbf\x00\x7b\x93\x27\x07\x90\x27\x77\
\x59\xc7\x88\x39\xef\xd7\xea\x7e\xdb\xf9\xbb\x57\xea\xa0\xf8\x9e\
\x73\x91\x75\x46\x09\xef\xef\xe9\x88\x88\x88\xb8\xa6\x21\xb6\x01\
\x65\x51\xfa\x2c\xc5\x45\x9c\x7f\xb5\x6e\xe9\x61\x3e\xf0\xf7\x59\
\x94\x7e\x2e\x8b\xd2\x05\xd6\x31\x5e\x65\x51\x7a\x27\xb0\x03\xe0\
\x79\x5b\xc8\x1c\xe0\x90\x2c\x4a\xbf\xa3\x01\xb6\xe6\x69\xb5\xc3\
\x35\x81\xf7\x58\x77\x94\xf0\xbe\xbe\x5b\x06\xe7\xfd\x73\xba\x7d\
\xab\x1d\xbe\xd6\x3a\x42\x44\x80\xe2\x0d\xa8\xbd\xb3\x28\xdd\xbf\
\xf3\x73\x95\x88\x88\x88\x88\xf4\xe7\xfb\xd6\x01\x7d\xf8\x62\x25\
\x8f\xb8\xcc\x93\x1c\xff\x47\xb6\x76\x93\x10\xc4\x7f\x65\x1d\x31\
\x32\x79\x72\x1e\xb0\x2d\x70\x38\x70\xbb\x71\x8d\x4c\xce\x63\xc0\
\x17\x81\x37\x91\x27\x67\x59\xc7\x88\x03\x41\xbc\x11\xc5\xe2\x07\
\xcf\xbc\x5f\xeb\x94\xc1\x79\xff\x9c\xbe\x9b\x20\x7e\xb9\x75\x84\
\x88\x88\x48\x55\x55\xef\x42\x84\x03\x59\x94\xce\xcf\xa2\xf4\xff\
\x01\x1f\xc6\xdf\xb1\x6b\x4f\x00\xfb\x64\x51\xfa\x63\xeb\x90\x2a\
\xc8\xa2\xf4\x71\x60\x4f\x7c\x5e\xdc\x7a\x00\xd8\x35\x8b\xd2\x93\
\xad\x43\xc4\x8c\xf7\x55\xec\xf3\x28\x8e\x2c\x96\x7a\x39\x0b\x78\
\xdc\x3a\xa2\x84\xf7\x3b\x3c\x45\xea\xee\x42\x20\x04\x82\x2c\x4a\
\xf5\xc6\x85\x88\x88\x88\xc8\xe0\x2e\xc1\xff\x46\xaa\x37\x02\x07\
\x5a\x47\x4c\xd2\xe7\xf1\xff\xba\xb6\x9b\x9f\x12\xc4\x7b\x5b\x47\
\x8c\x4c\x9e\x2c\x20\x4f\x8e\x07\x36\x07\x3e\x01\x3c\x6a\x5c\x24\
\xfd\x79\x10\xf8\x34\xb0\x31\x79\xf2\x35\xf2\xe4\x39\xeb\x20\x71\
\x63\x86\x75\x40\x89\xa7\x81\x33\xac\x23\x64\xe8\x4e\xc1\xdf\x7b\
\xb3\x8b\x5b\x0e\x38\xc4\x3a\x42\x44\x44\xa4\xaa\x34\xc4\x36\x05\
\x59\x94\xfe\x08\xd8\x0a\xb8\xd4\xba\xa5\xe3\x04\x60\xb3\x2c\x4a\
\xcf\xb6\x0e\xa9\x92\x2c\x4a\x5f\xc8\xa2\xf4\x6f\x81\xbd\x00\x2f\
\x5b\x44\x7e\x4c\x71\x2c\x57\x66\x1d\x22\xa6\xbc\x0f\xea\x9c\x9d\
\x45\xe9\x23\xd6\x11\x32\x5c\x59\x94\x3e\x0f\x78\x1f\x9e\x9d\xd9\
\x6a\x87\xd3\xac\x23\x44\x1a\xe8\xd7\xc0\xf6\x59\x94\xee\x9a\x45\
\xe9\x39\xda\x12\x2b\x22\x22\x22\x32\x49\x79\xb2\x10\xf8\x37\xeb\
\x8c\x3e\x54\x75\x1b\xdb\xc3\xc0\x3f\x58\x67\x4c\xd2\x74\xe0\x64\
\x82\xf8\xed\xd6\x21\x23\x95\x27\x73\xc8\x93\xef\x01\x9b\x00\xff\
\x82\x86\xd9\xbc\xba\x0b\xf8\x28\xf0\x1a\xf2\xe4\xbb\xe4\xc9\x53\
\xd6\x41\xe2\x8e\xf7\xeb\xd7\xbf\x24\x4f\x9e\xb5\x8e\x90\x21\xcb\
\x93\xc7\x29\xae\x51\x79\xe6\xfd\x6b\x43\x44\x44\xc4\xad\xea\x5d\
\x84\x70\x26\x8b\xd2\x9b\x80\x9d\x29\xb6\xb2\x59\xbd\x88\xbb\x03\
\xd8\x2b\x8b\xd2\x19\x59\x94\x3e\x60\xd4\x50\x79\x9d\xe1\xbf\x2d\
\x80\xef\x50\x1c\xc9\x6a\xe1\x46\x60\x87\x2c\x4a\xff\xbe\xb3\x25\
\x4e\x1a\xaa\xd5\x0e\x37\xa2\xf8\xde\xe2\x99\xf7\xb5\xdd\x32\x79\
\xde\x3f\xb7\x6f\x00\xb6\xb1\x8e\x10\x69\x88\xbf\x00\x5f\xa3\x18\
\xae\xdf\x57\x03\xf6\x22\x22\x22\x22\x43\x73\x32\x70\x9f\x75\x44\
\x89\x37\x03\xef\xb5\x8e\x98\x94\x3c\x39\x0e\xf8\x5f\xeb\x8c\x49\
\x5a\x09\xf8\x0d\x41\xbc\xb9\x75\xc8\xc8\xe5\xc9\x13\xe4\xc9\x97\
\x80\x8d\x80\x8f\x00\xb3\x8c\x8b\xa4\x30\x0b\xf8\x1b\x60\x53\xf2\
\xe4\x87\xda\xbc\x26\x13\x0a\xe2\xb7\x50\xfc\x3d\xe1\x99\xf7\x6b\
\x9c\x32\x79\xde\x3f\xb7\x2d\x82\x78\x13\xeb\x08\x11\x11\x91\x2a\
\xd2\x10\xdb\x10\x64\x51\xba\xa0\xb3\x95\x6d\x73\xe0\x28\x60\x5c\
\x2f\xea\x1e\x00\xfe\x19\x78\x93\xb6\xaf\x0d\x47\x16\xa5\xcf\x64\
\x51\xfa\x19\x8a\xe1\x88\x53\x18\xdf\x30\xdb\x9d\xc0\xa7\x80\xb7\
\x66\x51\x7a\xd9\x98\x3e\xa6\xf8\x76\xb8\x75\x40\x89\xa7\xf0\x7f\
\xb7\x93\x4c\xde\xa5\x14\x77\xdb\x7a\x76\x84\x75\x80\x48\x8d\x3d\
\x0c\xfc\x00\xd8\x1e\x78\x5d\x16\xa5\x5f\xcc\xa2\xf4\xcf\xc6\x4d\
\x22\x22\x22\x22\xf5\x92\x27\x2f\x00\xdf\xb7\xce\xe8\xc3\x97\x2a\
\xb9\x8d\xad\x70\x24\x50\xd5\x9f\x63\xd7\x02\x52\x82\x78\x03\xeb\
\x90\xb1\xc8\x93\x67\xc9\x93\xff\xa6\xb8\xbe\xbe\x3f\x7e\x4e\x3e\
\x69\x9a\xeb\x29\x8e\x87\xdc\x9c\x3c\xf9\x59\xe7\xfb\x94\x48\x37\
\xde\xaf\xcd\xdd\x0f\x5c\x60\x1d\x21\x23\x73\x36\x30\xdb\x3a\xa2\
\x84\xb6\xb1\x89\x88\x88\x4c\x42\x55\x2f\x40\xb8\x94\x45\xe9\xbd\
\x59\x94\x7e\x08\xd8\x10\xf8\x0c\xa3\x1b\x00\xb8\x0c\x38\x0c\x78\
\x75\x16\xa5\x5f\xcd\xa2\xf4\x99\x11\x7d\x9c\xc6\xca\xa2\xf4\xba\
\x2c\x4a\x0f\x06\x5e\x03\x7c\x9d\xe2\xcd\xdc\x51\x38\x0f\xd8\x0f\
\xd8\x24\x8b\xd2\x7f\xcb\xa2\x54\x17\x06\x84\xce\x31\x89\xde\x2f\
\x02\x9c\x92\x45\xa9\xee\xc2\xac\xa9\x2c\x4a\x17\x00\xc7\x5a\x77\
\x94\x98\xd1\x6a\x87\xcb\x59\x47\x88\xd4\xc4\xf3\x14\x17\x76\xbf\
\x02\xec\x06\x6c\x90\x45\xe9\x91\x59\x94\x66\x3a\x32\x54\x44\x44\
\x44\x64\xa4\x8e\x02\xbc\x1f\x73\xb6\x25\x55\x7d\x13\x36\x4f\x9e\
\x01\x0e\x05\xe6\x58\xa7\x4c\xd2\xab\x80\x9f\x5b\x47\x8c\x55\x9e\
\xcc\x27\x4f\x4e\x23\x4f\x76\x04\xb6\x03\x4e\x02\x16\x18\x57\xd5\
\xdd\x3c\x8a\x1b\x55\xf7\x05\xb6\x22\x4f\x4e\x20\x4f\xac\x4e\x29\
\x91\xaa\x08\xe2\xe9\xf8\xbf\x09\xfb\x38\x3d\x97\x6b\x2c\x4f\xe6\
\x50\xfc\x1d\xe1\xd9\x4c\x82\x78\x9a\x75\x84\x88\x88\x48\xd5\xe8\
\xcd\xdf\x11\xc8\xa2\xf4\x31\xe0\x3b\xad\x76\xf8\xef\xc0\x9e\xc0\
\x1e\xc0\x4e\x14\x17\x7d\x26\xf3\x03\xcb\x33\x40\x06\x5c\x02\x9c\
\x91\x45\xe9\xb5\xc3\x6a\x95\xde\xb2\x28\xbd\x1b\xf8\x42\xab\x1d\
\x7e\x95\xe2\x85\xfc\x6e\xc0\x8e\x14\xc7\x8e\x4e\xc6\x53\xc0\xef\
\x81\x8b\x81\xd3\xb2\x28\xbd\x71\x28\xa1\x52\x37\x6f\x61\xf2\xcf\
\xb1\x71\xf1\xbe\xae\x5b\xa6\xee\x18\x20\xb6\x8e\xe8\x61\x5d\x60\
\x77\x20\xb5\x0e\x11\xa9\x98\x17\x28\x8e\x08\x9d\x45\xf1\xf3\xe5\
\xc5\x40\x9e\x45\x69\x55\xdf\xd8\x13\x11\x11\x11\xa9\xae\x3c\x79\
\x8c\x20\xfe\x39\xc5\x31\x8a\x9e\x7d\x83\x20\xfe\x25\x79\xe2\x7d\
\xe0\x6e\x59\x79\xf2\x47\x82\xf8\x93\xc0\x7f\x59\xa7\x4c\xc2\x83\
\xc0\xc7\xac\x23\xcc\xe4\xc9\x95\xc0\xa1\x04\xf1\x86\x14\x83\x94\
\x11\xfe\xaf\x97\x55\x49\x0e\xfc\x02\x38\x81\x3c\x19\xd5\x0d\xdc\
\x52\x5f\x3b\x01\xde\x37\x45\xea\xfa\x75\xfd\x1d\x03\x7c\xc8\x3a\
\xa2\x87\xd7\x03\x01\x70\x95\x75\x88\x88\x88\x48\x95\x68\x88\x6d\
\x84\xb2\x28\x5d\x74\x17\xd3\xaf\x01\x5a\xed\x70\x0d\x60\x07\x8a\
\xa3\x2a\x5f\x0e\xac\x0d\xac\xd3\xf9\xb5\x12\xf0\x18\xf0\x28\xf0\
\x48\xe7\x7f\xef\xa1\xd8\xba\x76\x6d\x16\xa5\x73\xc7\xdd\x2f\x2f\
\xea\xbc\xb1\x7b\x72\xe7\x17\xad\x76\xb8\x36\xf0\x0e\x60\x6b\x8a\
\xcf\xdf\xda\x8b\xfd\xef\xca\x14\x9f\xcb\x47\x78\xf1\x73\x79\x37\
\xc5\x1a\xfc\xeb\x3a\xcf\x0b\x91\x5e\xf6\x00\x6e\xb7\x8e\xe8\xe1\
\x51\xe0\x22\xeb\x08\x19\xad\x2c\x4a\x6f\x6c\xb5\xc3\x94\xe2\xc5\
\xb6\x57\xbb\xa1\x21\xb6\x71\xbb\x93\x62\x20\x5b\xfc\x79\x0e\x78\
\x9a\xe2\xe6\x87\xc5\xff\x77\x36\x70\x1b\x70\x2b\xc5\xe0\xda\xbd\
\x59\x94\xea\x4e\x64\x91\xfe\x3d\x8e\xcf\x9f\xcb\x1e\xb2\x0e\x90\
\x46\x7b\x06\x9f\x5f\x17\x32\x5e\x4f\x5a\x07\xd4\xc8\xf7\xf0\x3f\
\xc4\xb6\x21\xf0\x09\xe0\x1b\xd6\x21\x93\xf4\x23\x8a\x6b\x2d\x07\
\x58\x87\x0c\xe0\x41\x60\x57\xf2\xe4\x26\xeb\x10\x73\x79\x72\x0f\
\xf0\x2d\x82\xf8\xdb\x14\x37\x89\x1f\x41\xb1\x01\x6a\x7d\xd3\xae\
\x6a\xba\x9b\x62\xe8\xa3\xad\xe7\x96\x4c\xd1\x6e\xf8\xfe\x79\xf0\
\x0e\xe0\x3a\xeb\x08\x19\xb9\xdf\x03\x97\x03\xeb\x59\x87\xf4\xb0\
\x07\x1a\x62\xab\xa2\xd9\xf8\xfc\x1e\xa7\xa1\x73\xb1\xf4\x34\x3e\
\xbf\x2e\x64\xbc\xc6\xf2\xfe\xa0\xd6\x98\x8a\x88\x88\x88\x88\x88\
\x88\x88\x88\x88\x58\x09\xe2\x33\x80\x7d\xac\x33\xfe\x3f\x7b\x77\
\x1f\x74\xe9\x5d\xd6\x07\xfc\xbb\xbb\x49\x4c\x42\x42\x5e\x37\xe2\
\x8a\x8a\x03\x54\x50\xda\x82\xdc\x45\x2b\xb3\x23\xa8\x95\xa8\xa5\
\x2a\x0c\xe2\x0b\x2f\xd2\x8a\x5a\x4b\xb1\x76\x94\x72\xfb\x32\xce\
\x38\x76\x6e\x1c\xd4\xda\xda\x22\x16\x5f\x00\x41\x91\x41\xb1\xa2\
\x56\xaa\x82\xd8\x55\xa8\xde\x8a\x58\xcb\x4b\x94\xca\x14\x5d\x4c\
\x36\x09\x49\x48\x48\x42\x92\xdd\xfe\xf1\x6c\x86\x10\x37\xc9\x7d\
\xce\x73\xce\xf9\x9d\xeb\x3e\x9f\xcf\xcc\x33\x09\x61\xb3\xcf\x97\
\x61\x06\xae\x3c\xd7\xf7\x5c\xbf\x07\x70\x73\x92\x47\x64\x1c\xae\
\x6e\x1d\x64\x29\x5d\x7f\x49\x92\x3f\x4d\xf2\xe9\xad\xa3\x4c\xa0\
\xc0\xf6\x40\xf6\x9e\x32\xfc\xa2\xec\x5d\x67\x7b\x5a\xf6\x3e\x54\
\xcc\x99\xdd\x9c\xe4\x0d\xd9\xbb\xba\xf6\xb6\x8c\x83\xe7\x59\x01\
\x00\x80\xad\xa5\xc4\x06\x00\x00\x00\x00\xd0\x4a\xd7\x3f\x39\xc9\
\x5b\x5a\xc7\x98\xe0\x27\x33\x0e\xdf\xda\x3a\xc4\xd2\xba\xfe\x0b\
\x92\xfc\x5e\x92\x43\xad\xa3\xdc\x0f\x05\xb6\x45\x75\xfd\x83\x92\
\x3c\x29\xc9\x53\x4e\x7f\x6d\xf3\x45\xf9\x4d\xf9\xab\xec\xfd\x6f\
\xca\x6f\x25\x79\x53\xc9\xa7\x80\x01\x00\x80\x9d\xa4\xc4\x06\x00\
\x00\x00\x00\xd0\x4a\xd7\x1f\x48\xf2\x27\x49\x1e\xdb\x3a\xca\x03\
\x38\x99\xe4\xef\x67\x1c\xde\xdd\x3a\xc8\xd2\xba\xbe\xcf\xf6\x3e\
\x8b\xaa\xc0\xb6\x0a\x5d\xff\x99\x49\xbe\x34\x7b\x85\xb6\x2f\x4e\
\xf2\xe0\xb6\x81\x36\xe2\x78\xf6\x4a\x6b\x6f\x49\xf2\xd6\x8c\xc3\
\x07\x9a\xa6\x01\x00\x00\x58\x92\x12\x1b\x00\x00\x00\x00\x40\x4b\
\x5d\xff\xec\xec\x3d\xf7\xb7\xed\x7e\x23\xe3\xf0\x15\xad\x43\x2c\
\xad\xeb\x0f\x26\x79\x73\x92\x2f\x69\x1d\xe5\x5e\x14\xd8\xd6\xa1\
\xeb\xcf\x4e\xf2\x79\xd9\x2b\xb3\x75\x49\x3e\x37\xc9\x91\xa6\x99\
\x56\xe3\xda\x24\x6f\xcd\xdd\xa5\xb5\xe4\xaa\x8c\xc3\xa9\xb6\x91\
\x00\x00\x00\xf6\x4f\x89\x0d\x00\x00\x00\x00\xa0\xa5\xae\x3f\x2b\
\xc9\x7b\x93\x3c\xbc\x75\x94\x09\xfe\x49\xc6\xe1\xb7\x5b\x87\x58\
\x5a\xd7\x3f\x24\xc9\xbb\x92\x5c\xd1\x3a\xca\x69\x0a\x6c\x9b\xb4\
\xf7\xdf\xff\xe7\x9e\xfe\x7a\xfc\xe9\x3f\x7e\x7a\xd3\x4c\xf7\xed\
\xb6\x24\x7f\x91\xe4\x7d\xf7\xf8\x7a\x57\x92\x3f\xcf\x38\x9c\x6c\
\x19\x0c\x00\x00\x60\x1d\x94\xd8\x00\x00\x00\x00\x00\x5a\xeb\xfa\
\xe7\x26\x79\x65\xeb\x18\x13\xbc\x2b\xc9\xe3\x33\x0e\x77\xb5\x0e\
\xb2\xb4\xae\x7f\x4a\x92\xdf\x6c\x1d\x23\x0a\x6c\xdb\xa1\xeb\x2f\
\x4f\xf2\x98\x24\x9f\x96\xbd\x42\xdb\x3d\xbf\x3e\x23\xc9\x83\xd6\
\x9c\xe0\xaf\xf3\x89\x45\xb5\xbb\xbf\xfe\x9f\xb2\x1a\x00\x00\xb0\
\x4b\x94\xd8\x00\x00\x00\x00\x00\x5a\xdb\xbb\xc6\xf6\xee\x24\x8f\
\x6c\x1d\x65\x82\x6f\xca\x38\xfc\x74\xeb\x10\xfb\xd2\xf5\x3f\x94\
\xe4\x45\x0d\x13\x28\xb0\x55\xd0\xf5\x07\x92\x5c\x9c\xbd\x42\xdb\
\x91\x24\xe7\xdf\xeb\xeb\xbc\x7b\xfd\xeb\x73\x93\xdc\x9a\xe4\x23\
\x13\xbe\x6e\x4e\x72\x53\xc6\xe1\xb6\xcd\xfd\x07\x02\x00\x00\xd8\
\x5e\x4a\x6c\x00\x00\x00\x00\x00\xdb\xa0\xeb\x9f\x9d\xe4\xd5\xad\
\x63\x4c\x70\x5d\x92\x47\x65\x1c\xae\x6d\x1d\x64\x69\x5d\x7f\x76\
\x92\xff\x99\xe4\xf3\x1a\x7c\xf7\xab\x93\x3c\x29\xe3\xf0\xde\x06\
\xdf\x1b\x00\x00\x00\xb6\xd2\xc1\xd6\x01\x00\x00\x00\x00\x00\x48\
\x92\xfc\x42\x92\xab\x5a\x87\x98\xe0\xb2\x24\x2f\x6d\x1d\x62\x5f\
\xc6\xe1\x8e\x24\x5f\x97\xe4\xc6\x0d\x7f\x67\x05\x36\x00\x00\x00\
\x38\x83\x43\xad\x03\x00\x00\x00\x00\x00\x90\xe4\xf8\xb1\x93\x39\
\x72\xf4\xc3\x49\x9e\xd6\x3a\xca\x04\x8f\xcd\x91\xa3\x6f\xcb\xf1\
\x63\x1f\x68\x1d\x64\x69\xc7\x8f\xdd\x90\x23\x47\xdf\x9b\xe4\x99\
\xd9\xcc\xab\x25\x0a\x6c\x00\x00\x00\x70\x1f\x5c\x62\x03\x00\x00\
\x00\x00\xd8\x1e\xaf\x4b\x52\xa5\xe4\xf4\x93\xe9\xfa\x4f\x6a\x1d\
\x62\x5f\xc6\xe1\x57\x92\xbc\x60\x03\xdf\x49\x81\x0d\x00\x00\x00\
\xee\x87\x4b\x6c\x00\x00\x00\x00\x00\xdb\xe2\xf8\xb1\x53\x39\x72\
\xf4\xfa\x24\x4f\x6f\x1d\x65\x82\xcb\x92\xdc\x99\xe3\xc7\xde\xd6\
\x3a\xc8\xbe\x1c\x3f\xf6\x47\x39\x72\xf4\x50\x92\x2f\x5c\xd3\x77\
\x50\x60\x03\x00\x00\x80\x07\xe0\x12\x1b\x00\x00\x00\x00\xc0\x76\
\x79\x7d\x92\xf7\xb4\x0e\x31\xd1\x77\xa7\xeb\x3f\xab\x75\x88\x15\
\xf8\xfe\x24\xaf\x58\xc3\xef\xab\xc0\x06\x00\x00\x00\x13\xb8\xc4\
\x06\x00\x00\x00\x00\xb0\x4d\xf6\xae\xb1\x9d\x48\xf2\x8c\xd6\x51\
\x26\x38\x94\xe4\x31\x39\x72\xf4\xd5\x39\x7e\xac\x75\x96\xe5\x1d\
\x3f\x96\x1c\x39\xfa\xdf\x93\x3c\x36\xc9\xaa\x4a\x79\x0a\x6c\x00\
\x00\x00\x30\x91\x4b\x6c\x00\x00\x00\x00\x00\xdb\xe7\x0d\x49\xfe\
\xbc\x75\x88\x89\x9e\x94\xe4\x39\xad\x43\xec\xdb\x38\xdc\x99\xe4\
\x6b\x93\xfc\xfe\x0a\x7e\x37\x05\x36\x00\x00\x00\x58\xc0\x81\xd6\
\x01\x00\x00\x00\x00\x00\x38\x83\xae\xff\xea\x24\xbf\xdc\x3a\xc6\
\x44\xd7\x25\x79\x54\xc6\xe1\xda\xd6\x41\xf6\xad\xeb\x2f\x4d\xf2\
\x7b\x49\x3e\x67\xc9\xdf\xe1\x6f\x93\x3c\x59\x81\x0d\x00\x00\x00\
\xa6\x73\x89\x0d\x00\x00\x00\x00\x60\x3b\xfd\x4a\x92\xb7\xb5\x0e\
\x31\xd1\x65\x49\x7e\xac\x75\x88\x95\x18\x87\xeb\x93\x5c\x99\xe4\
\x83\x4b\xfc\xdd\x0a\x6c\x00\x00\x00\xb0\x04\x97\xd8\x00\x00\x00\
\x00\x00\xb6\x55\xd7\x7f\x6e\x92\x31\x75\x7e\x96\xfb\xcc\x8c\xc3\
\xeb\x5b\x87\x58\x89\xae\x7f\x74\xf6\x9e\x16\xbd\x64\xe2\xdf\xa1\
\xc0\x06\x00\x00\x00\x4b\x72\x89\x0d\x00\x00\x00\x00\x60\x5b\x8d\
\xc3\x9f\x24\x79\x55\xeb\x18\x0b\x78\x79\xba\xfe\x53\x5b\x87\x58\
\x89\x71\x78\x4f\x92\xaf\x48\x72\xeb\x84\x5f\xad\xc0\x06\x00\x00\
\x00\xfb\xa0\xc4\x06\x00\x00\x00\x00\xb0\xdd\xbe\x27\xc9\x2d\xad\
\x43\x4c\x74\x49\x92\x9f\x49\xd7\x57\xb9\x1c\x77\xff\xc6\xe1\xed\
\x49\xbe\x26\xc9\x5d\xf7\xf3\xab\x14\xd8\x00\x00\x00\x60\x9f\x0e\
\xb5\x0e\x00\x00\x00\x00\x00\xc0\xfd\x38\x7e\xec\x23\x39\x72\xf4\
\x60\x92\x2f\x6a\x1d\x65\xa2\x87\x27\x39\x91\xe3\xc7\xfe\xa8\x75\
\x90\x95\x38\x7e\xec\xaa\x1c\x39\xfa\xc1\x24\x5f\x79\x86\x7f\x57\
\x81\x0d\x00\x00\x00\x56\xc0\x25\x36\x00\x00\x00\x00\x80\xed\xf7\
\x23\x49\x3e\xd8\x3a\xc4\x02\x7e\x38\x5d\xff\xa8\xd6\x21\x56\x66\
\x1c\x7e\x36\x7b\x17\xf1\xee\x49\x81\x0d\x00\x00\x00\x56\x44\x89\
\x0d\x00\x00\x00\x00\x60\xdb\x8d\xc3\xad\x49\x5e\xdc\x3a\xc6\x02\
\xce\x4d\xf2\x9a\x74\xfd\xd9\xad\x83\xac\xd0\x90\xe4\xc7\x4f\xff\
\xb9\x02\x1b\x00\x00\x00\xac\x90\xe7\x44\x01\x00\x00\x00\x00\x2a\
\x38\x72\xf4\xcf\x93\x5c\x99\xe4\xa1\xad\xa3\x4c\x74\x24\x49\x72\
\xfc\xd8\x5b\x1b\xe7\x58\x8d\xe3\xc7\x92\x23\x47\xdf\x9c\xe4\xb2\
\x24\xff\x4a\x81\x0d\x00\x00\x00\x56\xe7\x40\xeb\x00\x00\x00\x00\
\x00\x00\x4c\xd4\xf5\xff\x38\xc9\x1f\xb4\x8e\xb1\x80\x93\x49\x9e\
\x98\x71\x78\x47\xeb\x20\x00\x00\x00\xc0\xf6\xf2\x9c\x28\x00\x00\
\x00\x00\x40\x15\xe3\xf0\xf6\x24\xaf\x6b\x1d\x63\x01\x07\xb3\xf7\
\xac\xe8\x05\xad\x83\x00\x00\x00\x00\xdb\x4b\x89\x0d\x00\x00\x00\
\x00\xa0\x96\x17\x27\xb9\xad\x75\x88\x05\x3c\x3c\xc9\x2b\xd2\xf5\
\x5e\x06\x01\x00\x00\x00\xce\xe8\x50\xeb\x00\x00\x00\x00\x00\x00\
\x2c\xe0\xf8\xb1\x1b\x73\xe4\xe8\x9d\x49\xbe\xa4\x75\x94\x05\x3c\
\x26\xc9\xf5\x39\x7e\xec\x7f\xb5\x0e\x02\x00\x00\x00\x6c\x1f\x97\
\xd8\x00\x00\x00\x00\x00\xea\xf9\xd1\x24\x7f\xd6\x3a\xc4\x82\x7e\
\x24\x5d\xff\x05\xad\x43\x00\x00\x00\x00\xdb\xc7\xf9\x76\x00\x00\
\x00\x00\x80\x8a\xba\xfe\x09\x49\xde\x91\x5a\x3f\xe7\x3d\x9e\xe4\
\x71\x19\x87\x6b\x5a\x07\x01\x00\x00\x00\xb6\x87\xe7\x44\x01\x00\
\x00\x00\x00\x2a\x3a\x7e\xec\x6f\x72\xe4\xe8\x25\x49\x3e\xbf\x75\
\x94\x05\x5c\x98\xa4\xcb\x91\xa3\xaf\xcd\xf1\x63\x27\x5b\x87\x01\
\x00\x00\x00\xb6\x83\xe7\x44\x01\x00\x00\x00\x00\xea\xfa\xbe\x24\
\x1f\x6c\x1d\x62\x41\x4f\x4e\xf2\x03\xad\x43\x00\x00\x00\x00\xdb\
\xc3\x25\x36\x00\x00\x00\x00\x80\xaa\x8e\x1f\xfb\x58\x8e\x1c\xfd\
\x8b\x24\x5f\xdf\x3a\xca\x82\x8e\xe6\xc8\xd1\x77\xe6\xf8\xb1\xf7\
\xb5\x0e\x02\x00\x00\x00\xb4\x77\xa0\x75\x00\x00\x00\x00\x00\x00\
\xf6\xa9\xeb\x7f\x31\xc9\xd7\xb4\x8e\xb1\xa0\x1b\x93\x3c\x3e\xe3\
\xf0\xfe\xd6\x41\x00\x00\x00\x80\xb6\x3c\x27\x0a\x00\x00\x00\x00\
\x50\xdf\xb7\x67\xaf\x14\x56\xc9\x45\x49\x7e\x29\x5d\x7f\x7e\xeb\
\x20\x00\x00\x00\x40\x5b\x9e\x13\x05\x00\x00\x00\x00\xa8\xee\xf8\
\xb1\x9b\x73\xe4\xe8\x75\x49\x9e\xda\x3a\xca\x82\x1e\x92\xe4\x91\
\x39\x72\xf4\x97\x73\xfc\xd8\xa9\xd6\x61\x00\x00\x00\x80\x36\x5c\
\x62\x03\x00\x00\x00\x00\x98\x87\x9f\x4e\xf2\x7b\xad\x43\x2c\xe1\
\x6b\x92\xfc\x60\xeb\x10\x00\x00\x00\x40\x3b\x07\x5a\x07\x00\x00\
\x00\xa0\x88\xae\xff\x37\x49\x2e\x6d\x1d\x63\x82\x77\x67\x1c\x5e\
\xd7\x3a\x04\x00\x34\xd1\xf5\x8f\x4a\xf2\xae\x24\xe7\xb4\x8e\xb2\
\x84\x6f\xca\x38\xfc\x74\xeb\x10\x4d\x75\xfd\x23\x92\x3c\xa7\x75\
\x8c\x89\x5e\x95\x71\x78\x7f\xeb\x10\x00\x00\x00\xcc\xc3\x59\xad\
\x03\x00\x00\x00\x50\xc6\x73\x92\x3c\xae\x75\x88\x09\xde\x9a\x44\
\x89\x0d\x80\xdd\x34\x0e\xef\x4d\xd7\xf7\x49\x7e\xa4\x75\x94\x25\
\xbc\x3c\x5d\xff\x81\x8c\xc3\xef\xb4\x0e\xd2\x50\x97\xe4\xfb\x5a\
\x87\x98\xe8\x57\x5b\x07\x00\x00\x00\x60\x3e\x3c\x27\x0a\x00\x00\
\xc0\x54\x27\x5a\x07\x98\xe8\x8a\xd6\x01\x00\xa0\xb1\x1f\x4b\xf2\
\xdb\xad\x43\x2c\xe1\xac\x24\xbf\x94\xae\xff\xec\xd6\x41\x1a\xaa\
\x34\xc7\x54\x99\x0d\x01\x00\x00\x28\x40\x89\x0d\x00\x00\x80\xa9\
\xae\x69\x1d\x60\xa2\x4a\xcb\x5f\x00\x58\xbd\x71\x38\x99\xe4\x1b\
\x93\x7c\xb8\x71\x92\x65\x5c\x94\xe4\xd7\xd3\xf5\x9f\xdc\x3a\x48\
\x23\x95\xe6\x98\x2a\xb3\x21\x00\x00\x00\x05\x28\xb1\x01\x00\x00\
\x30\x55\x95\x45\xe5\x65\xe9\x7a\xff\xbc\x0b\xc0\x6e\x1b\x87\xbf\
\x49\xf2\xcd\xad\x63\x2c\xe9\x61\x49\x7e\x35\x5d\x7f\x7e\xeb\x20\
\x0d\x1c\x6e\x1d\x60\xa2\x9b\x33\x0e\xb7\xb6\x0e\x01\x00\x00\xc0\
\x7c\xf8\xa1\x3e\x00\x00\x00\x53\x55\x79\x32\xea\x60\x92\xcb\x5a\
\x87\x00\x80\xe6\xc6\xe1\x0d\x49\x5e\xd9\x3a\xc6\x92\x9e\x90\xe4\
\xd5\x3b\x58\x4c\xaf\x72\x89\xad\xca\x5c\x08\x00\x00\x40\x11\xbb\
\xf6\x03\x00\x00\x00\x00\x96\x57\xe5\x12\x5b\x52\x67\x01\x0c\x00\
\xeb\xf6\xed\x49\xfe\xaa\x75\x88\x25\x3d\x3d\xc9\x4b\x5a\x87\xd8\
\xb0\x2a\x33\x4c\xa5\xb9\x10\x00\x00\x80\x02\x94\xd8\x00\x00\x00\
\x98\xaa\xd2\xb2\xb2\xca\x02\x18\x00\xd6\x6b\x1c\x6e\x4a\xf2\xac\
\x24\x27\x5b\x47\x59\xd2\x77\xa5\xeb\xbf\xb3\x75\x88\x0d\xaa\xf2\
\x9c\x68\xa5\xb9\x10\x00\x00\x80\x02\x94\xd8\x00\x00\x00\x98\xaa\
\xd2\xb2\xb2\xca\x02\x18\x00\xd6\x6f\x1c\xfe\x20\xc9\x0f\xb6\x8e\
\xb1\x0f\x2f\x4d\xd7\x7f\x6b\xeb\x10\x1b\x52\xa5\x88\x5f\x69\x2e\
\x04\x00\x00\xa0\x00\x25\x36\x00\x00\x00\xa6\x3a\xd1\x3a\xc0\x02\
\xaa\x2c\x80\x01\x60\x53\x7e\x30\xc9\x1f\xb6\x0e\xb1\x0f\x2f\x4b\
\xd7\x3f\xab\x75\x88\xb5\xea\xfa\x73\x92\x5c\xd4\x3a\xc6\x44\x95\
\xe6\x42\x00\x00\x00\x0a\x50\x62\x03\x00\x00\x60\xaa\x4a\x17\x37\
\x94\xd8\x00\xe0\x9e\xc6\xe1\x8e\x24\xdf\x90\xe4\x96\xd6\x51\x96\
\x74\x20\xc9\x2b\xd3\xf5\x4f\x6b\x1d\x64\x8d\x2a\xcd\x2f\x95\xe6\
\x42\x00\x00\x00\x0a\x50\x62\x03\x00\x00\x60\x9a\x71\xb8\x25\xc9\
\x47\x5b\xc7\x98\xc8\x73\xa2\x00\x70\x6f\xe3\xf0\x97\x49\x5e\xd8\
\x3a\xc6\x3e\x1c\x4a\xf2\xba\x74\xfd\x95\xad\x83\xac\x49\xa5\xf9\
\x45\x89\x0d\x00\x00\x80\x95\x52\x62\x03\x00\x00\x60\x11\x55\x9e\
\x8e\xaa\x74\xc9\x04\x00\x36\xe9\x67\x93\xfc\x4c\xeb\x10\xfb\x70\
\x76\x92\x37\xa6\xeb\xbf\xb0\x75\x90\x35\xa8\x34\xbf\x28\xb1\x01\
\x00\x00\xb0\x52\x4a\x6c\x00\x00\x00\x2c\xa2\xca\xc2\xb2\xd2\x12\
\x18\x00\x36\x67\x1c\x4e\x25\x79\x41\x92\x3f\x69\x1d\x65\x1f\xce\
\x4d\xf2\x6b\xe9\xfa\x27\xb4\x0e\xb2\x62\x95\xe6\x97\x2a\x1f\x6c\
\x00\x00\x00\xa0\x08\x25\x36\x00\x00\x00\x16\xa1\xc4\x06\x00\xd5\
\x8d\xc3\xad\x49\x9e\x9e\xe4\xfa\xd6\x51\xf6\xe1\x82\x24\xbf\x99\
\xae\xff\x07\xad\x83\xac\x90\xe7\x44\x01\x00\x00\xd8\x59\x4a\x6c\
\x00\x00\x00\x2c\xa2\xca\xc2\xb2\xd2\x12\x18\x00\x36\x6f\x1c\x3e\
\x90\xe4\x1b\x92\x9c\x6a\x1b\x64\x5f\x2e\x49\xf2\xaa\x74\xfd\x81\
\xd6\x41\x56\xa4\x4a\x09\xff\x54\x5c\x62\x03\x00\x00\x60\xc5\x94\
\xd8\x00\x00\x00\x58\x44\x95\x85\xe5\xc5\xe9\xfa\xb3\x5b\x87\x00\
\x80\xad\x36\x0e\xbf\x99\xe4\xfb\x5b\xc7\xd8\x87\x0f\x25\xf9\xda\
\xd3\x4f\xa4\xce\x41\x95\x12\xdb\x0d\x19\x87\x3b\x5a\x87\x00\x00\
\x00\x60\x5e\x94\xd8\x00\x00\x00\x58\x44\x95\x4b\x6c\x07\xe2\x1a\
\x1b\x00\x4c\xf1\xef\x93\xfc\x7a\xeb\x10\x4b\xf8\x50\x92\x27\x67\
\x1c\xde\xd7\x3a\xc8\x0a\x55\x29\xb1\x55\xf9\x50\x03\x00\x00\x00\
\x85\x28\xb1\x01\x00\x00\xb0\x88\x2a\x25\xb6\xa4\xce\x22\x18\x00\
\xda\x19\x87\x93\x49\x9e\x9d\xe4\xff\xb6\x8e\xb2\x80\x39\x16\xd8\
\x92\x3a\x05\xfc\x4a\xf3\x20\x00\x00\x00\x45\x28\xb1\x01\x00\x00\
\xb0\x88\x4a\x4b\xcb\x2a\x8b\x60\x00\x68\x6b\x1c\x3e\x9c\xe4\x69\
\x49\x6e\x6b\x1d\x65\x82\xb9\x16\xd8\x92\x3a\x05\xfc\x4a\xf3\x20\
\x00\x00\x00\x45\x28\xb1\x01\x00\x00\xb0\x88\x4a\xcf\x47\x55\x59\
\x04\x03\x40\x7b\xe3\xf0\xae\x24\xdf\xd2\x3a\xc6\x03\x98\x73\x81\
\x2d\xa9\x33\xbb\x28\xb1\x01\x00\x00\xb0\x72\x4a\x6c\x00\x00\x00\
\x2c\xa2\xd2\xd2\xb2\xca\x22\x18\x00\xb6\xc3\x38\xbc\x3a\xc9\xcb\
\x5a\xc7\xb8\x0f\xf3\x2e\xb0\x75\xfd\xf9\x49\xce\x6f\x1d\x63\xa2\
\x4a\x1f\x6a\x00\x00\x00\xa0\x08\x25\x36\x00\x00\x00\x16\x51\xa9\
\xc4\xe6\x39\x51\x00\x58\xdc\x77\x24\x79\x6b\xeb\x10\xf7\x32\xef\
\x02\xdb\x9e\x4a\xe5\xfb\x4a\xf3\x20\x00\x00\x00\x45\x28\xb1\x01\
\x00\x00\x30\xdd\x38\x7c\x2c\xc9\x4d\xad\x63\x4c\x54\x69\x19\x0c\
\x00\xdb\x61\xef\xff\xeb\x9f\x9e\xe4\x3d\xad\xa3\x9c\xb6\x0b\x05\
\xb6\xa4\xd6\xdc\xa2\xc4\x06\x00\x00\xc0\xca\x29\xb1\x01\x00\x00\
\xb0\xa8\x2a\x8b\xcb\x4a\xcb\x60\x00\xd8\x1e\xe3\xf0\xe1\x24\x5f\
\x9e\xf6\xff\x9f\xbf\x2b\x05\xb6\xa4\xd6\xdc\xe2\x39\x51\x00\x00\
\x00\x56\x4e\x89\x0d\x00\x00\x80\x45\xb5\x5e\x68\x4f\x55\x69\x19\
\x0c\x00\xdb\x65\x1c\x3e\x90\xe4\xa9\x49\x6e\x6d\x94\x60\x97\x0a\
\x6c\x49\xad\x67\xd0\xab\xcc\x82\x00\x00\x00\x14\xa2\xc4\x06\x00\
\x00\xc0\xa2\xaa\x2c\x2e\x2b\x2d\x83\x01\x60\xfb\x8c\xc3\x1f\x26\
\xf9\x86\x24\xa7\x36\xfc\x9d\x77\xad\xc0\x96\xd4\x2a\xdf\x57\x99\
\x05\x01\x00\x00\x28\x44\x89\x0d\x00\x00\x80\x45\x55\x79\x42\xaa\
\xd2\x32\x18\x00\xb6\xd3\x38\xbc\x31\xc9\x77\x6e\xf0\x3b\xee\x62\
\x81\x2d\xa9\x33\xb7\x9c\x4c\x72\x5d\xeb\x10\x00\x00\x00\xcc\x8f\
\x12\x1b\x00\x00\x00\x8b\xaa\x72\x7d\xe3\x82\x74\xfd\x79\xad\x43\
\x00\xc0\x0c\xfc\x87\x24\x2f\xdb\xc0\xf7\xd9\xd5\x02\x5b\x52\xe7\
\x82\xec\x75\x19\x87\x93\xad\x43\x00\x00\x00\x30\x3f\x4a\x6c\x00\
\x00\x00\x2c\xaa\x4a\x89\x2d\xa9\xb3\x10\x06\x80\xed\x35\x0e\xa7\
\x92\x7c\x7b\x92\xdf\x58\xe3\x77\xf9\x50\x92\x27\xed\x68\x81\x2d\
\xa9\x73\x89\xad\xd2\x1c\x08\x00\x00\x40\x21\x4a\x6c\x00\x00\x00\
\x2c\xaa\xca\x73\xa2\x49\x9d\x85\x30\x00\x6c\xb7\x71\xb8\x33\xc9\
\x33\x93\xbc\x73\x0d\xbf\xfb\xdd\x05\xb6\xab\xd6\xf0\x7b\x57\x51\
\x65\x66\x51\x62\x03\x00\x00\x60\x2d\x94\xd8\x00\x00\x00\x58\x54\
\xa5\xe5\x65\x95\x85\x30\x00\x6c\xbf\x71\xb8\x39\xc9\x3f\x4d\xf2\
\xd7\x2b\xfc\x5d\x15\xd8\xf6\x54\x99\x59\x2a\xcd\x81\x00\x00\x00\
\x14\xa2\xc4\x06\x00\x00\xc0\xa2\x2a\x2d\x2f\xab\x2c\x84\x01\xa0\
\x86\x71\x38\x9e\xe4\xca\x24\xd7\xad\xe0\x77\x53\x60\xfb\xb8\x2a\
\x4f\xa0\x57\xba\xc8\x0b\x00\x00\x40\x21\x4a\x6c\x00\x00\x00\x2c\
\xaa\x52\x89\xad\xca\x42\x18\x00\xea\x18\x87\xff\x93\xe4\x29\x49\
\x6e\xda\xc7\xef\xa2\xc0\x76\xb7\xae\xbf\x28\xc9\x39\xad\x63\x4c\
\x54\x69\x0e\x04\x00\x00\xa0\x10\x25\x36\x00\x00\x00\x16\x75\x6d\
\x92\x53\xad\x43\x4c\xe4\x12\x1b\x00\xac\xc3\x38\xfc\x71\x92\x2f\
\x4f\xf2\xd1\x25\xfe\x6e\x05\xb6\x4f\x54\x69\x5e\x51\x62\x03\x00\
\x00\x60\x2d\x94\xd8\x00\x00\x00\x58\xcc\x38\xdc\x95\xe4\xfa\xd6\
\x31\x26\xaa\xb4\x14\x06\x80\x5a\xc6\xe1\xf7\x93\xfc\xb3\x24\xb7\
\x2f\xf0\x77\x29\xb0\xfd\x5d\x95\x2e\xc7\x2a\xb1\x01\x00\x00\xb0\
\x16\x4a\x6c\x00\x00\x00\x2c\xa3\xca\x02\x53\x89\x0d\x00\xd6\x69\
\x1c\x7e\x27\xc9\x33\x92\xdc\x39\xe1\x57\x2b\xb0\x9d\x59\xa5\x79\
\xe5\x44\xeb\x00\x00\x00\x00\xcc\x93\x12\x1b\x00\x00\x00\xcb\xa8\
\x52\x62\xab\x74\xd9\x04\x00\x6a\x1a\x87\x37\x25\x79\x56\x92\x93\
\xf7\xf3\xab\x14\xd8\xee\x5b\xa5\x12\x5b\x95\x19\x10\x00\x00\x80\
\x62\x94\xd8\x00\x00\x00\x58\x46\x95\x2b\x1c\x95\x96\xc2\x00\x50\
\xd7\x38\xfc\x62\x92\xe7\xdf\xc7\xbf\xab\xc0\x76\xff\x2a\x95\xee\
\x95\xd8\x00\x00\x00\x58\x0b\x25\x36\x00\x00\x00\x96\x51\x65\x81\
\x59\x69\x29\x0c\x00\xb5\x8d\xc3\xcf\x24\x79\xe1\xbd\xfe\xaa\x02\
\xdb\x03\xab\x52\xba\xbf\x23\xe3\x70\x43\xeb\x10\x00\x00\x00\xcc\
\x93\x12\x1b\x00\x00\x00\xcb\xa8\x52\x62\x3b\x37\x5d\x7f\x61\xeb\
\x10\x00\xb0\x33\xc6\xe1\xc7\x93\xf4\xa7\xff\x95\x02\xdb\x34\x55\
\x4a\x6c\x55\x2e\xf1\x02\x00\x00\x50\x90\x12\x1b\x00\x00\x00\xcb\
\xa8\xb4\xc4\xac\xb2\x18\x06\x80\x79\x18\x87\x97\x24\x79\x51\x14\
\xd8\xa6\xaa\x32\xab\x54\xf9\x10\x03\x00\x00\x00\x05\x9d\xd5\x3a\
\x00\x00\x00\x00\x25\x55\x5a\x62\x5e\x91\xe4\xfd\xad\x43\x00\xc0\
\x4e\x19\x87\x97\xb6\x8e\x50\x48\x95\xe7\xcf\x2b\xcd\x7f\x00\x00\
\x00\x14\xe3\x12\x1b\x00\x00\x00\xcb\xa8\xb4\xc4\xac\x72\xdd\x04\
\x00\xd8\x4d\x55\x66\x95\x4a\x97\x78\x01\x00\x00\x28\x46\x89\x0d\
\x00\x00\x80\x65\x54\x2a\xb1\x55\xb9\x6e\x02\x00\xec\x9a\xae\x3f\
\x90\xe4\xf2\xd6\x31\x26\xaa\x34\xff\x01\x00\x00\x50\x8c\x12\x1b\
\x00\x00\x00\xcb\xa8\x74\x89\xa3\xca\x75\x13\x00\x60\xf7\x5c\x9a\
\xe4\x50\xeb\x10\x13\x29\xb1\x01\x00\x00\xb0\x36\x4a\x6c\x00\x00\
\x00\x2c\xe3\xfa\x24\x77\xb6\x0e\x31\x91\x12\x1b\x00\xb0\xad\x2a\
\xcd\x29\x4a\x6c\x00\x00\x00\xac\x8d\x12\x1b\x00\x00\x00\x8b\x1b\
\x87\x53\x49\xae\x6d\x1d\x63\x22\xcf\x89\x02\x00\xdb\xaa\x52\x89\
\xad\xd2\x25\x5e\x00\x00\x00\x8a\x51\x62\x03\x00\x00\x60\x59\x55\
\x16\x99\x95\x96\xc3\x00\xc0\x6e\xa9\x34\xa7\xb8\xc4\x06\x00\x00\
\xc0\xda\x28\xb1\x01\x00\x00\xb0\xac\x2a\x8b\xcc\x4a\xcb\x61\x00\
\x60\xb7\x54\xba\x18\x5b\x65\xf6\x03\x00\x00\xa0\x20\x25\x36\x00\
\x00\x00\x96\x55\x65\x91\xa9\xc4\x06\x00\x6c\xab\x4a\x73\x4a\x95\
\xd9\x0f\x00\x00\x80\x82\x94\xd8\x00\x00\x00\x58\x56\x95\x45\xe6\
\xe5\xe9\xfa\x03\xad\x43\x00\x00\x9c\x41\x95\x12\xdb\x47\x33\x0e\
\xb7\xb4\x0e\x01\x00\x00\xc0\x7c\x29\xb1\x01\x00\x00\xb0\xac\x13\
\xad\x03\x4c\x74\x56\x92\x4b\x5a\x87\x00\x00\x38\x83\x2a\xcf\x89\
\x56\x99\xfb\x00\x00\x00\x28\x4a\x89\x0d\x00\x00\x80\x65\x55\xb9\
\xc4\x96\xd4\xb9\x72\x02\x00\xec\x96\x2a\x33\x4a\xa5\xb9\x0f\x00\
\x00\x80\x82\x94\xd8\x00\x00\x00\x58\x56\xa5\x65\x66\x95\x05\x31\
\x00\xb0\x5b\xaa\xcc\x28\x95\xe6\x3e\x00\x00\x00\x0a\x52\x62\x03\
\x00\x00\x60\x59\x95\x96\x99\x55\x9e\xea\x02\x00\x76\x4b\x95\x12\
\x9b\xe7\x44\x01\x00\x00\x58\x2b\x25\x36\x00\x00\x00\x96\x55\x69\
\x99\x59\x65\x41\x0c\x00\xec\x8a\xae\x3f\x2b\xc9\x25\xad\x63\x4c\
\x54\xe9\xc3\x0b\x00\x00\x00\x14\xa4\xc4\x06\x00\x00\xc0\xb2\x2a\
\x2d\x33\x95\xd8\x00\x80\x6d\x73\x79\x92\x03\xad\x43\x4c\x54\x69\
\xee\x03\x00\x00\xa0\x20\x25\x36\x00\x00\x00\x96\x33\x0e\x37\x25\
\xb9\xbd\x75\x8c\x89\x3c\x27\x0a\x00\x6c\x9b\x4a\x25\xfb\x4a\x17\
\x78\x01\x00\x00\x28\x48\x89\x0d\x00\x00\x80\xfd\xa8\xb2\xd0\xac\
\xb4\x24\x06\x00\x76\x43\xa5\x92\xbd\x4b\x6c\x00\x00\x00\xac\x95\
\x12\x1b\x00\x00\x00\xfb\x51\x65\xa1\xa9\xc4\x06\x00\x6c\x9b\x4a\
\xf3\x49\x95\x99\x0f\x00\x00\x80\xa2\x94\xd8\x00\x00\x00\xd8\x8f\
\x2a\x0b\xcd\x4a\x4b\x62\x00\x60\x37\x54\x9a\x4f\xaa\xcc\x7c\x00\
\x00\x00\x14\xa5\xc4\x06\x00\x00\xc0\x7e\x54\x59\x68\x56\x7a\xae\
\x0b\x00\xd8\x0d\x95\x4a\x6c\x55\x9e\x90\x07\x00\x00\xa0\x28\x25\
\x36\x00\x00\x00\xf6\xa3\xca\x42\xf3\xd2\x74\xfd\xa1\xd6\x21\x00\
\x00\xee\xa1\x4a\xc9\xfe\xa6\x8c\xc3\xed\xad\x43\x00\x00\x00\x30\
\x6f\x4a\x6c\x00\x00\x00\xec\x47\x95\x4b\x6c\x07\x93\x5c\xde\x3a\
\x04\x00\xc0\x3d\x54\xb9\xc4\x56\x65\xde\x03\x00\x00\xa0\x30\x25\
\x36\x00\x00\x00\xf6\xa3\xd2\x52\xb3\xca\xb5\x13\x00\x60\x37\x28\
\xb1\x01\x00\x00\xc0\x69\x4a\x6c\x00\x00\x00\xec\x47\x95\xe7\x44\
\x93\x3a\x8b\x62\x00\x60\x37\x54\x29\xd8\x57\x9a\xf7\x00\x00\x00\
\x28\x4a\x89\x0d\x00\x00\x80\xfd\xa8\x74\x99\x43\x89\x0d\x00\xd8\
\x26\x55\x66\x93\x4a\xf3\x1e\x00\x00\x00\x45\x29\xb1\x01\x00\x00\
\xb0\x1f\x95\x96\x9a\x55\x16\xc5\x00\xc0\xdc\x75\xfd\x27\x25\x79\
\x70\xeb\x18\x13\x55\x9a\xf7\x00\x00\x00\x28\x4a\x89\x0d\x00\x00\
\x80\xfd\xa8\xb4\xd4\xac\xf2\x64\x17\x00\x30\x7f\x95\xe6\x92\x4a\
\xf3\x1e\x00\x00\x00\x45\x29\xb1\x01\x00\x00\xb0\xbc\x71\xb8\x35\
\xc9\x2d\xad\x63\x4c\xe4\x12\x1b\x00\xb0\x2d\x2a\xcd\x25\x27\x5a\
\x07\x00\x00\x00\x60\xfe\x94\xd8\x00\x00\x00\xd8\xaf\x2a\xd7\x39\
\x2a\x2d\x8b\x01\x80\x79\xab\x34\x97\x54\x99\xf5\x00\x00\x00\x28\
\x4c\x89\x0d\x00\x00\x80\xfd\xaa\xb2\xd8\xac\xb4\x2c\x06\x00\xe6\
\xad\xd2\x5c\x52\x65\xd6\x03\x00\x00\xa0\x30\x25\x36\x00\x00\x00\
\xf6\xab\xca\x62\xf3\x70\xeb\x00\x00\x00\xa7\x55\x9a\x4b\x3c\x27\
\x0a\x00\x00\xc0\xda\x29\xb1\x01\x00\x00\xb0\x5f\x55\x16\x9b\x95\
\x2e\x9e\x00\x00\xf3\x56\x65\x2e\x39\x95\x3a\xb3\x1e\x00\x00\x00\
\x85\x29\xb1\x01\x00\x00\xb0\x5f\x55\x2e\xb1\x5d\x94\xae\x3f\xa7\
\x75\x08\x00\x80\xd4\x29\xb1\x5d\x9f\x71\xb8\xab\x75\x08\x00\x00\
\x00\xe6\x4f\x89\x0d\x00\x00\x80\xfd\xaa\x52\x62\x4b\x6a\x3d\xdd\
\x05\x00\xcc\x57\x95\x99\xa4\xd2\x9c\x07\x00\x00\x40\x61\x4a\x6c\
\x00\x00\x00\xec\x57\xa5\x27\xa6\xaa\x5c\x3d\x01\x00\xe6\xad\xca\
\x4c\x52\x69\xce\x03\x00\x00\xa0\x30\x25\x36\x00\x00\x00\xf6\xab\
\xd2\x85\x8e\x2a\x0b\x63\x00\x60\xde\xaa\xcc\x24\x95\xe6\x3c\x00\
\x00\x00\x0a\x53\x62\x03\x00\x00\x60\xbf\x2a\x2d\x37\xab\x2c\x8c\
\x01\x80\x79\xf3\x9c\x28\x00\x00\x00\xdc\x83\x12\x1b\x00\x00\x00\
\xfb\x55\x69\xb9\x59\x65\x61\x0c\x00\xcc\x55\xd7\x3f\x28\xc9\xf9\
\xad\x63\x4c\x54\x69\xce\x03\x00\x00\xa0\x30\x25\x36\x00\x00\x00\
\xf6\xeb\x44\xeb\x00\x0b\x70\x89\x0d\x00\x68\xad\xd2\x3c\x52\x69\
\xce\x03\x00\x00\xa0\x30\x25\x36\x00\x00\x00\xf6\x67\x1c\xee\x48\
\x72\x43\xeb\x18\x13\x55\x5a\x1a\x03\x00\xf3\x54\x69\x1e\x71\x89\
\x0d\x00\x00\x80\x8d\x50\x62\x03\x00\x00\x60\x15\xaa\x2c\x38\x3d\
\x27\x0a\x00\xb4\x56\x69\x1e\xa9\x32\xe3\x01\x00\x00\x50\x9c\x12\
\x1b\x00\x00\x00\xab\x50\xe5\xa9\xa9\x4a\x97\x4f\x00\x80\x79\xaa\
\x34\x8f\x28\xb1\x01\x00\x00\xb0\x11\x4a\x6c\x00\x00\x00\xac\x42\
\x95\x05\x67\xa5\xa5\x31\x00\x30\x4f\x95\xe6\x91\x2a\x1f\x54\x00\
\x00\x00\xa0\x38\x25\x36\x00\x00\x00\x56\x41\x89\x0d\x00\x60\x9a\
\x2a\xf3\xc8\x9d\x49\xae\x6f\x1d\x02\x00\x00\x80\xdd\xa0\xc4\x06\
\x00\x00\xc0\x2a\x54\x29\xb1\x9d\x9f\xae\x3f\xbf\x75\x08\x00\x60\
\xa7\x1d\x6e\x1d\x60\xa2\x6b\x33\x0e\xa7\x5a\x87\x00\x00\x00\x60\
\x37\x28\xb1\x01\x00\x00\xb0\x0a\x95\x9e\x9a\xaa\x72\xfd\x04\x00\
\x98\xa7\x2a\xb3\x48\x95\x0f\x29\x00\x00\x00\x30\x03\x4a\x6c\x00\
\x00\x00\xac\x42\xa5\x25\x67\x95\xc5\x31\x00\x30\x4f\x55\x66\x91\
\x4a\x1f\x52\x00\x00\x00\xa0\x38\x25\x36\x00\x00\x00\x56\x41\x89\
\x0d\x00\x60\x9a\x2a\xcf\x89\x56\x9a\xef\x00\x00\x00\x28\x4e\x89\
\x0d\x00\x00\x80\x55\xa8\xb4\xe4\xac\xb2\x38\x06\x00\xe6\xa9\xca\
\x2c\x52\x69\xbe\x03\x00\x00\xa0\x38\x25\x36\x00\x00\x00\x56\xa1\
\xd2\x73\x53\x2e\xb1\x01\x00\x6d\x74\xfd\xc5\x49\xce\x69\x1d\x63\
\xa2\x4a\xf3\x1d\x00\x00\x00\xc5\x29\xb1\x01\x00\x00\xb0\x0a\xd7\
\x26\x39\xd9\x3a\xc4\x44\x4a\x6c\x00\x40\x2b\x95\xe6\x10\x97\xd8\
\x00\x00\x00\xd8\x18\x25\x36\x00\x00\x00\xf6\x6f\x1c\x4e\x26\xb9\
\xae\x75\x8c\x89\xaa\x3c\xe1\x05\x00\xcc\x4f\xa5\x39\x44\x89\x0d\
\x00\x00\x80\x8d\x51\x62\x03\x00\x00\x60\x55\xaa\x3c\x39\x55\xe9\
\x02\x0a\x00\x30\x2f\x95\xe6\x10\x25\x36\x00\x00\x00\x36\x46\x89\
\x0d\x00\x00\x80\x55\xa9\xb2\xe8\xac\xb4\x3c\x06\x00\xe6\xa5\xd2\
\x1c\x52\xe5\x03\x0a\x00\x00\x00\xcc\x80\x12\x1b\x00\x00\x00\xab\
\xa2\xc4\x06\x00\x70\xff\x3c\x27\x0a\x00\x00\x00\x67\xa0\xc4\x06\
\x00\x00\xc0\xaa\x54\x59\x74\x56\x5a\x1e\x03\x00\xf3\x52\xa5\x4c\
\x7f\x5b\xc6\xe1\xa6\xd6\x21\x00\x00\x00\xd8\x1d\x4a\x6c\x00\x00\
\x00\xac\x4a\x95\x27\xa7\xce\x49\xd7\x5f\xd4\x3a\x04\x00\xb0\x93\
\xaa\x94\xd8\xaa\xcc\x75\x00\x00\x00\xcc\x84\x12\x1b\x00\x00\x00\
\xab\x52\xe5\x12\x5b\x52\x67\x81\x0c\x00\xcc\x4b\x95\x8b\xb0\x4a\
\x6c\x00\x00\x00\x6c\x94\x12\x1b\x00\x00\x00\xab\x52\xa9\xc4\x56\
\x65\x81\x0c\x00\xcc\x4b\x95\x22\x7d\xa5\xb9\x0e\x00\x00\x80\x19\
\x50\x62\x03\x00\x00\x60\x55\x2a\x5d\xec\xa8\xb2\x40\x06\x00\xe6\
\xa5\xca\x0c\xa2\xc4\x06\x00\x00\xc0\x46\x29\xb1\x01\x00\x00\xb0\
\x2a\x95\x96\x9d\x55\x16\xc8\x00\xc0\x5c\x74\xfd\xc1\x24\x97\xb5\
\x8e\x31\x51\xa5\xb9\x0e\x00\x00\x80\x19\x50\x62\x03\x00\x00\x60\
\x55\x2a\x2d\x3b\x95\xd8\x00\x80\x4d\xbb\x34\xc9\xa1\xd6\x21\x26\
\xaa\x74\x61\x17\x00\x00\x80\x19\x50\x62\x03\x00\x00\x60\x35\xc6\
\xe1\xc3\x49\xee\x68\x1d\x63\xa2\xc3\xad\x03\x00\x00\x3b\xa7\x52\
\x89\xbe\xd2\x87\x13\x00\x00\x00\x98\x01\x25\x36\x00\x00\x00\x56\
\xe9\xda\xd6\x01\x26\xaa\xb4\x44\x06\x00\xe6\xa1\xd2\xfc\xa1\xc4\
\x06\x00\x00\xc0\x46\x29\xb1\x01\x00\x00\xb0\x4a\x55\x16\x9e\x95\
\x96\xc8\x00\xc0\x3c\x54\xba\x04\xeb\x39\x51\x00\x00\x00\x36\x4a\
\x89\x0d\x00\x00\x80\x55\x52\x62\x03\x00\x38\xb3\x4a\xf3\x47\x95\
\x99\x0e\x00\x00\x80\x99\x50\x62\x03\x00\x00\x60\x95\xaa\x2c\x3c\
\x2b\x5d\x42\x01\x00\xe6\x41\x89\x0d\x00\x00\x00\xee\x83\x12\x1b\
\x00\x00\x00\xab\x86\x2b\x27\x4f\x00\x00\x20\x00\x49\x44\x41\x54\
\x54\xe5\xe9\xa9\xcb\xd3\xf5\x07\x5a\x87\x00\x00\x76\x4a\x95\x12\
\xdb\xcd\x19\x87\x5b\x5b\x87\x00\x00\x00\x60\xb7\x28\xb1\x01\x00\
\x00\xb0\x4a\x55\xae\x76\x1c\x4a\x72\x59\xeb\x10\x00\xc0\x4e\xa9\
\x72\x09\xb6\xca\x87\x12\x00\x00\x00\x98\x11\x25\x36\x00\x00\x00\
\x56\xa9\x4a\x89\x2d\xa9\xb3\x48\x06\x00\xe6\xa1\xca\x25\xb6\x4a\
\xf3\x1c\x00\x00\x00\x33\xa1\xc4\x06\x00\x00\xc0\x2a\x55\xba\xdc\
\x51\x65\x91\x0c\x00\xcc\x43\x95\xd9\x43\x89\x0d\x00\x00\x80\x8d\
\x53\x62\x03\x00\x00\x60\x95\x2a\x2d\x3d\xab\x2c\x92\x01\x80\x79\
\xa8\x72\x05\xb6\xd2\x3c\x07\x00\x00\xc0\x4c\x28\xb1\x01\x00\x00\
\xb0\x4a\x95\x96\x9e\x4a\x6c\x00\xc0\x66\x74\xfd\x59\x49\x2e\x69\
\x1d\x63\xa2\x4a\x97\x75\x01\x00\x00\x98\x09\x25\x36\x00\x00\x00\
\x56\xa9\x52\x89\xad\xca\x35\x14\x00\xa0\xbe\xc3\x49\x0e\xb4\x0e\
\x31\x51\xa5\x79\x0e\x00\x00\x80\x99\x50\x62\x03\x00\x00\x60\x75\
\xc6\xe1\xe6\x24\xb7\xb6\x8e\x31\x91\x4b\x6c\x00\xc0\xa6\x54\x9a\
\x3b\x94\xd8\x00\x00\x00\xd8\x38\x25\x36\x00\x00\x00\x56\xad\xca\
\x13\x54\x95\x96\xc9\x00\x40\x6d\x95\x2e\xc0\x2a\xb1\x01\x00\x00\
\xb0\x71\x4a\x6c\x00\x00\x00\xac\x5a\x95\xc5\x67\xa5\x65\x32\x00\
\x50\x5b\xa5\xf2\x7c\x95\x0f\x24\x00\x00\x00\x30\x23\x4a\x6c\x00\
\x00\x00\xac\x5a\x95\xc5\x67\xa5\x65\x32\x00\x50\x5b\xa5\xb9\xa3\
\xca\x07\x12\x00\x00\x00\x98\x11\x25\x36\x00\x00\x00\x56\xad\xca\
\xe2\xb3\xd2\x32\x19\x00\xa8\xad\xca\x05\xd8\x53\xa9\xf3\x81\x04\
\x00\x00\x00\x66\x44\x89\x0d\x00\x00\x80\x55\xab\x52\x62\xbb\x24\
\x5d\x7f\x56\xeb\x10\x00\xc0\x4e\xa8\x52\x9e\xbf\x21\xe3\x70\x47\
\xeb\x10\x00\x00\x00\xec\x1e\x25\x36\x00\x00\x00\x56\xad\x4a\x89\
\xed\x40\x92\xcb\x5b\x87\x00\x00\x76\x42\x95\x12\x9b\x2b\x6c\x00\
\x00\x00\x34\xa1\xc4\x06\x00\x00\xc0\xaa\x55\x5a\x7e\x56\x59\x28\
\x03\x00\xb5\x55\x99\x39\xaa\x7c\x18\x01\x00\x00\x80\x99\x51\x62\
\x03\x00\x00\x60\xd5\x2a\x2d\x3f\xab\x2c\x94\x01\x80\xda\x0e\xb7\
\x0e\x30\x51\xa5\x39\x0e\x00\x00\x80\x19\x51\x62\x03\x00\x00\x60\
\xd5\x2a\x2d\x3f\x95\xd8\x00\x80\x4d\xa8\x32\x73\x54\xba\xa8\x0b\
\x00\x00\xc0\x8c\x28\xb1\x01\x00\x00\xb0\x6a\x95\x4a\x6c\x55\xae\
\xa2\x00\x00\x55\x75\xfd\xb9\x49\x2e\x6c\x1d\x63\xa2\x4a\x73\x1c\
\x00\x00\x00\x33\xa2\xc4\x06\x00\x00\xc0\xaa\x55\xba\xe0\x51\xe5\
\x2a\x0a\x00\x50\x57\xa5\xd2\xbc\x12\x1b\x00\x00\x00\x4d\x28\xb1\
\x01\x00\x00\xb0\x5a\xe3\x70\x5b\x92\x8f\xb4\x8e\x31\x91\x12\x1b\
\x00\xb0\x6e\x95\xe6\x0d\x25\x36\x00\x00\x00\x9a\x50\x62\x03\x00\
\x00\x60\x1d\xaa\x2c\x40\x2b\x5d\x46\x01\x00\x6a\xaa\x54\x62\xab\
\x74\x51\x17\x00\x00\x80\x19\x51\x62\x03\x00\x00\x60\x1d\xaa\x2c\
\x40\x2b\x2d\x95\x01\x80\x9a\x2a\x95\xe6\xab\x7c\x10\x01\x00\x00\
\x80\x99\x51\x62\x03\x00\x00\x60\x1d\xaa\x2c\x40\x95\xd8\x00\x80\
\x75\xab\x34\x6f\x54\x99\xe1\x00\x00\x00\x98\x19\x25\x36\x00\x00\
\x00\xd6\xa1\xca\x02\xb4\xd2\x52\x19\x00\xa8\xa9\xca\xbc\x71\x32\
\xc9\x75\xad\x43\x00\x00\x00\xb0\x9b\x94\xd8\x00\x00\x00\x58\x87\
\x2a\x25\xb6\x0b\xd3\xf5\x9f\xd4\x3a\x04\x00\x30\x6b\x55\x4a\x6c\
\xd7\x65\x1c\x4e\xb6\x0e\x01\x00\x00\xc0\x6e\x52\x62\x03\x00\x00\
\x60\x1d\x4e\xb4\x0e\xb0\x80\x2a\x8b\x65\x00\xa0\xa6\xc3\xad\x03\
\x4c\x54\xe5\x43\x08\x00\x00\x00\xcc\x90\x12\x1b\x00\x00\x00\xeb\
\x50\x69\x09\xaa\xc4\x06\x00\xac\x53\x95\x59\xa3\xd2\xfc\x06\x00\
\x00\xc0\xcc\x28\xb1\x01\x00\x00\xb0\x0e\x95\x96\xa0\x55\xae\xa3\
\x00\x00\x35\x29\xb1\x01\x00\x00\xc0\x03\x50\x62\x03\x00\x00\x60\
\x1d\x3c\x27\x0a\x00\xb0\xa7\x4a\x61\xbe\xd2\xfc\x06\x00\x00\xc0\
\xcc\x28\xb1\x01\x00\x00\xb0\x0e\x95\x2e\x79\x28\xb1\x01\x00\xeb\
\xd1\xf5\x17\x24\x39\xaf\x75\x8c\x89\x2a\xcd\x6f\x00\x00\x00\xcc\
\x8c\x12\x1b\x00\x00\x00\xeb\x70\x22\xc9\xa9\xd6\x21\x26\x52\x62\
\x03\x00\xd6\xa5\xd2\x9c\xa1\xc4\x06\x00\x00\x40\x33\x4a\x6c\x00\
\x00\x00\xac\xde\x38\xdc\x99\xe4\xc3\xad\x63\x4c\x54\xe5\x89\x2f\
\x00\xa0\x9e\x4a\x25\x36\xcf\x89\x02\x00\x00\xd0\x8c\x12\x1b\x00\
\x00\x00\xeb\x52\x65\x11\x5a\x69\xb9\x0c\x00\xd4\x52\xa9\x2c\xef\
\x12\x1b\x00\x00\x00\xcd\x28\xb1\x01\x00\x00\xb0\x2e\x55\x16\xa1\
\x4a\x6c\x00\xc0\xba\x54\x9a\x33\xaa\xcc\x6e\x00\x00\x00\xcc\x90\
\x12\x1b\x00\x00\x00\xeb\x52\x65\x11\x5a\x69\xb9\x0c\x00\xd4\x52\
\x69\xce\xa8\x32\xbb\x01\x00\x00\x30\x43\x4a\x6c\x00\x00\x00\xac\
\x4b\x95\x45\x68\xa5\x67\xbe\x00\x80\x5a\xaa\xcc\x19\x77\x64\x1c\
\x6e\x68\x1d\x02\x00\x00\x80\xdd\xa5\xc4\x06\x00\x00\xc0\xba\x9c\
\x68\x1d\x60\xa2\xf3\xd2\xf5\x17\xb4\x0e\x01\x00\xcc\x52\x95\x4b\
\x6c\x55\xe6\x36\x00\x00\x00\x66\x4a\x89\x0d\x00\x00\x80\x75\xa9\
\x72\x89\x2d\xa9\xb3\x60\x06\x00\x6a\xa9\x32\x63\x54\x9a\xdb\x00\
\x00\x00\x98\x21\x25\x36\x00\x00\x00\xd6\xa5\xd2\x32\xb4\xca\x53\
\x5f\x00\x40\x2d\x4a\x6c\x00\x00\x00\x30\x81\x12\x1b\x00\x00\x00\
\xeb\x52\xe9\x59\xaa\x2a\x0b\x66\x00\xa0\x96\x2a\x45\xf9\x4a\x73\
\x1b\x00\x00\x00\x33\xa4\xc4\x06\x00\x00\xc0\xba\x54\xba\xe8\xa1\
\xc4\x06\x00\xac\x43\x95\x12\x5b\xa5\xb9\x0d\x00\x00\x80\x19\x52\
\x62\x03\x00\x00\x60\x5d\x2a\x2d\x43\x95\xd8\x00\x80\xd5\xea\xfa\
\x4b\x92\x9c\xdd\x3a\xc6\x44\x95\xe6\x36\x00\x00\x00\x66\x48\x89\
\x0d\x00\x00\x80\x75\xb9\x2e\xc9\x5d\xad\x43\x4c\x54\xe5\x4a\x0a\
\x00\x50\x47\xa5\xf9\x42\x89\x0d\x00\x00\x80\xa6\x94\xd8\x00\x00\
\x00\x58\x8f\x71\x38\x95\xbd\x22\x5b\x05\x2e\xb1\x01\x00\xab\x56\
\x69\xbe\x38\xd1\x3a\x00\x00\x00\x00\xbb\x4d\x89\x0d\x00\x00\x80\
\x75\xaa\x72\xd5\xa3\xd2\x92\x19\x00\xa8\xa1\xd2\x7c\x51\x65\x66\
\x03\x00\x00\x60\xa6\x94\xd8\x00\x00\x00\x58\xa7\x2a\x0b\xd1\x4a\
\x4b\x66\x00\xa0\x06\xcf\x89\x02\x00\x00\xc0\x44\x4a\x6c\x00\x00\
\x00\xac\x53\x95\x85\x68\xa5\x25\x33\x00\x50\x43\xa5\x92\xbc\xe7\
\x44\x01\x00\x00\x68\x4a\x89\x0d\x00\x00\x80\x75\xaa\xb2\x10\x55\
\x62\x03\x00\x56\xad\x4a\x89\xed\xa3\x19\x87\x9b\x5b\x87\x00\x00\
\x00\x60\xb7\x29\xb1\x01\x00\x00\xb0\x4e\x55\x2e\xb1\x9d\x9d\xae\
\xbf\xa4\x75\x08\x00\x60\x56\xaa\x94\xd8\xaa\x7c\xe8\x00\x00\x00\
\x80\x19\x53\x62\x03\x00\x00\x60\x9d\xaa\x94\xd8\x12\xd7\xd8\x00\
\x80\xd5\xaa\x32\x5b\x54\x9a\xd7\x00\x00\x00\x98\x29\x25\x36\x00\
\x00\x00\xd6\xa9\xd2\x65\x8f\x2a\xd7\x52\x00\x80\x1a\xaa\xcc\x16\
\x95\xe6\x35\x00\x00\x00\x66\x4a\x89\x0d\x00\x00\x80\x75\xaa\x74\
\xd9\xa3\xca\xa2\x19\x00\xa8\xa1\xca\x6c\x51\x69\x5e\x03\x00\x00\
\x60\xa6\x94\xd8\x00\x00\x00\x58\xa7\x4a\x4b\xd1\x2a\x8b\x66\x00\
\x60\xdb\x75\xfd\xc1\x24\x97\xb5\x8e\x31\x51\xa5\x79\x0d\x00\x00\
\x80\x99\x52\x62\x03\x00\x00\x60\x9d\x2a\x2d\x45\x0f\xb7\x0e\x00\
\x00\xcc\xc6\x65\xa9\xf3\xf3\xf7\x4a\xf3\x1a\x00\x00\x00\x33\x55\
\xe5\x1f\xa2\x01\x00\x00\xa8\x68\x1c\x6e\x4c\xf2\xb1\xd6\x31\x26\
\x72\x89\x0d\x00\x58\x95\x4a\x73\xc5\x89\xd6\x01\x00\x00\x00\x40\
\x89\x0d\x00\x00\x80\x75\xab\xb2\x18\xad\xb4\x6c\x06\x00\xb6\x5b\
\xa5\x0b\xaf\x2e\xb1\x01\x00\x00\xd0\x9c\x12\x1b\x00\x00\x00\xeb\
\x56\x65\x31\x5a\x69\xd9\x0c\x00\x6c\xb7\x4a\xe5\xf8\x2a\xb3\x1a\
\x00\x00\x00\x33\xa6\xc4\x06\x00\x00\xc0\xba\xb9\xc4\x06\x00\xec\
\x9a\x4a\x73\x85\x12\x1b\x00\x00\x00\xcd\x29\xb1\x01\x00\x00\xb0\
\x6e\x55\x16\xa3\x95\x96\xcd\x00\xc0\x76\xab\x34\x57\x54\xf9\xc0\
\x01\x00\x00\x00\x33\xa6\xc4\x06\x00\x00\xc0\xba\x55\x29\xb1\x5d\
\x96\xae\xf7\xcf\xc9\x00\xc0\x2a\x54\x79\xa6\xfc\xa6\x8c\xc3\xed\
\xad\x43\x00\x00\x00\x80\x1f\xce\x03\x00\x00\xb0\x6e\x55\x4a\x6c\
\x07\x93\x5c\xd6\x3a\x04\x00\x30\x0b\x55\x2e\xb1\x55\x99\xd3\x00\
\x00\x00\x98\x39\x25\x36\x00\x00\x00\xd6\xad\xd2\x13\x55\x55\x16\
\xce\x00\xc0\x76\xab\x32\x53\x54\x9a\xd3\x00\x00\x00\x98\x31\x25\
\x36\x00\x00\x00\xd6\xad\xd2\x85\x8f\x2a\x0b\x67\x00\x60\xbb\x55\
\x79\x4e\xb4\xd2\x9c\x06\x00\x00\xc0\x8c\x29\xb1\x01\x00\x00\xb0\
\x6e\x95\x96\xa3\x55\x16\xce\x00\xc0\x76\xab\x52\x8c\xaf\x34\xa7\
\x01\x00\x00\x30\x63\x4a\x6c\x00\x00\x00\xac\x5b\xa5\x67\xaa\xaa\
\x2c\x9c\x01\x80\x6d\xd5\xf5\x67\x27\xb9\xb8\x75\x8c\x89\x94\xd8\
\x00\x00\x00\xd8\x0a\x4a\x6c\x00\x00\x00\xac\x5b\xa5\xe5\xa8\x12\
\x1b\x00\xb0\x5f\x97\x27\x39\xd0\x3a\xc4\x44\x95\x3e\x6c\x00\x00\
\x00\xc0\x8c\x29\xb1\x01\x00\x00\xb0\x5e\xe3\x70\x4b\x92\x8f\xb6\
\x8e\x31\x91\x12\x1b\x00\xb0\x5f\x95\xe6\x89\x4a\x1f\x36\x00\x00\
\x00\x60\xc6\x94\xd8\x00\x00\x00\xd8\x84\x2a\x0b\xd2\xc3\xad\x03\
\x00\x00\xe5\x29\xb1\x01\x00\x00\xc0\x82\x94\xd8\x00\x00\x00\xd8\
\x84\x2a\x4f\x55\x55\x5a\x3a\x03\x00\xdb\xa9\x52\x29\x5e\x89\x0d\
\x00\x00\x80\xad\xa0\xc4\x06\x00\x00\xc0\x26\x54\x59\x90\x2a\xb1\
\x01\x00\xfb\x55\x69\x9e\xa8\xf2\x41\x03\x00\x00\x00\x66\x4e\x89\
\x0d\x00\x00\x80\x4d\x50\x62\x03\x00\x76\x45\x95\x79\xe2\x54\x94\
\xd8\x00\x00\x00\xd8\x12\x4a\x6c\x00\x00\x00\x6c\x42\x95\x05\xe9\
\xc5\xe9\xfa\xb3\x5b\x87\x00\x00\x4a\xab\x52\x62\xbb\x3e\xe3\x70\
\x57\xeb\x10\x00\x00\x00\x90\x28\xb1\x01\x00\x00\xb0\x19\x55\x2e\
\xb1\x25\xc9\xe1\xd6\x01\x00\x80\xd2\xaa\xcc\x12\x55\x3e\x64\x00\
\x00\x00\xc0\x0e\x50\x62\x03\x00\x00\x60\x13\x2a\x95\xd8\xaa\x5c\
\x4f\x01\x00\xb6\x53\x95\x59\xa2\xd2\x7c\x06\x00\x00\xc0\xcc\x29\
\xb1\x01\x00\x00\xb0\x09\x95\x96\xa4\x55\xae\xa7\x00\x00\xdb\x49\
\x89\x0d\x00\x00\x00\x16\xa4\xc4\x06\x00\x00\xc0\x26\x54\x7a\xae\
\xaa\xca\xe2\x19\x00\xd8\x4e\x55\x0a\xf1\x4a\x6c\x00\x00\x00\x6c\
\x0d\x25\x36\x00\x00\x00\x36\xa1\xd2\x92\x54\x89\x0d\x00\x58\x4e\
\xd7\x9f\x9b\xe4\xc2\xd6\x31\x26\xaa\xf4\x21\x03\x00\x00\x00\x66\
\x4e\x89\x0d\x00\x00\x80\x4d\x50\x62\x03\x00\x76\x41\xa5\x39\xa2\
\xd2\x7c\x06\x00\x00\xc0\xcc\x29\xb1\x01\x00\x00\xb0\x7e\xe3\xf0\
\xb1\x24\x37\xb5\x8e\x31\x51\x95\x27\xc0\x00\x80\xed\x53\x69\x8e\
\x50\x62\x03\x00\x00\x60\x6b\x28\xb1\x01\x00\x00\xb0\x29\x55\x16\
\xa5\x95\x2e\xa8\x00\x00\xdb\xa5\xd2\x1c\x51\x65\x36\x03\x00\x00\
\x60\x07\x28\xb1\x01\x00\x00\xb0\x29\x55\x16\xa5\x95\x96\xcf\x00\
\xc0\x76\xa9\x34\x47\x9c\x68\x1d\x00\x00\x00\x00\xee\xa6\xc4\x06\
\x00\x00\xc0\xa6\x54\x29\xb1\x55\x7a\x06\x0c\x00\xd8\x2e\x95\x4a\
\x6c\x55\x66\x33\x00\x00\x00\x76\x80\x12\x1b\x00\x00\x00\x9b\x52\
\xe5\xda\x47\xa5\xe5\x33\x00\xb0\x5d\xaa\x94\xe1\xef\x4c\x72\x7d\
\xeb\x10\x00\x00\x00\x70\x37\x25\x36\x00\x00\x00\x36\xa5\xca\xb5\
\x8f\x0b\xd2\xf5\xe7\xb5\x0e\x01\x00\x94\x54\xa5\x0c\x7f\x5d\xc6\
\xe1\x54\xeb\x10\x00\x00\x00\x70\x37\x25\x36\x00\x00\x00\x36\xa5\
\x4a\x89\x2d\xa9\xb3\x80\x06\x00\xb6\x4b\x95\x19\xa2\xd2\x5c\x06\
\x00\x00\xc0\x0e\x50\x62\x03\x00\x00\x60\x53\x2a\x2d\x4b\xab\x3c\
\x05\x06\x00\x6c\x97\x2a\x33\x44\xa5\xb9\x0c\x00\x00\x80\x1d\xa0\
\xc4\x06\x00\x00\xc0\xa6\x9c\x68\x1d\x60\x01\x55\xae\xa8\x00\x00\
\xdb\xa5\xca\x0c\xa1\xc4\x06\x00\x00\xc0\x56\x51\x62\x03\x00\x00\
\x60\x53\x2a\x2d\x4b\xab\x2c\xa0\x01\x80\xed\x52\xe5\x12\x5b\xa5\
\x0f\x17\x00\x00\x00\xb0\x03\x94\xd8\x00\x00\x00\xd8\x94\x4a\x25\
\xb6\x2a\x0b\x68\x00\x60\x5b\x74\xfd\x05\x49\xce\x6b\x1d\x63\xa2\
\x4a\x73\x19\x00\x00\x00\x3b\x40\x89\x0d\x00\x00\x80\x4d\xb9\x36\
\xc9\xa9\xd6\x21\x26\x72\x89\x0d\x00\x58\x54\xa5\xf9\x41\x89\x0d\
\x00\x00\x80\xad\xa2\xc4\x06\x00\x00\xc0\x66\x8c\xc3\x5d\x49\xae\
\x6f\x1d\x63\xa2\x4a\x4b\x68\x00\x60\x3b\x54\x9a\x1f\x94\xd8\x00\
\x00\x00\xd8\x2a\x4a\x6c\x00\x00\x00\x6c\x52\x95\x85\x69\xa5\x25\
\x34\x00\xb0\x1d\x3e\xa3\x75\x80\x05\x9c\x68\x1d\x00\x00\x00\x00\
\xee\xe9\xac\xd6\x01\x00\x00\x00\xd8\x29\xd7\x24\x79\x74\xeb\x10\
\x13\x1c\x6e\x1d\x00\x00\xd8\x02\x5d\x7f\x20\xc9\x65\x49\x8e\x24\
\xf9\x94\x7b\xfd\xf1\x9e\x7f\xfe\x90\x24\xe7\x34\x4a\xb9\x8c\x2a\
\x1f\x2c\x00\x00\x00\x60\x47\x28\xb1\x01\x00\x00\xb0\x49\x55\xae\
\x7e\xb8\xc4\x06\x00\xbb\xa4\xeb\x2f\x4d\xf2\xb8\x24\x8f\x3d\xfd\
\xf5\x88\xd4\x2c\xa7\x4d\xa5\xc4\x06\x00\x00\xc0\x56\x51\x62\x03\
\x00\x00\x60\x93\xaa\x2c\x4c\x5d\x62\x03\x80\xb9\xea\xfa\x87\xe5\
\x13\x0b\x6b\x8f\x4b\xf2\x69\x2d\x23\x6d\xd8\xed\x19\x87\x9b\x5a\
\x87\x00\x00\x00\x80\x7b\x52\x62\x03\x00\x00\x60\x93\xaa\x94\xd8\
\xce\x4d\xd7\x3f\xd8\x82\x17\x00\x8a\xeb\xfa\x47\x27\xf9\x47\xf9\
\xc4\xd2\xda\xc5\x4d\x33\xb5\x57\xe5\x32\x2e\x00\x00\x00\x3b\x44\
\x89\x0d\x00\x00\x80\x4d\xaa\xb4\x34\x3d\x9c\x44\x89\x0d\x00\x2a\
\xe9\xfa\x8b\x92\x7c\x49\x92\x2b\x93\x3c\x25\xbb\x75\x61\x6d\xaa\
\x2a\x1f\x2a\x00\x00\x00\x60\x87\x28\xb1\x01\x00\x00\xb0\x49\x95\
\x96\xa6\x57\x24\x79\x7f\xeb\x10\x00\xc0\xfd\xe8\xfa\x03\xd9\xbb\
\xb2\x76\x65\x92\x2f\x4b\xf2\xf9\xf1\x73\xef\x07\x52\x69\x1e\x03\
\x00\x00\x60\x47\xf8\x87\x79\x00\x00\x00\x36\xa9\xd2\xd2\xf4\x8a\
\xd6\x01\x00\x80\x33\xe8\xfa\xcb\x93\x7c\x69\xf6\x8a\x6b\x5f\x9a\
\xe4\x93\xdb\x06\x2a\xa7\xd2\x65\x5c\x00\x00\x00\x76\x84\x12\x1b\
\x00\x00\x00\x9b\x54\xa9\xc4\x76\xb8\x75\x00\x00\xe0\xb4\xae\xff\
\xb4\x24\xcf\x4e\xf2\x55\x49\x1e\x9f\xe4\x60\xdb\x40\xa5\x55\x9a\
\xc7\x00\x00\x00\xd8\x11\x4a\x6c\x00\x00\x00\x6c\x52\xa5\xcb\x1f\
\x2e\xb1\x01\x40\x4b\x5d\x7f\x6e\x92\xaf\x4e\xf2\xbc\x24\x5f\x1c\
\xc5\xb5\x55\x51\x62\x03\x00\x00\x60\xeb\x28\xb1\x01\x00\x00\xb0\
\x49\xd7\x27\xb9\x33\x35\xfe\x79\x54\x89\x0d\x00\x5a\xe8\xfa\xcf\
\xcb\x5e\x71\xed\x6b\x93\x5c\xd4\x38\xcd\x1c\x29\xb1\x01\x00\x00\
\xb0\x75\x2a\x2c\x0d\x00\x00\x00\x98\x8b\x71\x38\x95\xae\xbf\x36\
\xc9\x43\x5a\x47\x99\x40\x89\x0d\x00\x36\xa5\xeb\x3f\x25\x7b\xcf\
\x85\x7e\x63\x92\x47\xb7\x0d\x33\x7b\x95\x2e\xe3\x02\x00\x00\xb0\
\x23\x94\xd8\x00\x00\x00\xd8\xb4\x13\xa9\x51\x62\x3b\xdc\x3a\x00\
\x00\xcc\x5a\xd7\x9f\x93\xe4\xa9\xd9\xbb\xba\x76\x65\x92\x43\x6d\
\x03\xed\x0c\x97\xd8\x00\x00\x00\xd8\x3a\x4a\x6c\x00\x00\x00\x6c\
\x5a\x95\xc5\xa9\x4b\x6c\x00\xb0\x0e\x5d\x7f\x71\x92\x17\x24\x79\
\x61\x94\xc6\x5b\xa8\x32\x8b\x01\x00\x00\xb0\x43\x94\xd8\x00\x00\
\x00\xd8\xb4\x2a\x8b\x53\x25\x36\x00\x58\xa5\xae\x3f\x9c\xe4\xdf\
\x26\xf9\xb6\x24\x0f\x6e\x9c\x66\x97\x55\x99\xc5\x00\x00\x00\xd8\
\x21\x4a\x6c\x00\x00\x00\x6c\x5a\x95\xc5\xe9\xe5\xe9\xfa\x03\x19\
\x87\x53\xad\x83\x00\x40\x69\x5d\xff\xd0\x24\xdf\x95\xe4\xf9\x49\
\xce\x6b\x9c\x66\xd7\xdd\x92\x71\xb8\xb5\x75\x08\x00\x00\x00\xb8\
\x37\x25\x36\x00\x00\x00\x36\xed\x44\xeb\x00\x13\x9d\x95\xe4\x92\
\x24\xd7\xb7\x0e\x02\x00\x25\x75\xfd\xc3\x93\xbc\x38\xc9\x73\x92\
\x9c\xd3\x38\x0d\x7b\xaa\x7c\x98\x00\x00\x00\x80\x1d\xa3\xc4\x06\
\x00\x00\xc0\xa6\x55\x5a\x9e\x5e\x11\x25\x36\x00\x58\x4c\xd7\x7f\
\x4e\x92\xef\x4e\xf2\xcc\x24\x87\x1a\xa7\xe1\x13\x55\x9a\xc3\x00\
\x00\x00\xd8\x21\x4a\x6c\x00\x00\x00\x6c\x5a\xa5\xe5\xe9\x15\x49\
\xde\xdb\x3a\x04\x00\x94\xd0\xf5\x8f\x4f\xf2\xbd\x49\xbe\x32\xc9\
\x81\xc6\x69\x38\xb3\x2a\x17\x71\x01\x00\x00\xd8\x31\x4a\x6c\x00\
\x00\x00\x6c\x5a\xa5\xe5\xe9\xe1\xd6\x01\x00\x60\xeb\x75\xfd\x27\
\x27\x79\x49\x92\xe7\x46\x79\x6d\xdb\x55\xfa\x30\x01\x00\x00\x00\
\x3b\x44\x89\x0d\x00\x00\x80\x4d\xab\xb4\x3c\xbd\xa2\x75\x00\x00\
\xd8\x5a\x5d\x7f\x56\x92\x7f\x9d\xe4\xfb\x93\x5c\xd4\x38\x0d\xd3\
\x54\x9a\xc3\x00\x00\x00\xd8\x21\x4a\x6c\x00\x00\x00\x6c\x5a\xa5\
\xe5\xa9\x12\x1b\x00\x9c\x49\xd7\x7f\x71\x92\xff\x94\xe4\xb3\x5b\
\x47\x61\x21\x95\xe6\x30\x00\x00\x00\x76\xc8\xc1\xd6\x01\x00\x00\
\x00\xd8\x31\xe3\x70\x53\x92\xdb\x5b\xc7\x98\xc8\x73\xa2\x00\x70\
\x4f\x5d\xff\xe9\xe9\xfa\x37\x24\xf9\xed\x28\xb0\x55\x54\xe9\x59\
\x77\x00\x00\x00\x76\x88\x4b\x6c\x00\x00\x00\xb4\x70\x22\xc9\x43\
\x5b\x87\x98\xc0\x25\x36\x00\x48\x92\xae\x3f\x37\xc9\x8b\x92\xbc\
\x38\xc9\x79\x8d\xd3\xb0\x3c\x97\xd8\x00\x00\x00\xd8\x4a\x4a\x6c\
\x00\x00\x00\xb4\x70\x4d\x94\xd8\x00\xa0\x86\xae\xff\xaa\x24\x3f\
\x9a\xe4\x33\x5b\x47\x61\xdf\x94\xd8\x00\x00\x00\xd8\x4a\x4a\x6c\
\x00\x00\x00\xb4\x50\x65\x81\xaa\xc4\x06\xc0\xee\xea\xfa\x87\x26\
\x79\x45\x92\x2b\x5b\x47\x61\x65\xaa\xcc\x60\x00\x00\x00\xec\x98\
\x83\xad\x03\x00\x00\x00\xb0\x93\x4e\xb4\x0e\x30\xd1\xe1\xd6\x01\
\x00\xa0\x89\xae\x7f\x46\x92\x3f\x8b\x02\xdb\xdc\x54\x99\xc1\x00\
\x00\x00\xd8\x31\x4a\x6c\x00\x00\x00\xb4\x50\xe5\x0a\xc8\xa5\xe9\
\xfa\x43\xad\x43\x00\xc0\xc6\x74\xfd\x05\xe9\xfa\x57\x26\x79\x7d\
\x92\x4b\x1a\xa7\x61\xb5\x6e\xc8\x38\xdc\xd1\x3a\x04\x00\x00\x00\
\x9c\x89\x12\x1b\x00\x00\x00\x2d\x54\x29\xb1\x1d\x4c\x72\x79\xeb\
\x10\x00\xb0\x11\x5d\xff\xf9\x49\xfe\x34\xc9\x73\x5b\x47\x61\x2d\
\xaa\xcc\x5f\x00\x00\x00\xec\xa0\xb3\x5a\x07\x00\x00\x00\x60\x27\
\x55\x5a\xa2\x5e\x91\xe4\xea\xd6\x21\x00\x60\x6d\xf6\xae\x8e\x7e\
\x4f\x92\xef\x8b\x9f\x19\xcf\x99\xa7\x44\x01\x00\x00\xd8\x5a\x7e\
\x20\x01\x00\x00\x40\x0b\x95\x96\xa8\x87\x5b\x07\x00\x80\xb5\xe9\
\xfa\x87\x25\x79\x4d\x92\x27\x36\x4e\xc2\xfa\x55\xfa\x10\x01\x00\
\x00\x00\x3b\xc6\x73\xa2\x00\x00\x00\xb4\x50\x69\x89\x7a\x45\xeb\
\x00\x00\xb0\x16\x5d\xff\xac\x24\xef\x8a\x02\xdb\xae\xa8\x34\x7f\
\x01\x00\x00\xb0\x63\x5c\x62\x03\x00\x00\xa0\x85\x4a\x4b\x54\x25\
\x36\x00\xe6\xa5\xeb\x2f\x4a\xf2\x13\x49\xbe\xae\x75\x14\x36\xaa\
\xd2\xfc\x05\x00\x00\xc0\x8e\x51\x62\x03\x00\x00\xa0\x85\x4a\x4b\
\x54\xcf\x89\x02\x30\x1f\x5d\xff\xc8\x24\xbf\x9e\xe4\x91\xad\xa3\
\xb0\x71\x95\x9e\x73\x07\x00\x00\x60\xc7\x78\x4e\x14\x00\x00\x80\
\xcd\x1b\x87\x5b\x93\xdc\xd2\x3a\xc6\x44\x2e\xb1\x01\x30\x0f\x5d\
\xff\x85\x49\xde\x11\x05\xb6\x5d\x55\xe9\x43\x04\x00\x00\x00\xec\
\x18\x25\x36\x00\x00\x00\x5a\xa9\xb2\x48\x55\x62\x03\xa0\xbe\xae\
\x7f\x5e\x92\xdf\x4a\x72\x69\xeb\x28\x34\x53\x65\xf6\x02\x00\x00\
\x60\x07\x79\x4e\x14\x00\x00\x80\x56\xae\x49\xf2\x99\xad\x43\x4c\
\xa0\xc4\x06\x40\x5d\x5d\x7f\x20\xc9\x90\xe4\xdf\xb5\x8e\x42\x73\
\x4a\x6c\x00\x00\x00\x6c\x2d\x25\x36\x00\x00\x00\x5a\x39\xd1\x3a\
\xc0\x44\x87\x5b\x07\x00\x80\xa5\x74\xfd\xf9\x49\x7e\x2e\xc9\xd3\
\x5a\x47\x61\x2b\x54\x99\xbd\x00\x00\x00\xd8\x41\x4a\x6c\x00\x00\
\x00\xb4\x52\xe5\x1a\x88\x4b\x6c\x00\xd4\xd3\xf5\x9f\x92\xe4\x4d\
\x49\x1e\xdf\x3a\x0a\x5b\xe1\x64\x92\x6b\x5b\x87\x00\x00\x00\x80\
\xfb\x72\xb0\x75\x00\x00\x00\x00\x76\x56\x95\x12\xdb\x45\xe9\xfa\
\x73\x5a\x87\x00\x80\xc9\xba\xfe\xb1\x49\xfe\x30\x0a\x6c\x7c\xdc\
\x75\x19\x87\x93\xad\x43\x00\x00\x00\xc0\x7d\x51\x62\x03\x00\x00\
\xa0\x95\x2a\x25\xb6\xc4\x93\xa2\x00\x54\xd1\xf5\x4f\x4d\x72\x2c\
\xc9\x43\x5b\x47\x61\xab\x54\x9a\xbb\x00\x00\x00\xd8\x41\x4a\x6c\
\x00\x00\x00\xb4\x72\xa2\x75\x80\x05\x78\x52\x14\x80\xed\xd7\xf5\
\xdf\x9a\xe4\x57\x92\x3c\xa8\x75\x14\xee\xd3\xc7\x1a\x7d\xdf\x4a\
\x73\x17\x00\x00\x00\x3b\xe8\xac\xd6\x01\x00\x00\x00\xd8\x59\x95\
\x2e\x82\x28\xb1\x01\xb0\xdd\xf6\x0a\x6c\x2f\x4b\x72\xa0\x75\x94\
\x1d\x71\x4d\x92\xab\x92\xbc\x2f\xc9\x07\x93\x7c\x24\xc9\xcd\xf7\
\xfa\xe3\xbd\xff\xda\xcd\x19\x87\x93\xe9\xfa\x43\x49\xce\x3f\xfd\
\xf5\xa0\xd3\x5f\xe7\xdf\xe3\x8f\x0f\xce\xde\x15\xd8\x2b\x4e\x7f\
\xdd\xf3\xcf\xaf\x48\x72\xe1\x92\x79\x01\x00\x00\x60\x6b\x29\xb1\
\x01\x00\x00\xd0\x4a\xa5\x65\xaa\x12\x1b\x00\xdb\xab\xeb\xbf\x25\
\x0a\x6c\xeb\x70\x4b\x92\xbf\xc8\x5e\x51\xed\xaa\x7c\xbc\xb4\x76\
\x55\xc6\xe1\xc6\xa5\x7f\xd7\x71\xb8\x2b\x1f\x2f\xb9\x2d\xae\xeb\
\xcf\xcd\xdf\x2d\xb6\x9d\xa9\xec\x76\xf7\x5f\x3b\x37\xb5\xe6\x2e\
\x00\x00\x00\x76\x90\x12\x1b\x00\x00\x00\xad\x54\x7a\xd6\xea\x70\
\xeb\x00\x00\x70\x46\x5d\xff\xcd\x49\x7e\x22\x0a\x6c\xab\xf0\xee\
\x24\xbf\x7b\xfa\xeb\xed\x19\x87\xbf\x6e\x9a\xe6\xbe\x8c\xc3\x6d\
\xd9\xbb\xfe\xf6\xc1\x49\xbf\xbe\xeb\x2f\x4c\x72\x70\x9d\x91\x00\
\x00\x00\x60\xbf\x94\xd8\x00\x00\x00\x68\xa5\xd2\x45\x10\x97\xd8\
\x00\xd8\x3e\x5d\xff\xfc\x24\x2f\x8f\x02\xdb\xb2\xde\x93\x8f\x97\
\xd6\x7e\x37\xe3\x50\x69\x36\x99\x6e\x1c\x96\xbb\xf8\x06\x00\x00\
\x00\x1b\xa4\xc4\x06\x00\x00\x40\x1b\xe3\x70\x47\xba\xfe\x86\x24\
\x17\xb7\x8e\x32\x81\x12\x1b\x00\xdb\xa5\xeb\xbf\x29\xc9\x4f\x46\
\x81\x6d\x11\x7f\x95\xe4\xcd\xf9\x78\x69\xed\xea\xb6\x71\x00\x00\
\x00\x80\xbb\x29\xb1\x01\x00\x00\xd0\xd2\x35\x51\x62\x03\x80\xc5\
\x74\xfd\xbf\x48\xf2\x5f\xa3\xc0\x36\xc5\xb5\x49\x5e\x9f\xe4\x35\
\x19\x87\xb7\xb7\x0e\x03\x00\x00\x00\x9c\x99\x12\x1b\x00\x00\x00\
\x2d\x9d\x48\xf2\xf7\x5a\x87\x98\xe0\x70\xeb\x00\x00\x90\x24\xe9\
\xfa\x7f\x9e\xe4\x15\x51\x60\xbb\x3f\xb7\x26\xf9\x6f\x49\x5e\x9b\
\xe4\xcd\x19\x87\x3b\x1a\xe7\x01\x00\x00\x00\x1e\x80\x12\x1b\x00\
\x00\x00\x2d\x5d\xd3\x3a\xc0\x44\x2e\xb1\x01\xd0\x5e\xd7\x3f\x2f\
\xc9\x4f\x45\x81\xed\x4c\xee\x4a\xf2\x96\x24\xaf\x49\xf2\xc6\x8c\
\xc3\x47\x1a\xe7\x01\x00\x00\x00\x16\xa0\xc4\x06\x00\x00\x40\x4b\
\x4a\x6c\x00\x30\x45\xd7\x7f\x7d\x14\xd8\xce\xe4\x43\x49\xfe\x63\
\x92\x57\x65\x1c\xfe\xb6\x75\x18\x00\x00\x00\x60\x39\x4a\x6c\x00\
\x00\x00\xb4\x74\xa2\x75\x80\x89\xce\x4f\xd7\x9f\x9f\x71\xf8\x68\
\xeb\x20\x00\xec\xa0\xae\x7f\x62\x92\x9f\x4d\x72\xb0\x75\x94\x2d\
\xf2\x97\x49\x5e\x9a\xbd\xf2\xda\xed\xad\xc3\x00\x00\x00\x00\xfb\
\xa3\xc4\x06\x00\x00\x40\x4b\x55\x2e\xb1\x25\x7b\xd7\xd8\x3e\xd0\
\x3a\x04\x00\x3b\xa6\xeb\x1f\x96\xe4\x8d\x49\xce\x69\x9c\x64\x5b\
\xbc\x33\xc9\x4b\x92\xbc\x21\xe3\x70\xb2\x75\x18\x00\x00\x00\x60\
\x35\x94\xd8\x00\x00\x00\x68\x49\x89\x0d\x00\xee\x4b\xd7\x5f\x98\
\xe4\x4d\x49\x0e\xb7\x8e\xb2\x05\x7e\x37\xc9\x4b\x32\x0e\x6f\x6e\
\x1d\x04\x00\x00\x00\x58\x3d\x25\x36\x00\x00\x00\x5a\xaa\x56\x62\
\x03\x80\xcd\xe8\xfa\x83\x49\x7e\x21\xc9\x63\x5a\x47\x69\xe8\x54\
\x92\x5f\xcd\x5e\x79\xed\x1d\xad\xc3\x00\x00\x00\x00\xeb\xa3\xc4\
\x06\x00\x00\x40\x4b\x27\x5a\x07\x58\x80\x2b\x38\x00\x6c\xd2\x0f\
\x27\xf9\x8a\xd6\x21\x1a\x7a\x67\x92\x17\x64\x1c\xfe\xa0\x75\x10\
\x00\x00\x00\x60\xfd\x0e\xb6\x0e\x00\x00\x00\xc0\x4e\x73\x89\x0d\
\x00\xee\xad\xeb\x9f\x9f\xe4\x3b\x5a\xc7\x68\xe4\xfa\x24\xdf\x96\
\xa4\x53\x60\x03\x00\x00\x80\xdd\xe1\x12\x1b\x00\x00\x00\x2d\x5d\
\x9b\xe4\x64\x6a\x7c\xc8\x4a\x89\x0d\x80\xf5\xeb\xfa\x27\x25\xf9\
\x2f\xad\x63\x34\x70\x32\xc9\x4f\x25\xf9\xee\x8c\xc3\x75\xad\xc3\
\x00\x00\x00\x00\x9b\x55\x61\x49\x00\x00\x00\xc0\x5c\x8d\xc3\xc9\
\xec\x5d\x5c\xa9\xc0\x73\xa2\x00\xac\x57\xd7\x3f\x22\xc9\x2f\x25\
\x39\xbb\x75\x94\x0d\x7b\x47\x92\x27\x64\x1c\xbe\x45\x81\x0d\x00\
\x00\x00\x76\x93\x12\x1b\x00\x00\x00\xad\x55\x79\x52\xd4\x25\x36\
\x00\xd6\xa7\xeb\x2f\x4e\xf2\x6b\x49\x2e\x6d\x1d\x65\x83\xae\x4e\
\xf2\xbc\x24\x5f\x90\x71\xf8\xe3\xd6\x61\x00\x00\x00\x80\x76\x3c\
\x27\x0a\x00\x00\x40\x6b\xd7\x24\xf9\xec\xd6\x21\x26\x50\x62\x03\
\x60\x3d\xba\xfe\x40\x92\x9f\x4f\xf2\x59\xad\xa3\x6c\xd0\xab\x93\
\xbc\x30\xe3\x70\x63\xeb\x20\x00\x00\x00\x40\x7b\x4a\x6c\x00\x00\
\x00\xb4\xe6\x12\x1b\x00\xbb\xee\x05\x49\xbe\xac\x75\x88\x0d\xf9\
\x48\x92\x7f\x99\x71\x78\x6d\xeb\x20\x00\x00\x00\xc0\xf6\x50\x62\
\x03\x00\x00\xa0\xb5\x13\xad\x03\x4c\x74\xb8\x75\x00\x00\x66\xa8\
\xeb\x1f\x9d\xe4\x87\x5a\xc7\xd8\x90\x3f\x4a\xf2\x75\x19\x87\xf7\
\xb7\x0e\x02\x00\x00\x00\x6c\x97\x83\xad\x03\x00\x00\x00\xb0\xf3\
\xaa\x5c\x62\x3b\x27\x5d\x7f\x51\xeb\x10\x00\xcc\x48\xd7\x9f\x9d\
\xe4\xb5\x49\xce\x6b\x1d\x65\xcd\x4e\x25\x79\x69\x92\x27\x2a\xb0\
\x01\x00\x00\x00\x67\xe2\x12\x1b\x00\x00\x00\xad\x55\x29\xb1\x25\
\x7b\x4f\x8a\xde\xd8\x3a\x04\x00\xb3\xf1\x03\x49\x1e\xd7\x3a\xc4\
\x9a\x5d\x9d\xe4\xb9\x19\x87\x37\xb7\x0e\x02\x00\x00\x00\x6c\x2f\
\x97\xd8\x00\x00\x00\x68\xad\x52\x89\xcd\x93\xa2\x00\xac\x46\xd7\
\x1f\x4d\xf2\xa2\xd6\x31\xd6\xec\x7f\x24\xf9\x87\x0a\x6c\x00\x00\
\x00\xc0\x03\x51\x62\x03\x00\x00\xa0\xb5\x13\xad\x03\x2c\xe0\x8a\
\xd6\x01\x00\x98\x81\xae\x7f\x70\x92\x9f\xcb\x7c\x7f\x3e\x7b\x2a\
\xc9\xf7\x26\xb9\x32\xe3\x70\x75\xeb\x30\x00\x00\x00\xc0\xf6\xf3\
\x9c\x28\x00\x00\x00\xad\x55\xba\xc4\xa6\xc4\x06\xc0\x2a\xfc\xe7\
\x24\x9f\xd1\x3a\xc4\x9a\x7c\x2c\xc9\xf3\x32\x0e\x3f\xdf\x3a\x08\
\x00\x00\x00\x50\x87\x12\x1b\x00\x00\x00\xad\x29\xb1\x01\xb0\x3b\
\xba\xfe\x19\x49\x9e\xdd\x3a\xc6\x9a\xdc\x98\xe4\x69\x19\x87\xb7\
\xb4\x0e\x02\x00\x00\x00\xd4\xa2\xc4\x06\x00\x00\x40\x6b\x37\x24\
\xb9\x23\xc9\xd9\xad\x83\x4c\x70\xb8\x75\x00\x00\x0a\xeb\xfa\x4f\
\x4d\xf2\xf2\xd6\x31\xd6\xe4\x6f\x92\x7c\x59\xc6\xe1\x7f\xb7\x0e\
\x02\x00\x00\x00\xd4\xa3\xc4\x06\x00\x00\x40\x5b\xe3\x70\x2a\x5d\
\x7f\x6d\x92\xff\xcf\xde\xbd\x47\x7b\x5e\xd7\xf5\x1e\x7f\x0d\xc3\
\x00\x22\x8a\x88\xa0\x8c\x5a\x22\xa2\x82\x65\xb7\x6f\x85\x16\x25\
\x68\xa6\x79\x39\x08\x25\x5a\x9a\x9a\xc7\x5b\x75\x2c\x43\xcb\xaf\
\xe9\xb1\xcc\xfa\x8a\x97\x3a\x9e\x8e\x79\x5b\x15\xe9\xa1\xa8\x4c\
\x0b\x35\xb3\xb4\x83\x27\x8e\x62\x7e\xd1\xb4\x54\x44\xc5\x95\x17\
\x20\xc7\x54\x2e\x0e\x10\x97\x39\x7f\xfc\xb6\xb4\x67\xd8\x33\xec\
\x3d\xb3\xf7\x7e\x7f\xbe\xbf\xfd\x78\xac\xf5\x5b\xc3\x62\x2d\xe7\
\xfb\xe4\x37\xbf\xb5\x64\xef\xfd\xe2\xf3\x39\xaa\x3a\x65\x19\x9c\
\xc4\x06\xc0\xde\xe9\xfa\x4d\x49\xce\x4a\x72\xc7\xe2\x92\xb5\xf0\
\xf1\xcc\x06\x6c\x5f\xa8\x0e\x29\xd3\xf5\xb7\x4d\x72\xef\x24\xc7\
\x66\x36\x7a\xbf\x5d\x92\x43\x16\x7e\x5d\xfc\xd7\x07\x26\xf9\x46\
\x92\xab\x92\x5c\xbd\xcb\xaf\x57\x65\x36\x06\xbc\x38\xc9\x25\x19\
\x87\x1b\xd6\xf7\x1f\x02\x00\x00\x00\xea\x18\xb1\x01\x00\x00\xd0\
\x82\x2f\xc7\x88\x0d\x80\xf9\xf6\x84\x24\x0f\xa9\x8e\x58\x03\xe7\
\x25\x79\x4c\xc6\xe1\xeb\xd5\x21\xeb\xa2\xeb\x0f\x4d\xf2\xc0\x24\
\xc7\x67\x36\x5a\xfb\xe6\x6b\xeb\x2a\x3f\xe9\x86\x74\xfd\xe7\x32\
\x1b\xb4\x7d\xf3\xf5\xd1\x24\x63\xc6\xe1\xfa\x55\x7e\x16\x00\x00\
\x00\x94\x33\x62\x03\x00\x00\xa0\x05\x5f\xae\x0e\x58\x26\x23\x36\
\x00\x56\x6e\x76\x4a\xd7\xcb\xaa\x33\xd6\xc0\x39\x49\x9e\x9c\x71\
\xb8\xae\x3a\x64\xcd\xcc\x46\x6b\x3f\x94\xe4\x41\x0b\xaf\xef\x4c\
\xb2\xdf\x3a\x3c\x79\xff\xcc\x4e\x75\x3b\x36\xc9\x23\x16\xfd\xfd\
\x6f\xa4\xeb\xdf\x9f\xd9\x78\xf0\xbc\x24\x1f\x32\x6a\x03\x00\x00\
\x60\x1e\x18\xb1\x01\x00\x00\xd0\x82\x6d\xd5\x01\xcb\x74\x44\x75\
\x00\x00\x93\xf4\x82\xac\xfe\x49\x5d\xd5\x5e\x9b\xe4\xe7\x32\x0e\
\x3b\xaa\x43\x56\x5d\xd7\x77\x49\x7e\x22\xc9\x83\x93\x7c\x57\xd6\
\x67\xb4\xb6\x5c\xb7\x4d\xf2\x23\x0b\xaf\xe4\x3f\x47\x6d\xef\x4e\
\x72\x4e\xc6\xe1\x4b\x65\x65\x00\x00\x00\xb0\x0f\x36\x55\x07\x00\
\x00\x00\x40\xba\xfe\x77\x92\xfc\x62\x75\xc6\x32\xdc\x98\x64\xcb\
\x5c\xfe\xc0\x1e\x80\xb5\xd1\xf5\x47\x27\xf9\x44\x92\x83\xaa\x53\
\x56\xd1\xd9\x49\x9e\x38\x57\xff\x7f\xd8\xf5\xf7\x4c\xf2\x53\x0b\
\xaf\xfb\x14\xd7\xec\xad\x9b\x92\xbc\x2f\xb3\x3f\x9f\xb7\x64\x1c\
\xae\x28\xee\x01\x00\x00\x80\x65\x73\x12\x1b\x00\x00\x00\x2d\x98\
\xca\x75\xa2\x9b\x93\x1c\x9e\xe4\x2b\xd5\x21\x00\x4c\xc6\x2b\x33\
\x5f\x03\xb6\xb7\x67\x76\x85\xe8\xf4\x07\x6c\x5d\x7f\xa7\x24\xa7\
\x27\x79\x42\x92\x13\x8a\x6b\x56\xc3\x7e\x49\x4e\x5a\x78\xbd\x26\
\x5d\xff\x8e\xcc\x06\x6d\xef\x70\xe5\x28\x00\x00\x00\xad\x33\x62\
\x03\x00\x00\xa0\x05\x53\xb9\x4e\x34\x99\x5d\x29\x6a\xc4\x06\xc0\
\xad\xeb\xfa\x93\x92\x9c\x5a\x9d\xb1\x8a\xce\x4b\xf2\xd8\x8c\xc3\
\x0d\xd5\x21\xfb\xa4\xeb\xef\x91\xe4\x79\x49\x7e\x26\xf3\x35\x30\
\x5c\xec\xc0\x24\xa7\x2d\xbc\xbe\xb8\x70\xea\xed\x1b\x32\x0e\x57\
\xd7\x66\x01\x00\x00\xc0\xd2\xf6\xab\x0e\x00\x00\x00\x80\x4c\xe7\
\x24\xb6\x24\x39\xb2\x3a\x00\x80\x09\xe8\xfa\xcd\x49\x5e\x5d\x9d\
\xb1\x8a\xc6\x24\x8f\xce\x38\x5c\x5b\x1d\xb2\xd7\xba\xfe\xdb\xd3\
\xf5\x67\x27\xf9\x74\x92\x9f\xcd\xfc\x0e\xd8\x76\x75\xb7\x24\xaf\
\x4a\xf2\xaf\xe9\xfa\x97\x2c\x9c\x40\x07\x00\x00\x00\x4d\x71\x12\
\x1b\x00\x00\x00\x2d\x30\x62\x03\x60\xde\x3c\x23\xc9\xb7\x57\x47\
\xac\x92\x4f\x26\x79\x78\xc6\xe1\xaa\xea\x90\xbd\xd2\xf5\x3f\x90\
\xa4\x4f\xf2\x88\xea\x94\x62\x77\x4c\xf2\xa2\x24\x67\xa4\xeb\x7f\
\x3f\xc9\x2b\x33\x0e\x9f\x2f\x6e\x02\x00\x00\x80\x24\x46\x6c\x00\
\x00\x00\xb4\xc1\x88\x0d\x80\xf9\xd1\xf5\x87\x25\x79\x49\x75\xc6\
\x2a\xf9\xd7\x24\x0f\xcd\x38\x4c\xef\x2a\xed\xd9\xb5\xa1\xbf\x93\
\xe4\x94\xe2\x92\xd6\x1c\x9c\xe4\xbf\x25\x79\x7a\xba\xfe\x15\x49\
\x86\x8c\xc3\xf6\xe2\x26\x00\x00\x00\x36\x38\xd7\x89\x02\x00\x00\
\xd0\x82\x6d\xd5\x01\x2b\x70\x44\x75\x00\x00\xcd\xfb\xf5\x24\x87\
\x57\x47\xac\x82\x7f\x4b\xf2\x90\x8c\xc3\x17\xab\x43\x56\xa4\xeb\
\x6f\x93\xae\xff\xb5\xcc\x4e\x90\x33\x60\xdb\xbd\x03\x93\xbc\x30\
\xc9\x27\xd3\xf5\x3f\x51\x1d\x03\x00\x00\xc0\xc6\x66\xc4\x06\x00\
\x00\x40\xbd\xd9\xf5\x64\xd7\x54\x67\x2c\x93\x93\xd8\x00\xd8\xbd\
\xae\x3f\x3e\xc9\xb3\xaa\x33\x56\xc1\xf5\x49\x4e\xcd\x38\x7c\xa6\
\x3a\x64\x45\xba\xfe\x31\x49\x3e\x91\xe4\xc5\x49\x0e\x2a\xae\x99\
\x8a\x6f\x49\xf2\x67\xe9\xfa\xf7\x2e\x7c\x7e\x01\x00\x00\x60\xdd\
\xb9\x4e\x14\x00\x00\x80\x56\x6c\xcb\xec\x87\xa8\xad\x33\x62\x03\
\x60\x4f\x7e\x23\xf3\xf1\x7d\xd7\x5f\xce\x38\xbc\xbf\x3a\x62\xd9\
\xba\xfe\x5b\x92\xbc\x31\xc9\x43\xab\x53\x26\xec\xe4\x24\x1f\x4d\
\xd7\xbf\x3a\xc9\xaf\x66\x1c\xae\xab\x0e\x02\x00\x00\x60\xe3\x70\
\x12\x1b\x00\x00\x00\xad\x98\xca\x95\xa2\xae\x13\x05\x60\x69\x5d\
\x7f\x9f\xcc\xc7\xf5\x95\x6f\xc9\x38\xfc\x8f\xea\x88\x65\xeb\xfa\
\xd3\x92\x7c\x34\x06\x6c\xab\x61\xff\x24\x67\x24\xf9\xc7\x74\xfd\
\x7d\xab\x63\x00\x00\x00\xd8\x38\x8c\xd8\x00\x00\x00\x68\xc5\x97\
\xab\x03\x96\xc9\x49\x6c\x00\xec\xce\xf3\x32\xfd\xef\xb9\x5e\x9c\
\xe4\x67\xaa\x23\x96\xa5\xeb\x6f\x93\xae\x7f\x7d\x92\xb7\x24\xb9\
\x43\x75\xce\x9c\xb9\x7f\x92\x0b\xd3\xf5\xff\xb5\x3a\x04\x00\x00\
\x80\x8d\x61\xea\xdf\x50\x01\x00\x00\x60\x7e\x18\xb1\x01\x30\x5d\
\x5d\xbf\x35\xc9\x13\xab\x33\xf6\xd1\xf6\x24\xa7\x65\x1c\xae\xaa\
\x0e\xb9\x55\x5d\xff\x6d\x49\xc6\x24\x4f\xaf\x4e\x99\x63\x07\x27\
\x79\x63\xba\xfe\x4f\xd3\xf5\x87\x56\xc7\x00\x00\x00\x30\xdf\x8c\
\xd8\x00\x00\x00\x68\xc5\x54\x46\x6c\x87\xa5\xeb\xf7\xaf\x8e\x00\
\xa0\x39\xcf\x49\x72\x40\x75\xc4\x3e\x7a\x66\xc6\xe1\x5f\xaa\x23\
\x6e\x55\xd7\x3f\x3d\xc9\x87\x92\x1c\x5f\x9d\xb2\x41\x3c\x36\xc9\
\x3f\xa5\xeb\xbf\xb7\x3a\x04\x00\x00\x80\xf9\x65\xc4\x06\x00\x00\
\x40\x2b\xb6\x55\x07\x2c\xd3\xa6\x24\x77\xaa\x8e\x00\xa0\x21\x5d\
\x7f\x87\x24\xcf\xa8\xce\xd8\x47\x6f\xc8\x38\xbc\xb9\x3a\x62\x8f\
\xba\x7e\x53\xba\xfe\x15\x49\x5e\x9f\xe4\xa0\xea\x9c\x0d\xe6\x1e\
\x49\xce\x4b\xd7\x3f\xaa\x3a\x04\x00\x00\x80\xf9\x64\xc4\x06\x00\
\x00\x40\x2b\xa6\x72\x12\x5b\xe2\x4a\x51\x00\x76\xf6\xac\x24\xb7\
\xab\x8e\xd8\x07\x1f\x4e\xf2\xec\xea\x88\x3d\xea\xfa\x03\x92\x9c\
\x9d\xe4\xb9\xd5\x29\x1b\xd8\xc1\x49\xde\x96\xae\x7f\x66\x75\x08\
\x00\x00\x00\xf3\xc7\x88\x0d\x00\x00\x80\x56\x18\xb1\x01\x30\x3d\
\x5d\x7f\x50\x92\x5f\xa8\xce\xd8\x07\xd7\x26\x39\x3d\xe3\x70\x5d\
\x75\xc8\x6e\x75\xfd\xa1\x49\xde\x9d\xe4\xf1\xd5\x29\x64\x73\x92\
\xd7\xa6\xeb\x7f\xab\x3a\x04\x00\x00\x80\xf9\x62\xc4\x06\x00\x00\
\x40\x2b\xa6\x72\x9d\x68\x92\x1c\x51\x1d\x00\x40\x33\x9e\x9c\xe4\
\xce\xd5\x11\xfb\xe0\xa5\x19\x87\xcf\x54\x47\xec\x56\xd7\xdf\x2d\
\xc9\xf9\x49\x1e\x54\x5c\xc2\xce\xfa\x74\xfd\x9b\xd2\xf5\x5b\xaa\
\x43\x00\x00\x00\x98\x0f\x46\x6c\x00\x00\x00\xb4\xc2\x49\x6c\x00\
\x4c\x4b\xd7\x6f\xce\xb4\xaf\xb7\xfc\x44\x92\x97\x57\x47\xec\x56\
\xd7\x1f\x9d\xe4\x03\x49\xbe\xad\x3a\x85\x25\x3d\x31\xc9\xb9\x0b\
\x57\xbd\x02\x00\x00\xc0\x3e\x31\x62\x03\x00\x00\xa0\x15\x46\x6c\
\x00\x4c\xcd\x8f\x27\x39\xa6\x3a\x62\x2f\xed\x48\xf2\xcc\x8c\xc3\
\xf5\xd5\x21\x4b\xea\xfa\xa3\x92\xbc\x27\xc9\xdd\xaa\x53\xd8\xa3\
\x87\x25\x39\x7b\x61\xd0\x09\x00\x00\x00\x7b\xcd\x88\x0d\x00\x00\
\x80\x36\x8c\xc3\xb5\x49\xae\xaa\xce\x58\x26\x23\x36\x00\x92\xe4\
\x97\xab\x03\xf6\xc1\x1f\x64\x1c\xfe\xa1\x3a\x62\x49\x5d\x7f\x58\
\x92\xbf\x4d\x72\xcf\xea\x14\x96\xe5\xc7\x93\xbc\xbe\x3a\x02\x00\
\x00\x80\x69\x33\x62\x03\x00\x00\xa0\x25\xdb\xaa\x03\x96\xe9\x88\
\xea\x00\x00\x8a\x75\xfd\xf7\x24\xf9\xee\xea\x8c\xbd\xb4\x2d\xad\
\x0e\xf0\xba\xfe\xb6\x49\xfe\x3a\xae\x10\x9d\x9a\xa7\xa6\xeb\x5f\
\x51\x1d\x01\x00\x00\xc0\x74\x19\xb1\x01\x00\x00\xd0\x92\xa9\x5c\
\x29\xea\x24\x36\x00\x9e\x58\x1d\xb0\x0f\xce\xc8\x38\x7c\xb5\x3a\
\xe2\x16\xba\xfe\xc0\x24\x7f\x99\xe4\x84\xea\x14\xf6\xca\x73\xd3\
\xf5\x2f\xa8\x8e\x00\x00\x00\x60\x9a\x8c\xd8\x00\x00\x00\x68\x89\
\x11\x1b\x00\xed\xeb\xfa\xcd\x49\x1e\x57\x9d\xb1\x97\xde\x9b\x71\
\x78\x73\x75\xc4\x6e\xbc\x29\xc9\x43\xaa\x23\xd8\x27\xbf\x99\xae\
\x7f\x6a\x75\x04\x00\x00\x00\xd3\x63\xc4\x06\x00\x00\x40\x4b\xa6\
\x72\x9d\xa8\x11\x1b\xc0\xc6\xf6\xd0\x24\x77\xae\x8e\xd8\x0b\xd7\
\x26\x79\x56\x75\xc4\x92\xba\xfe\x8c\x24\x8f\xad\xce\x60\x55\xbc\
\x26\x5d\x3f\xd5\xab\x76\x01\x00\x00\x28\x62\xc4\x06\x00\x00\x40\
\x4b\xa6\x72\x12\xdb\xed\x16\xae\x3c\x03\x60\x63\x7a\x42\x75\xc0\
\x5e\x7a\x4d\xc6\xe1\xd3\xd5\x11\xb7\xd0\xf5\x3f\x98\xe4\x65\xd5\
\x19\xac\x9a\x03\x93\xbc\x25\x5d\x7f\x58\x75\x08\x00\x00\x00\xd3\
\x61\xc4\x06\x00\x00\x40\x4b\xa6\x32\x62\x4b\x9c\xc6\x06\xb0\x31\
\x75\xfd\x21\x49\x4e\xa9\xce\xd8\x0b\xd7\x24\x79\x45\x75\xc4\x2d\
\x74\xfd\x91\x49\xfe\x34\xc9\xfe\xd5\x29\xac\xaa\xa3\x93\xfc\x51\
\xba\x7e\x53\x75\x08\x00\x00\x00\xd3\x60\xc4\x06\x00\x00\x40\x4b\
\x8c\xd8\x00\x68\xdd\x69\x49\x0e\xae\x8e\xd8\x0b\xaf\xcb\x38\xfc\
\x5b\x75\xc4\x4e\xba\x7e\x73\x92\x3f\x49\xb2\xb5\x3a\x85\x35\xf1\
\xa8\x24\xbf\x52\x1d\x01\x00\x00\xc0\x34\x18\xb1\x01\x00\x00\xd0\
\x92\x6d\xd5\x01\x2b\x70\x44\x75\x00\x00\x25\xa6\x78\x95\xe8\x35\
\x49\x5e\x5e\x1d\xb1\x84\x97\x24\x39\xb9\x3a\x62\x1d\x5c\x91\xe4\
\xa2\x24\x7f\x9f\xe4\x2f\x93\xbc\x3f\xc9\xe7\x92\x5c\x5b\x19\xb5\
\x4e\x5e\x9a\xae\x3f\xa9\x3a\x02\x00\x00\x80\xf6\x39\xa2\x1d\x00\
\x00\x80\x96\x38\x89\x0d\x80\x76\x75\xfd\xd6\x4c\x73\x74\xf5\xc6\
\x8c\xc3\xe5\xd5\x11\x3b\xe9\xfa\x13\x92\x3c\xbf\x3a\x63\x15\x6d\
\x4b\xf2\xce\x24\x1f\x49\x72\x69\x92\xcb\x6e\x7e\x8d\xc3\x35\xbb\
\xfd\x5f\x75\xfd\x61\x49\x8e\x5a\xf4\xba\x6b\x92\x07\x25\x39\x29\
\xc9\x81\x6b\x5a\xbc\x3e\x36\x67\x76\xad\xe8\xf1\x19\x87\xab\xab\
\x63\x00\x00\x00\x68\x97\x11\x1b\x00\x00\x00\x2d\x31\x62\x03\xa0\
\x65\x3f\x99\xe9\xdd\x6e\x71\x5d\x92\x33\xab\x23\x76\xd2\xf5\xfb\
\x27\x79\x7d\xa6\xf7\x5e\xee\xea\x13\x49\xce\x4d\xf2\xf6\x24\x17\
\x64\x1c\x6e\x5a\xf1\xef\x30\x0e\x5f\x4b\xf2\xb5\x85\xdf\xeb\x9b\
\xce\x4c\xd7\x1f\x92\xe4\xa1\x99\x5d\xc9\xf9\x88\x4c\xfb\x04\xd8\
\xbb\x67\x76\xea\xde\x2f\x55\x87\x00\x00\x00\xd0\x2e\x23\x36\x00\
\x00\x00\x5a\xb2\x2d\xc9\x8e\x24\x9b\xaa\x43\x96\xc1\x88\x0d\x60\
\xe3\x79\x62\x75\xc0\x5e\x78\x63\xc6\xe1\xd2\xea\x88\x5d\x3c\x27\
\xc9\xfd\xab\x23\xf6\xc2\x8e\x24\xe7\x65\x36\x5c\x3b\x37\xe3\x70\
\xc9\x9a\x3d\x69\x76\x6a\xd9\x5b\x93\xbc\x35\x5d\xbf\x5f\x92\x13\
\x32\x1b\xb4\x9d\x9a\xe4\xde\x6b\xf6\xdc\xb5\xf3\xec\x74\xfd\x9b\
\x33\x0e\x1f\xa9\x0e\x01\x00\x00\xa0\x4d\x53\xf8\xa1\x00\x00\x00\
\x00\x1b\x49\xd7\x7f\x35\xc9\x61\xd5\x19\xcb\x70\x56\xc6\xe1\x29\
\xd5\x11\x00\xac\x93\xae\xff\xf6\x24\x1f\xab\xce\x58\xa1\xeb\x92\
\x1c\x93\x71\xf8\x52\x75\xc8\xcd\xba\xfe\x5b\x33\x3b\x75\xec\xe0\
\xea\x94\x15\x7a\x77\x92\x17\x64\x1c\x3e\x5c\x5a\xd1\xf5\x9b\x92\
\x3c\x3e\xb3\x93\xcd\x8e\x29\x6d\x59\xb9\x0f\x25\x39\x61\xaf\x4e\
\xac\x03\x00\x00\x60\xee\x4d\xfd\xb8\x76\x00\x00\x00\xe6\xcf\x54\
\xae\x14\x75\x12\x1b\xc0\xc6\x72\x6a\x75\xc0\x5e\xf8\xfd\xa6\x06\
\x6c\x33\xaf\xc9\xb4\x06\x6c\x17\x24\x39\x29\xe3\xf0\xb0\xf2\x01\
\x5b\x92\x8c\xc3\x8e\x8c\xc3\x1f\x27\x39\x2e\xc9\xb3\x92\x5c\x56\
\x5c\xb4\x12\xdf\x9b\xe4\x67\xab\x23\x00\x00\x00\x68\x93\x11\x1b\
\x00\x00\x00\xad\x31\x62\x03\xa0\x45\x0f\xae\x0e\x58\xa1\x9b\x92\
\x9c\x59\x1d\xb1\x93\xae\x3f\x2d\xc9\x23\xaa\x33\x96\xe9\xe3\x49\
\x4e\xc9\x38\x3c\x20\xe3\x70\x5e\x75\xcc\x2d\x8c\xc3\xf5\x19\x87\
\xd7\x25\xb9\x57\x92\xe7\x27\xf9\x5a\x71\xd1\x72\xfd\x66\xba\x7e\
\x6b\x75\x04\x00\x00\x00\xed\x31\x62\x03\x00\x00\xa0\x35\xdb\xaa\
\x03\x96\xe9\x88\xea\x00\x00\xd6\x49\xd7\xdf\x36\xc9\x09\xd5\x19\
\x2b\xf4\x9e\x8c\xc3\xe7\xab\x23\x6e\xd6\xf5\x9b\xd3\xda\xa8\x6e\
\x69\x5f\x4d\xf2\xa4\x24\xf7\xcf\x38\xfc\x55\x75\xcc\xad\x1a\x87\
\xed\x19\x87\x33\x93\xdc\x33\xc9\xab\x92\xec\x28\x2e\xba\x35\xb7\
\x4f\xf2\xdf\xab\x23\x00\x00\x00\x68\x8f\x11\x1b\x00\x00\x00\xad\
\x99\xca\x49\x6c\x46\x6c\x00\x1b\xc7\x89\x49\xb6\x54\x47\xac\xd0\
\x53\x69\x9a\x13\x00\x00\x20\x00\x49\x44\x41\x54\x59\xd5\x01\xbb\
\xf8\xa9\x24\xc7\x54\x47\xdc\x8a\x8f\x25\xe9\x32\x0e\x6f\xca\x38\
\xdc\x54\x1d\xb3\x22\xe3\xf0\xf5\x8c\xc3\x73\x93\x9c\x92\xe4\xca\
\xea\x9c\x5b\xf1\x94\x74\xfd\xdd\xab\x23\x00\x00\x00\x68\x8b\x11\
\x1b\x00\x00\x00\xad\x99\xca\x88\xed\xe0\x74\xfd\x21\xd5\x11\x00\
\xac\x8b\xa9\x5d\x25\x7a\x45\x92\xb7\x55\x47\xdc\x6c\x76\x0a\xdb\
\x0b\xab\x33\x6e\xc5\x9f\x27\x79\x60\xc6\xe1\x73\xd5\x21\xfb\x64\
\x1c\xce\x4d\xf2\xfd\x49\x3e\x55\x9d\xb2\x07\x07\x64\x76\x05\x2a\
\x00\x00\x00\xdc\xcc\x88\x0d\x00\x00\x80\xd6\x4c\x65\xc4\x96\x24\
\x47\x56\x07\x00\xb0\x2e\xa6\x36\x62\x3b\x27\xe3\x70\x6d\x75\xc4\
\x22\x8f\x4f\x72\x6c\x75\xc4\x6e\xdc\x94\xe4\x05\x19\x87\xc7\x66\
\x1c\xbe\x51\x1d\xb3\x2a\xc6\xe1\xa2\x24\xdf\x97\xe4\x1d\xd5\x29\
\x7b\xf0\xd4\x74\xfd\x5d\xab\x23\x00\x00\x00\x68\x87\x11\x1b\x00\
\x00\x00\xad\xd9\x56\x1d\xb0\x02\xae\x14\x05\x98\x77\x5d\x7f\x78\
\x92\xef\xac\xce\x58\xa1\xb3\xaa\x03\x6e\xd6\xf5\xfb\x25\xf9\xd5\
\xea\x8c\xdd\xf8\x7a\x92\x47\x66\x1c\x86\xea\x90\x55\x37\x0e\x57\
\x26\x79\x74\x92\x97\x26\xd9\x51\x5c\xb3\x94\x03\x93\xfc\x4a\x75\
\x04\x00\x00\x00\xed\x30\x62\x03\x00\x00\xa0\x35\x4e\x62\x03\xa0\
\x25\x27\x25\xd9\x54\x1d\xb1\x02\x17\x65\x1c\x2e\xa8\x8e\x58\xe4\
\xf4\x24\xf7\xad\x8e\x58\xc2\xe7\x93\x7c\x5f\xc6\xe1\x5d\xd5\x21\
\x6b\x66\x1c\x76\x64\x1c\x5e\x94\xd9\x9f\xc1\x0d\xd5\x39\x4b\x78\
\x5a\xba\xfe\xa8\xea\x08\x00\x00\x00\xda\x60\xc4\x06\x00\x00\x40\
\x6b\x8c\xd8\x00\x68\xc9\xd4\xae\x12\x3d\xab\x3a\x60\x17\xcf\xad\
\x0e\x58\xc2\x55\x99\x9d\xc0\xf6\xe9\xea\x90\x75\x31\x0e\x7f\x9e\
\xe4\xd9\xd5\x19\x4b\x38\x28\xc9\xcf\x57\x47\x00\x00\x00\xd0\x06\
\x23\x36\x00\x00\x00\x5a\xe3\x3a\x51\x00\x5a\x32\xa5\x11\xdb\x8d\
\x49\xde\x5c\x1d\x71\xb3\xae\xbf\x7f\x92\xef\xae\xce\xd8\xc5\x8d\
\x49\x4e\xcf\x38\xfc\x73\x75\xc8\xba\x1a\x87\xd7\x26\x79\x75\x75\
\xc6\x12\x7e\x7a\xe1\xca\x59\x00\x00\x00\x36\x38\x5f\x1c\x02\x00\
\x00\xd0\x9a\x7f\xcf\xec\x07\xcc\x53\xe0\x24\x36\x80\x79\xd6\xf5\
\x77\x4f\x72\x6c\x75\xc6\x0a\xfc\x5d\xc6\xe1\xd2\xea\x88\x45\x9e\
\x5c\x1d\xb0\x84\xe7\xcc\xf5\x15\xa2\x7b\xf6\x4b\x49\xde\x59\x1d\
\xb1\x8b\xbb\x25\x79\x48\x75\x04\x00\x00\x00\xf5\x8c\xd8\x00\x00\
\x00\x68\xcb\x38\xdc\x94\xd9\x90\x6d\x0a\x8c\xd8\x00\xe6\xdb\x94\
\x4e\x61\x4b\x92\x73\xaa\x03\x6e\xd6\xf5\x5b\x92\x3c\xa1\x3a\x63\
\x17\xaf\xc9\x38\xfc\x6e\x75\x44\x99\xd9\xbf\x63\x3d\x2e\xc9\xc7\
\xaa\x53\x76\xf1\x94\xea\x00\x00\x00\x00\xea\x19\xb1\x01\x00\x00\
\xd0\xa2\x2f\x57\x07\x2c\x93\x11\x1b\xc0\x7c\x3b\xb9\x3a\x60\x85\
\xfe\xae\x3a\x60\x91\x1f\x4b\x5b\xd7\x6e\xff\x4d\x92\x5f\xa8\x8e\
\x28\x37\x0e\x57\x27\x79\x64\x92\xcb\xab\x53\x16\x39\x25\x5d\x7f\
\x68\x75\x04\x00\x00\x00\xb5\x8c\xd8\x00\x00\x00\x68\xd1\xb6\xea\
\x80\x65\x6a\xe9\x87\xf3\x00\xac\xbe\xef\xa9\x0e\x58\x81\x8b\x5c\
\x25\xba\x5b\x9f\x4d\x72\x7a\xc6\x61\x2a\xd7\x95\xaf\xad\x71\xf8\
\x42\x92\x53\xd2\xce\xf5\xed\x07\x65\x76\x42\x1c\x00\x00\x00\x1b\
\x98\x11\x1b\x00\x00\x00\x2d\x72\x12\x1b\x00\xb5\x66\xd7\x61\x1e\
\x5b\x9d\xb1\x02\xef\xa9\x0e\xb8\x59\xd7\xdf\x29\xc9\x23\xaa\x33\
\x16\x79\x5e\xc6\xe1\xca\xea\x88\xa6\x8c\xc3\x07\x93\xfc\x61\x75\
\xc6\x22\x4f\xaa\x0e\x00\x00\x00\xa0\x96\x11\x1b\x00\x00\x00\x2d\
\x9a\xca\x88\xcd\x49\x6c\x00\xf3\xeb\xd8\x24\x5b\xaa\x23\x56\xa0\
\x9d\x11\x5b\xf2\xa3\x69\xe7\xbd\xfb\x87\x8c\xc3\xdb\xaa\x23\x1a\
\xf5\xa2\x24\x57\x57\x47\x2c\x38\x21\x5d\xef\xdf\xab\x00\x00\x00\
\x36\x30\x23\x36\x00\x00\x00\x5a\x34\x95\xeb\x44\xb7\xa4\xeb\x0f\
\xab\x8e\x00\x60\x4d\x1c\x5f\x1d\xb0\x02\x37\x26\x39\xaf\x3a\x62\
\x91\x07\x57\x07\x2c\xd8\x91\xe4\x8c\xea\x88\x66\x8d\xc3\xe5\x49\
\x5e\x5e\x9d\xb1\x60\x53\x92\x93\xab\x23\x00\x00\x00\xa8\x63\xc4\
\x06\x00\x00\x40\x8b\xa6\x72\x12\x5b\xe2\x34\x36\x80\x79\x75\xbf\
\xea\x80\x15\x18\x33\x0e\x57\x54\x47\x2c\xf2\x90\xea\x80\x05\xe7\
\x64\x1c\x3e\x54\x1d\xd1\xb8\x57\x25\xf9\x52\x75\xc4\x82\x56\xc6\
\x8f\x00\x00\x00\x14\x30\x62\x03\x00\x00\xa0\x45\x53\x1a\xb1\x1d\
\x59\x1d\x00\xc0\x9a\x98\xd2\x49\x6c\xed\x5c\x25\xda\xf5\xc7\x26\
\xb9\x7b\x75\x46\x92\xeb\x92\xf4\xd5\x11\xcd\x1b\x87\xed\x49\x5e\
\x58\x9d\xb1\xa0\x95\xf1\x23\x00\x00\x00\x05\x8c\xd8\x00\x00\x00\
\x68\x91\x11\x1b\x00\xd5\xa6\x74\x12\xdb\x7b\xab\x03\x16\x69\x65\
\x88\xf4\xea\x8c\xc3\xbf\x56\x47\x4c\xc4\x9b\x92\xfc\x53\x75\x44\
\x92\xa3\xd3\xf5\x47\x57\x47\x00\x00\x00\x50\xc3\x88\x0d\x00\x00\
\x80\x16\x6d\xab\x0e\x58\x01\xd7\x89\x02\xcc\x9b\xae\xdf\x3f\xc9\
\xb1\xd5\x19\xcb\xb4\x3d\xc9\xfb\xab\x23\x16\x69\xe1\x4a\xc8\xed\
\x49\x7e\xab\x3a\x62\x32\xc6\xe1\xa6\x24\x2f\xaa\xce\x58\xd0\xca\
\x08\x12\x00\x00\x80\x75\x66\xc4\x06\x00\x00\x40\x8b\x9c\xc4\x06\
\x40\xa5\x7b\x25\x39\xa0\x3a\x62\x99\x2e\xc8\x38\x5c\x57\x1d\x91\
\x24\xe9\xfa\x4d\x49\x4e\xaa\xce\x48\xf2\xee\x8c\xc3\x15\xd5\x11\
\x13\xf3\xee\x24\x2d\xbc\x67\x27\x57\x07\x00\x00\x00\x50\xc3\x88\
\x0d\x00\x00\x80\xf6\x8c\xc3\xd7\x93\xfc\x47\x75\xc6\x32\x19\xb1\
\x01\xcc\x9f\x29\x5d\x25\xfa\xf1\xea\x80\x45\xee\x96\xe4\x8e\xd5\
\x11\x49\xde\x5a\x1d\x30\x39\xe3\x70\x7d\x92\x77\x54\x67\x24\xf9\
\x8e\xea\x00\x00\x00\x00\x6a\x18\xb1\x01\x00\x00\xd0\xaa\xaf\x54\
\x07\x2c\x93\x11\x1b\xc0\xfc\x39\xbe\x3a\x60\x05\x3e\x59\x1d\xb0\
\xc8\x71\xd5\x01\x49\x5a\x19\x63\x4d\xd1\xdb\xaa\x03\x92\x1c\xb3\
\x70\x9d\x2f\x00\x00\x00\x1b\x8c\x11\x1b\x00\x00\x00\xad\x9a\xca\
\x95\xa2\x47\x54\x07\x00\xb0\xea\xa6\x74\x12\xdb\x45\xd5\x01\x8b\
\xdc\xb7\x3a\x20\xc9\xff\x59\x38\xd1\x95\x95\x7b\x57\x92\x6b\x8a\
\x1b\x0e\x48\x72\xcf\xe2\x06\x00\x00\x00\x0a\xf8\x2f\x9a\x00\x00\
\x00\x68\xd5\x54\x46\x6c\x77\x49\xd7\xb7\x70\x75\x1a\x00\xab\xc7\
\x88\x6d\xef\xb4\x30\x62\x73\x95\xe8\xde\x1a\x87\xed\xe9\xfa\x77\
\x27\x39\xa5\xb8\xe4\xbe\x49\x2e\x2e\x6e\x00\x00\x00\x60\x9d\x19\
\xb1\x01\x00\x00\xd0\xaa\xa9\x8c\xd8\x8e\x4b\xf2\xef\xd5\x11\x00\
\x6c\x48\x57\x64\x1c\x2e\xab\x8e\x58\xa4\x7a\xc4\x76\x53\x92\xbf\
\x2a\x6e\x98\xba\xb7\xa5\x7e\xc4\x76\x5c\x92\x73\x8b\x1b\x00\x00\
\x00\x58\x67\xae\x13\x05\x00\x00\xa0\x55\xdb\xaa\x03\x00\xa0\x71\
\x2d\x9d\xc2\x96\xd4\x8f\xd8\x3e\x90\x71\xb8\xbc\xb8\x61\xea\xde\
\x9e\xe4\x86\xe2\x86\xea\xcf\x11\x00\x00\x00\x05\x8c\xd8\x00\x00\
\x00\x68\xd5\x54\x4e\x62\x03\x80\x2a\xed\x8c\xd8\xba\xfe\xf6\x49\
\x8e\x2a\xae\xb8\xa0\xf8\xf9\xd3\x37\x0e\x5f\x4b\xf2\xa9\xe2\x8a\
\xfb\x14\x3f\x1f\x00\x00\x80\x02\x46\x6c\x00\x00\x00\xb4\xca\x88\
\x0d\x00\xf6\xac\x9d\x11\x5b\x72\xe7\xea\x80\x24\x97\x56\x07\xcc\
\x89\xea\xf7\xb1\x85\xcf\x12\x00\x00\x00\xeb\xcc\x88\x0d\x00\x00\
\x80\x56\xb9\x4e\x14\x00\xf6\xac\xa5\x11\xdb\xed\xaa\x03\x92\x7c\
\xa9\x3a\x60\x4e\x54\xbf\x8f\x2d\x7c\x96\x00\x00\x00\x58\x67\x46\
\x6c\x00\x00\x00\xb4\xca\x49\x6c\x00\xb0\x67\x46\x6c\x3b\xab\x3e\
\x41\x6c\x5e\x54\xbf\x8f\x2d\x7c\x96\x00\x00\x00\x58\x67\x46\x6c\
\x00\x00\x00\xb4\xca\x88\x0d\x00\xf6\xec\xf3\xd5\x01\x8b\xdc\xbe\
\x3a\x20\xf5\x27\x88\xcd\x8b\xea\xf7\xf1\xa0\x74\xfd\x96\xe2\x06\
\x00\x00\x00\xd6\x99\x11\x1b\x00\x00\x00\xad\x32\x62\x03\x80\xdd\
\xbb\x31\xe3\xb0\xbd\x3a\x62\x91\x16\x4e\xcf\xaa\x3e\x41\x6c\x5e\
\xb4\xf0\x3e\xb6\xf0\x79\x02\x00\x00\x60\x1d\x19\xb1\x01\x00\x00\
\xd0\xa6\x71\xf8\x46\x92\x96\x7e\x38\x0f\x00\x2d\xb9\xaa\x3a\x60\
\x17\xd5\xa3\xa3\xaf\x66\x1c\xae\x2d\x6e\x98\x17\xd5\x27\xb1\x25\
\xf5\x9f\x27\x00\x00\x00\xd6\x99\x11\x1b\x00\x00\x00\x2d\xdb\x56\
\x1d\x00\x00\x8d\x6a\x6d\xc4\x56\x7d\x9d\x68\x0b\xa7\x87\xcd\x8b\
\x16\xde\xcb\xea\xcf\x13\x00\x00\x00\xeb\xcc\x88\x0d\x00\x00\x80\
\x96\xb9\x52\x14\x00\x96\x76\x65\x75\xc0\x2e\xf6\x2f\x7e\xbe\xd3\
\x5b\x57\xcf\x37\xaa\x03\x92\x6c\xa9\x0e\x00\x00\x00\x60\x7d\x19\
\xb1\x01\x00\x00\xd0\x32\x23\x36\x00\x58\x5a\x6b\x27\xb1\x5d\x5d\
\xfc\xfc\xa3\x8a\x9f\x3f\x4f\xb6\x56\x07\xa4\xbd\xcf\x37\x00\x00\
\x00\x6b\xcc\x88\x0d\x00\x00\x80\x96\xb9\x4e\x14\x00\x96\xd6\xda\
\xc8\xa7\xba\xe7\xa8\x74\xfd\xa6\xe2\x86\x79\x71\xd7\xea\x80\xd4\
\x7f\x9e\x00\x00\x00\x58\x67\x46\x6c\x00\x00\x00\xb4\xcc\x49\x6c\
\x00\xb0\xb4\xd6\xae\x13\xad\xee\xd9\x3f\xc9\x91\xc5\x0d\xf3\xa2\
\x85\x93\xd8\xaa\x3f\x4f\x00\x00\x00\xac\x33\x23\x36\x00\x00\x00\
\x5a\x66\xc4\x06\x00\x4b\x6b\xed\xa4\xaa\x16\x7a\x5a\x38\x41\x6c\
\x1e\x54\xbf\x8f\x37\x66\x1c\xb6\x17\x37\x00\x00\x00\xb0\xce\x8c\
\xd8\x00\x00\x00\x68\x99\xeb\x44\x01\x60\x69\x2d\x8c\xc6\x16\x6b\
\xa1\xa7\x85\x13\xc4\xe6\x41\xf5\xfb\x78\x75\xf1\xf3\x01\x00\x00\
\x28\x60\xc4\x06\x00\x00\x40\xcb\x9c\xc4\x06\x00\x4b\x6b\xed\xba\
\xc5\x16\x7a\xaa\x4f\x10\x9b\x17\xd5\xef\x63\x0b\x9f\x25\x00\x00\
\x00\xd6\x99\x11\x1b\x00\x00\x00\x2d\x33\x62\x03\x80\xa5\x5d\x5f\
\x1d\xb0\x8b\xaf\x57\x07\xa4\xfe\x04\xb1\x79\x51\xfd\x3e\x5e\x51\
\xfc\x7c\x00\x00\x00\x0a\x18\xb1\x01\x00\x00\xd0\x32\x23\x36\x00\
\x58\xda\x96\xea\x80\x5d\x5c\x96\x64\x7b\x71\xc3\xbd\x8b\x9f\x3f\
\x7d\x5d\xbf\x5f\x92\x63\x8a\x2b\x3e\x53\xfc\x7c\x00\x00\x00\x0a\
\x18\xb1\x01\x00\x00\xd0\xb2\x6d\xd5\x01\x00\xd0\xa8\xfd\xab\x03\
\x76\x32\x0e\x3b\x92\x5c\x5c\x5c\xf1\xb0\x74\x7d\x6b\xe3\xbe\xa9\
\x79\x60\x92\xc3\x8b\x1b\x2e\x2a\x7e\x3e\x00\x00\x00\x05\x8c\xd8\
\x00\x00\x00\x68\xd7\x38\x5c\x97\xe4\xca\xea\x0c\x00\x68\xd0\x01\
\xd5\x01\x4b\xa8\x1e\x1f\xdd\x21\xc9\x49\xc5\x0d\x53\x77\x6a\x75\
\x40\xea\x3f\x47\x00\x00\x00\x14\x30\x62\x03\x00\x00\xa0\x75\xae\
\x14\x05\x80\x5b\x6a\x71\xc4\xf6\xc9\xea\x80\x24\x8f\xa9\x0e\x98\
\xb8\x16\xde\x3f\x23\x36\x00\x00\x80\x0d\xc8\x88\x0d\x00\x00\x80\
\xd6\xb9\x52\x14\x00\x6e\xa9\xc5\x11\x5b\x0b\xe3\xa3\x53\xd2\xf5\
\xbe\xef\xbd\x37\xba\xfe\xbb\x92\xdc\xa3\x3a\x23\x6d\x7c\x8e\x00\
\x00\x00\x58\x67\xbe\x98\x07\x00\x00\xa0\x75\x4e\x62\x03\x80\x5b\
\x32\x62\x5b\xda\x5d\x92\x3c\xa0\x3a\x62\xa2\x5a\xb8\x4a\xf4\xf2\
\x8c\xc3\x15\xd5\x11\x00\x00\x00\xac\x3f\x23\x36\x00\x00\x00\x5a\
\x67\xc4\x06\x00\xb7\xd4\xe2\x88\xed\xe2\x24\x37\x56\x47\xa4\x8d\
\x2b\x31\xa7\xa8\x85\xf7\xad\x85\x2b\x69\x01\x00\x00\x28\x60\xc4\
\x06\x00\x00\x40\xeb\x8c\xd8\x00\xe0\x96\xda\x1b\xb1\x8d\xc3\xb5\
\x49\xc6\xea\x8c\xb4\x31\xc6\x9a\x96\xae\x3f\x36\xc9\xfd\xaa\x33\
\x92\xfc\x43\x75\x00\x00\x00\x00\x35\x8c\xd8\x00\x00\x00\x68\xdd\
\xb6\xea\x00\x00\x68\x50\x7b\x23\xb6\x99\xf7\x56\x07\x24\xb9\x67\
\xba\xfe\xbf\x54\x47\x4c\xcc\x2f\x55\x07\x2c\x78\x4f\x75\x00\x00\
\x00\x00\x35\x8c\xd8\x00\x00\x00\x68\x9d\x93\xd8\x00\xe0\x96\x0e\
\xac\x0e\xd8\x8d\x56\x46\x48\x67\xa6\xeb\xf7\xaf\x8e\x98\x84\xae\
\x3f\x2e\xc9\xd3\xaa\x33\x92\x7c\x23\xc9\x05\xd5\x11\x00\x00\x00\
\xd4\x30\x62\x03\x00\x00\xa0\x75\x46\x6c\x00\x70\x4b\xad\x9e\xc4\
\xf6\xfe\x24\xd7\x54\x47\x24\xb9\x4f\x92\x67\x56\x47\x4c\xc4\x2b\
\x92\x6c\xae\x8e\x48\xf2\x7f\x33\x0e\xd7\x57\x47\x00\x00\x00\x50\
\xc3\x88\x0d\x00\x00\x80\xd6\xb9\x4e\x14\x00\x6e\xa9\xcd\x11\xdb\
\x38\x5c\x97\xe4\xfc\xea\x8c\x05\x2f\x4e\xd7\x1f\x5a\x1d\xd1\xb4\
\xae\x7f\x70\x92\x47\x54\x67\x2c\x68\xe1\x2a\x5a\x00\x00\x00\x8a\
\x18\xb1\x01\x00\x00\xd0\x3a\x27\xb1\x01\xc0\x2d\xb5\x39\x62\x9b\
\x69\x65\x8c\x74\xa7\x24\x2f\xa8\x8e\x68\x56\xd7\xef\x97\xe4\x55\
\xd5\x19\x8b\xb4\x72\x15\x2d\x00\x00\x00\x05\x8c\xd8\x00\x00\x00\
\x68\xdd\xb6\x24\x3b\xaa\x23\x00\xa0\x31\x2d\x8f\xd8\xfe\xb6\x3a\
\x60\x91\x5f\x48\xd7\x7f\x6b\x75\x44\xa3\x9e\x94\xe4\x3b\xaa\x23\
\x16\xfc\x5b\x92\x8f\x55\x47\x00\x00\x00\x50\xc7\x88\x0d\x00\x00\
\x80\xb6\x8d\xc3\x8d\x49\xbe\x5a\x9d\x01\x00\x8d\x69\x77\xc4\x36\
\x0e\x1f\x49\xf2\xc9\xea\x8c\x05\x07\x26\x79\x59\x75\x44\x73\xba\
\xfe\xb6\x49\x5e\x5a\x9d\xb1\xc8\x9f\x64\x1c\xfc\x47\x0b\x00\x00\
\x00\x1b\x98\x11\x1b\x00\x00\x00\x53\xb0\xad\x3a\x00\x00\x1a\xd3\
\xee\x88\x6d\xe6\x8f\xaa\x03\x16\x79\x5c\xba\xfe\xa9\xd5\x11\xcd\
\xe8\xfa\x4d\x99\xfd\xf9\x6c\xad\x4e\x59\xe4\x0f\xab\x03\x00\x00\
\x00\xa8\x65\xc4\x06\x00\x00\xc0\x14\x7c\xb9\x3a\x00\x00\x1a\xd3\
\xfa\x88\xed\x4d\x49\x6e\xac\x8e\x58\xe4\xb5\xe9\xfa\x93\xab\x23\
\x1a\xf1\x5b\x49\x4e\xab\x8e\x58\xe4\x23\x19\x07\x57\x89\x02\x00\
\x00\x6c\x70\x46\x6c\x00\x00\x00\x4c\x81\x11\x1b\x00\xec\xac\xed\
\x11\xdb\x38\x5c\x96\xe4\x6f\xab\x33\x16\xd9\x92\xe4\x2d\xe9\xfa\
\xfb\x54\x87\x94\xea\xfa\x27\x27\x79\x7e\x75\xc6\x2e\xce\xaa\x0e\
\x00\x00\x00\xa0\x9e\x11\x1b\x00\x00\x00\x53\xe0\x3a\x51\x00\xd8\
\x59\xdb\x23\xb6\x99\xb3\xaa\x03\x76\x71\x58\x92\x77\xa4\xeb\x0f\
\xaf\x0e\x29\xd1\xf5\x3f\x9c\xe4\x0d\xd5\x19\xbb\xf8\x8f\x24\x67\
\x57\x47\x00\x00\x00\x50\xcf\x88\x0d\x00\x00\x80\x29\x70\x12\x1b\
\x00\xec\xec\xc0\xea\x80\x65\xf8\xab\x24\x5f\xab\x8e\xd8\xc5\xbd\
\x92\xbc\x35\x5d\x3f\x85\x11\xe0\xea\xe9\xfa\x63\x93\xbc\x35\xb3\
\x13\xe9\x5a\xf2\xce\x8c\xc3\xbf\x57\x47\x00\x00\x00\x50\xcf\x88\
\x0d\x00\x00\x80\x29\x30\x62\x03\x80\x9d\xb5\x3f\xc2\x1a\x87\xeb\
\x92\xfc\x41\x75\xc6\x12\x7e\x28\xc9\x1b\xd2\xf5\x9b\xaa\x43\xd6\
\x45\xd7\xdf\x31\xc9\x3b\x92\xdc\xb1\x3a\x65\x09\xbf\x57\x1d\x00\
\x00\x00\x40\x1b\x8c\xd8\x00\x00\x00\x98\x02\x23\x36\x00\xd8\xd9\
\xe6\x74\xfd\x14\xbe\xbf\xfb\xca\x24\xd7\x54\x47\x2c\xe1\x49\x49\
\xfe\x22\x5d\x7f\x48\x75\xc8\x9a\xea\xfa\xe3\x93\x7c\x30\xc9\xbd\
\xab\x53\x96\xf0\x81\x8c\xc3\x7b\xaa\x23\x00\x00\x00\x68\xc3\x14\
\xbe\xc9\x01\x00\x00\x00\xdb\xaa\x03\x00\xa0\x41\x53\x38\x8d\xed\
\xf2\x24\x6f\xa8\xce\xd8\x8d\xc7\x24\xb9\x20\x5d\x7f\xaf\xea\x90\
\x35\xd1\xf5\xa7\x24\xb9\x20\xb3\x2b\x54\x5b\xf4\x92\xea\x00\x00\
\x00\x00\xda\xb1\x7f\x75\x00\x00\x00\x00\x2c\xc3\x85\x49\x4e\xaa\
\x8e\x00\x80\xc6\x5c\x5f\x1d\xb0\x4c\x67\x26\x79\x46\x92\x83\xaa\
\x43\x96\x70\xbf\x24\x1f\x4a\xd7\x3f\x3e\xe3\xf0\x37\xd5\x31\xab\
\x62\x76\x4d\xea\xaf\x27\x79\x61\x92\x56\xaf\x4c\xfd\xc7\xb9\x79\
\xbf\x01\x00\x00\x58\x15\xad\x7e\x01\x0b\x00\x00\x00\x00\xc0\xbc\
\xe8\xfa\xdf\x4d\xf2\xf3\xd5\x19\x7b\x70\x53\x92\x5f\xcd\x38\xbc\
\xac\x3a\x64\x9f\x74\xfd\xed\x93\xfc\xef\x24\x8f\xaa\x4e\xb9\x15\
\x8f\xcc\x38\xbc\xb3\x3a\x02\x00\x00\x80\x76\x18\xb1\x01\x00\x00\
\x00\x00\xb0\xb6\xba\xfe\xae\x49\x3e\x9b\xe4\xc0\xea\x94\x5b\xf1\
\x67\x49\x9e\x96\x71\xb8\xb2\x3a\x64\xc5\xba\xfe\x7e\x49\xfe\x22\
\xc9\x7d\xaa\x53\x6e\xc5\x98\x71\xf8\xde\xea\x08\x00\x00\x00\xda\
\xb2\xb9\x3a\x00\x00\x00\x00\x00\x80\x39\x77\xe9\xf9\x57\x65\xeb\
\x89\x47\x24\xf9\xfe\xea\x94\x5b\x71\xbf\x24\x4f\xcb\xd6\x13\x6f\
\xcc\xd6\x13\x3f\x9c\x4b\xcf\xbf\xb1\x3a\xe8\x56\x75\xfd\x5d\xb3\
\xf5\xc4\xdf\x4e\xf2\xba\x24\x47\x56\xe7\x2c\xc3\xd3\x72\xe9\xf9\
\x9f\xae\x8e\x00\x00\x00\xa0\x2d\x4e\x62\x03\x00\x00\x00\x00\x60\
\xed\x75\xfd\xa1\x49\x2e\x4a\x72\x97\xea\x94\x65\xfa\x42\x92\x5f\
\x4f\x72\x56\xc6\xa1\xbd\x31\x5b\xd7\x1f\x9e\xa4\x4f\xf2\x73\x49\
\x0e\x2a\xae\x59\xae\xbf\xcc\x38\x3c\xa6\x3a\x02\x00\x00\x80\xf6\
\x18\xb1\x01\x00\x00\x00\x00\xb0\x3e\xba\xfe\xf4\x24\xe7\x54\x67\
\xac\xd0\x45\x49\x5e\x94\xe4\x2f\x32\x0e\x3b\xaa\x63\xd2\xf5\x87\
\x24\x79\x4e\x92\xe7\x26\xb9\x7d\x71\xcd\x4a\x5c\x95\xe4\xf8\x8c\
\xc3\x17\xab\x43\x00\x00\x00\x68\x8f\x11\x1b\x00\x00\x00\x00\x00\
\xeb\xa7\xeb\xdf\x95\xe4\x61\xd5\x19\x7b\xe1\xc2\x24\xbf\x9d\xe4\
\xaf\x33\x0e\x5f\x5f\xf7\xa7\x77\xfd\x31\x49\x4e\x4b\x72\x46\xa6\
\x71\x6d\xe8\xae\x7e\x31\xe3\xf0\xea\xea\x08\x00\x00\x00\xda\x64\
\xc4\x06\x00\x00\x00\x00\xc0\xfa\xe9\xfa\xa3\x93\x7c\x3c\xc9\x6d\
\xaa\x53\xf6\xd2\x0d\x49\xce\x4f\x72\x6e\x92\xb7\x67\x1c\x3e\xb3\
\x26\x4f\xe9\xfa\xfd\x92\x3c\x20\xc9\xa3\x93\x3c\x2a\xc9\x71\x6b\
\xf2\x9c\xf5\x71\x61\x92\xef\x6f\xf2\x5a\x56\x00\x00\x00\x9a\x60\
\xc4\x06\x00\x00\x00\x00\xc0\xfa\xea\xfa\xe7\x27\x19\xaa\x33\x56\
\xc9\x45\xf9\xe6\xa0\x2d\xf9\x70\xc6\x61\xfb\x5e\xff\x4e\x5d\x7f\
\xa7\x24\x3f\x9c\xd9\x70\xed\xc7\x92\xdc\x69\x35\x02\x8b\xdd\x98\
\xd9\x80\xed\xc2\xea\x10\x00\x00\x00\xda\x65\xc4\x06\x00\x00\x00\
\x00\xc0\xfa\xea\xfa\x2d\x49\x2e\x48\xf2\xdd\xd5\x29\x6b\xe0\xca\
\x24\x97\x2d\x7a\x5d\xba\xe8\xaf\xaf\x48\x72\xe7\x24\x47\x2d\x7a\
\x6d\x5d\xf8\xf5\x2e\x49\x0e\x2c\xe8\x5d\x6b\xaf\xcc\x38\x3c\xaf\
\x3a\x02\x00\x00\x80\xb6\x19\xb1\x01\x00\x00\x00\x00\xb0\xfe\xba\
\xfe\x9e\x99\x5d\x33\x79\x87\xea\x14\xd6\xcc\xff\x4b\xf2\xa0\x8c\
\xc3\x0d\xd5\x21\x00\x00\x00\xb4\x6d\xbf\xea\x00\x00\x00\x00\x00\
\x00\x36\xa0\x71\xb8\x24\xc9\x93\x92\xec\xa8\x4e\x61\x4d\x6c\x4b\
\x72\xba\x01\x1b\x00\x00\x00\xcb\xb1\xb9\x3a\x00\x00\x00\x00\x00\
\x80\x0d\xea\xd2\xf3\x3f\x95\xad\x27\x1e\x9c\xe4\x07\xaa\x53\x58\
\x55\x37\x25\x39\x25\xe3\xf0\xd1\xea\x10\x00\x00\x00\xa6\xc1\x49\
\x6c\x00\x00\x00\x00\x00\x54\x7a\x41\x92\xf7\x55\x47\xb0\xaa\x5e\
\x9c\x71\x78\x6f\x75\x04\x00\x00\x00\xd3\x61\xc4\x06\x00\x00\x00\
\x00\x40\x9d\x71\xb8\x31\xc9\xe3\x92\x5c\x5e\x9d\xc2\xaa\xf8\xeb\
\x24\xbf\x59\x1d\x01\x00\x00\xc0\xb4\x18\xb1\x01\x00\x00\x00\x00\
\x50\x6b\x1c\x2e\x4f\xf2\xc8\x24\x57\x56\xa7\xb0\x4f\x3e\x92\xe4\
\x27\x33\x0e\x3b\xaa\x43\x00\x00\x00\x98\x16\x23\x36\x00\x00\x00\
\x00\x00\xea\x8d\xc3\x85\x49\x1e\x9d\xe4\xda\xea\x14\xf6\xca\xa7\
\x92\xfc\x68\xc6\xe1\x8a\xea\x10\x00\x00\x00\xa6\xc7\x88\x0d\x00\
\x00\x00\x00\x80\x36\x8c\xc3\xfb\x92\xfc\x44\x92\x1b\xaa\x53\x58\
\x91\x2f\x24\x79\x68\xc6\x61\x5b\x75\x08\x00\x00\x00\xd3\xb4\xb9\
\x3a\x00\x00\x00\x00\x00\x00\x6e\x76\xe9\xf9\x17\x67\xeb\x89\x97\
\x24\x79\x4c\x92\x4d\xd5\x39\xdc\xaa\x6d\x49\x4e\xca\x38\x5c\x52\
\x1d\x02\x00\x00\xc0\x74\x19\xb1\x01\x00\x00\x00\x00\xd0\x96\x4b\
\xcf\xff\xe7\x6c\x3d\xf1\x2b\x49\x7e\xac\x3a\x85\x3d\xba\x32\xc9\
\x43\x32\x0e\xff\x52\x1d\x02\x00\x00\xc0\xb4\x19\xb1\x01\x00\x00\
\x00\x00\xd0\x9e\x4b\xcf\xff\x50\xb6\x9e\xb8\x2d\xc9\xc3\xe3\x44\
\xb6\x16\x7d\x39\xc9\xc3\x32\x0e\x17\x56\x87\x00\x00\x00\x30\x7d\
\xbe\xf0\x07\x00\x00\x00\x00\xa0\x5d\x5d\x7f\x4a\x92\x3f\x4e\x72\
\x9b\xea\x14\x6e\xf6\xe9\x24\x0f\xcf\x38\x7c\xb6\x3a\x04\x00\x00\
\x80\xf9\x60\xc4\x06\x00\x00\x00\x00\x40\xdb\xba\xfe\x01\x49\xde\
\x9e\xe4\xf0\xea\x14\xf2\xc1\x24\x8f\xcc\x38\x7c\xa5\x3a\x04\x00\
\x00\x80\xf9\xb1\x5f\x75\x00\x00\x00\x00\x00\x00\xec\xd1\x38\x7c\
\x20\xc9\x03\x93\x5c\x52\x9d\xb2\xc1\x9d\x9b\xe4\x64\x03\x36\x00\
\x00\x00\x56\x9b\x11\x1b\x00\x00\x00\x00\x00\xed\x1b\x87\x8b\x33\
\x1b\xb2\xfd\x63\x75\xca\x06\xf5\x7b\x49\x4e\xcd\x38\x6c\xaf\x0e\
\x01\x00\x00\x60\xfe\xb8\x4e\x14\x00\x00\x00\x00\x80\xe9\xe8\xfa\
\x03\x92\x0c\x49\x9e\x13\xdf\xe3\x5e\x0f\x57\x26\x79\x46\xc6\xe1\
\x9c\xea\x10\x00\x00\x00\xe6\x97\x2f\xf0\x01\x00\x00\x00\x00\x98\
\x9e\xae\x7f\x78\x92\xb3\x92\x1c\x59\x5c\x32\xcf\x3e\x98\xe4\xf1\
\x19\x87\xcf\x55\x87\x00\x00\x00\x30\xdf\x5c\x27\x0a\x00\x00\x00\
\x00\xc0\xf4\x8c\xc3\xbb\x92\x7c\x47\x92\xf7\x54\xa7\xcc\xa1\x1d\
\x49\xce\x4c\xf2\x83\x06\x6c\x00\x00\x00\xac\x07\x27\xb1\x01\x00\
\x00\x00\x00\x30\x5d\x5d\xbf\x29\xc9\x2f\x27\xf9\x8d\x24\x5b\x8a\
\x6b\xe6\xc1\x65\x49\x7e\x3a\xe3\x60\x1c\x08\x00\x00\xc0\xba\x31\
\x62\x03\x00\x00\x00\x00\x60\xfa\xba\xfe\xbe\x49\xfe\x67\x92\x1f\
\xa9\x4e\x99\xa8\x1b\x92\xfc\xaf\x24\xbf\x96\x71\xb8\xa2\x3a\x06\
\x00\x00\x80\x8d\xc5\x88\x0d\x00\x00\x00\x00\x80\xf9\xd1\xf5\xa7\
\x26\xf9\xed\x24\xdf\x5a\x9d\x32\x21\x7f\x9f\xe4\xd9\x19\x87\x8f\
\x57\x87\x00\x00\x00\xb0\x31\x19\xb1\x01\x00\x00\x00\x00\x30\x5f\
\xba\xfe\x36\x49\x9e\x9f\xd9\x35\xa3\x07\x15\xd7\xb4\xec\x0b\x49\
\xce\xc8\x38\xfc\x79\x75\x08\x00\x00\x00\x1b\x9b\x11\x1b\x00\x00\
\x00\x00\x00\xf3\xa9\xeb\x8f\x4e\xf2\x1b\x49\x1e\x97\x64\x73\x71\
\x4d\x4b\xbe\x96\xe4\xd5\x49\x5e\x91\x71\xd8\x5e\x1d\x03\x00\x00\
\x00\x46\x6c\x00\x00\x00\x00\x00\xcc\xb7\xd9\x98\xed\xb9\x49\x7e\
\x26\x1b\xfb\x64\xb6\x2f\x65\x76\xd5\xea\x1b\x32\x0e\x57\x57\xc7\
\x00\x00\x00\xc0\x37\x19\xb1\x01\x00\x00\x00\x00\xb0\x31\x74\xfd\
\x91\x49\x7e\x31\xc9\xcf\x26\x39\xb4\xb8\x66\x3d\x5d\x9c\xe4\xe5\
\x49\xde\x9c\x71\xf8\x8f\xea\x18\x00\x00\x00\xd8\x95\x11\x1b\x00\
\x00\x00\x00\x00\x1b\x4b\xd7\xdf\x3e\xc9\xd3\x93\x3c\x25\xc9\xf1\
\xc5\x35\x6b\xe5\xa6\x24\x7f\x9f\xe4\x75\x49\xde\x96\x71\xb8\xa9\
\xb8\x07\x00\x00\x00\x76\xcb\x88\x0d\x00\x00\x00\x00\x80\x8d\xab\
\xeb\xbf\x33\xc9\x13\x92\x3c\x3e\xc9\xd6\xe2\x9a\xd5\x70\x61\x92\
\xb3\x93\x9c\x93\x71\xb8\xac\x3a\x06\x00\x00\x00\x96\xc3\x88\x0d\
\x00\x00\x00\x00\x00\xba\x7e\xbf\x24\x0f\x4a\xf2\x53\x49\x4e\xcb\
\xb4\xae\x1b\xbd\x24\xc9\x1f\x27\x39\x3b\xe3\x70\x51\x75\x0c\x00\
\x00\x00\xac\x94\x11\x1b\x00\x00\x00\x00\x00\x2c\xd6\xf5\x9b\x93\
\x7c\x4f\x66\xa3\xb6\x07\x25\xf9\xc1\x24\xb7\x2b\x2c\xda\xd5\x17\
\x93\x9c\x77\xf3\x6b\x1c\x3e\x5b\x5a\x03\x00\x00\x00\xfb\xc8\x88\
\x0d\x00\x00\x00\x00\x00\xf6\x64\xe7\x51\xdb\x89\x49\x8e\x4b\x72\
\x8f\x24\x9b\xd7\xe1\xe9\xdb\x93\x7c\x26\xc9\xc7\x92\xbc\x2f\xb3\
\xd1\xda\x67\xd6\xe1\xb9\x00\x00\x00\xb0\x6e\x8c\xd8\x00\x00\x00\
\x00\x00\x60\xa5\xba\x7e\x4b\x92\x63\x92\xdc\x7b\xd1\xeb\xd8\x24\
\x47\x64\x76\x6a\xdb\x21\x0b\xbf\x6e\xd9\xc3\xef\x72\x4d\x92\xab\
\x93\x5c\xb5\xf0\xfa\x52\x92\x8b\x77\x79\x7d\x31\xe3\xb0\x63\x6d\
\xfe\x21\x00\x00\x00\xa0\x0d\x46\x6c\x00\x00\x00\x00\x00\xb0\x56\
\xba\xfe\xc0\xfc\xe7\xa8\xed\xa0\xcc\x46\x6b\xb3\xd7\x38\xdc\x50\
\x99\x06\x00\x00\x00\x00\x00\x00\x00\x00\x00\x00\x00\x00\x00\x00\
\x00\x00\x00\x00\x00\x00\x00\x00\x00\x00\x00\x00\x00\x00\x00\x00\
\x00\x00\x00\x00\x00\x00\x00\x00\x00\x00\x00\x00\x00\x00\x00\x00\
\x00\x00\x00\x00\x00\x00\x00\x00\x00\x00\x00\x00\x00\x00\x00\x00\
\x00\x00\x00\x00\x00\x00\x00\x00\x00\x00\x00\x00\x00\x00\x00\x00\
\x00\x00\x00\x00\x00\x00\x00\x00\x00\x00\x00\x00\x00\x00\x00\x00\
\x00\x00\x00\x00\x00\x00\x00\x00\x00\x00\x00\x00\x00\x00\x00\x00\
\x00\x00\x00\x00\x00\x00\x00\x00\x00\x00\x00\x00\x00\x00\x00\x00\
\x00\x00\x00\x00\x00\x00\x00\x00\x00\x00\x00\x00\x00\x00\x00\x00\
\x00\x00\x00\x00\x00\x00\x00\x00\x00\x00\x00\x00\x00\x00\x00\x00\
\x00\x00\x00\x00\x00\x00\x00\x00\x00\x00\x00\x00\x00\x00\x00\x00\
\x00\x00\x00\x00\x00\x00\x00\x00\x00\x00\x00\x00\x00\x00\x00\x00\
\x00\x00\x00\x00\x00\x00\x00\x00\x00\x00\x00\x00\x00\x00\x00\x00\
\x00\x00\x00\x00\x00\x00\x00\x00\x00\x00\x00\x00\x00\x00\x00\x00\
\x00\x00\x00\x00\x00\x00\x00\x00\x00\x00\x00\x00\x00\x00\x00\x00\
\x00\x00\x00\x00\x00\x00\x00\x00\x00\x00\x00\x00\x00\x00\x00\x00\
\x00\x00\x00\x00\x00\x00\x00\x00\x00\x00\x00\x00\x00\x00\x00\x00\
\x00\x00\x00\x00\x00\x00\x00\x00\x00\x00\x00\x00\x00\x00\x00\x00\
\x00\x00\x00\x00\x00\x00\x00\x00\x00\x00\x00\x00\x00\x00\x00\x00\
\x00\x00\x00\x00\x00\x00\x00\x00\x00\x00\x00\x00\x00\x00\x00\x00\
\x00\x00\x00\x00\x00\x00\x00\x00\x00\x00\x00\x00\x00\x00\x00\x00\
\x00\x00\x00\x00\x00\x00\x00\x00\x00\x00\x00\x00\x00\x00\x00\x00\
\x00\x00\x00\x00\x00\x00\x00\x00\x00\x00\x00\x00\x00\x00\x00\x00\
\x00\x00\x00\x00\x00\x00\x00\x00\x00\x00\x00\x00\x00\x00\x00\x00\
\x00\x00\x00\x00\x00\x00\x00\x00\x00\x00\x00\x00\x00\x00\x00\x00\
\x00\x00\x00\x00\x00\x00\x00\x00\x00\x00\x00\x00\x00\x00\x00\x00\
\x00\x00\x00\x00\x00\x00\x00\x00\x00\x00\x00\x00\x00\x00\x00\x00\
\x00\x00\x00\x00\x00\x00\x00\x00\x00\x00\x00\x00\x00\x00\x00\x00\
\x00\x00\x00\x00\x00\x00\x00\x00\x00\x00\x00\x00\x00\x00\x00\x00\
\x00\x00\x00\x00\x00\x00\x00\x00\x00\x00\x00\x00\x00\x00\x00\x00\
\x00\x00\x00\x00\x00\x00\x00\x00\x00\x00\x00\x00\x00\x00\x00\x00\
\x00\x00\x00\x00\x00\x00\x00\x00\x00\x00\x00\x00\x00\x00\x00\x00\
\x00\x00\x00\x00\x00\x00\x00\x00\x00\x00\x00\x00\x00\x00\x00\x00\
\x00\x00\x00\x00\x00\x00\x00\x00\x00\x00\x00\x00\x00\x00\x00\x00\
\x00\x00\x00\x00\x00\x00\x00\x00\x00\x00\x00\x00\x00\x00\x00\x00\
\x00\x00\x00\x00\x00\x00\x00\x00\x00\x00\x00\x00\x00\x00\x00\x00\
\x00\x00\x00\x00\x00\x00\x00\x00\x00\x00\x00\x00\x00\x00\x00\x00\
\x00\x00\x00\x00\x00\x00\x00\x00\x00\x00\x00\x00\x00\x00\x00\x00\
\x00\x00\x00\x00\x00\x00\x00\x00\x00\x00\x00\x00\x00\x00\x00\x00\
\x00\x00\x00\x00\x00\x00\x00\x00\x00\x00\x00\x00\x00\x00\x00\x00\
\x00\x00\x00\x00\x00\x00\x00\x00\x00\x00\x00\x00\x00\x00\x00\x00\
\x00\x00\x00\x00\x00\x00\x00\x00\x00\x00\x00\x00\x00\x00\x00\x00\
\x00\x00\x00\x00\x00\x00\x00\x00\x00\x00\x00\x00\x00\x00\x00\x00\
\x00\x00\x00\x00\x00\x00\x00\x00\x00\x00\x00\x00\x00\x00\x00\x00\
\x00\x00\x00\x00\x00\x00\x00\x00\x00\x00\x00\x00\x00\x00\x00\x00\
\x00\x00\x00\x00\x00\x00\x00\x00\x00\x00\x00\x00\x00\x00\x00\x00\
\x00\x00\x00\x00\x00\x00\x00\x00\x00\x00\x00\x00\x00\x00\x00\x00\
\x00\x00\x00\x00\x00\x00\x00\x00\x00\x00\x00\x00\x00\x00\x00\x00\
\x00\x00\x00\x00\x00\x00\x00\x00\x00\x00\x00\x00\x00\x00\x00\x00\
\x00\x00\x00\x00\x00\x00\x00\x00\x00\x00\x00\x00\x00\x00\x00\x00\
\x00\x00\x00\x00\x00\x00\x00\x00\x00\x00\x00\x00\x00\x00\x00\x00\
\x00\x00\x00\x00\x00\x00\x00\x00\x00\x00\x00\x00\x00\x00\x00\x00\
\x00\x00\x00\x00\x00\x00\x00\x00\x00\x00\x00\x00\x00\x00\x00\x00\
\x00\x00\x00\x00\x00\x00\x00\x00\x00\x00\x00\x00\x00\x00\x00\x00\
\x00\x00\x00\x00\x00\x00\x00\x00\x00\x00\x00\x00\x00\x00\x00\x00\
\x00\x00\x00\x00\x00\x00\x00\x00\x00\x00\x00\x00\x00\x00\x00\x00\
\x00\x00\x00\x00\x00\x00\x00\x00\x00\x00\x00\x00\x00\x00\x00\x00\
\x00\x00\x00\x00\x00\x00\x00\x00\x00\x00\x00\x00\x00\x00\x00\x00\
\x00\x00\x00\x00\x00\x00\x00\x00\x00\x00\x00\x00\x00\x00\x00\x00\
\x00\x00\x00\x00\x00\x00\x00\x00\x00\x00\x00\x00\x00\x00\x00\x00\
\x00\x00\x00\x00\x00\x00\x00\x00\x00\x00\x00\x00\x00\x00\x00\x00\
\x00\x00\x00\x00\x00\x00\x00\x00\x00\x00\x00\x00\x00\x00\x00\x00\
\x00\x00\x00\x00\x00\x00\x00\x00\x00\x00\x00\x00\x00\x00\x00\x00\
\x00\x00\x00\x00\x00\x00\x00\x00\x00\x00\x00\x00\x00\x00\x00\x00\
\x00\x00\x00\x00\x00\x00\x00\x00\x00\x00\x00\x00\x00\x00\x00\x00\
\x00\x00\x00\x00\x00\x00\x00\x00\x00\x00\x00\x00\x00\x00\x00\x00\
\x00\x00\x00\x00\x00\x00\x00\x00\x00\x00\x00\x00\x00\x00\x00\x00\
\x00\x00\x00\x00\x00\x00\x00\x00\x00\x00\x00\x00\x00\x00\x00\x00\
\x00\x00\x00\x00\x00\x00\x00\x00\x00\x00\x00\x00\x00\x00\x00\x00\
\x00\x00\x00\x00\x00\x00\x00\x00\x00\x00\x00\x00\x00\x00\x00\x00\
\x00\x00\x00\x00\x00\x00\x00\x00\x00\x00\x00\x00\x00\x00\x00\x00\
\x00\x00\x00\x00\x00\x00\x00\x00\x00\x00\x00\x00\x00\x00\x00\x00\
\x00\x00\x00\x00\x00\x00\x00\x00\x00\x00\x00\x00\x00\x00\x00\x00\
\x00\x00\x00\x00\x00\x00\x00\x00\x00\x00\x00\x00\x00\x00\x00\x00\
\x00\x00\x00\x00\x00\x00\x00\x00\x00\x00\x00\x00\x00\x00\x00\x00\
\x00\x00\x00\x00\x00\x00\x00\x00\x00\x00\x00\x00\x00\x00\x00\x00\
\x00\x00\x00\x00\x00\x00\x00\x00\x00\x00\x00\x00\x00\x00\x00\x00\
\x00\x00\x00\x00\x00\x00\x00\x00\x00\x00\x00\x00\x00\x00\x00\x00\
\x00\x00\x00\x00\x00\x00\x00\x00\x00\x00\x00\x00\x00\x00\x00\x00\
\x00\x00\x00\x00\x00\x00\x00\x00\x00\x00\x00\x00\x00\x00\x00\x00\
\x00\x00\x00\x00\x00\x00\x00\x00\x00\x00\x00\x00\x00\x00\x00\x00\
\x00\x00\x00\x00\x00\x00\x00\x00\x00\x00\x00\x00\x00\x00\x00\x00\
\x00\x00\x00\x00\x00\x00\x00\x00\x00\x00\x00\x00\x00\x00\x00\x00\
\x00\x00\x00\x00\x00\x00\x00\x00\x00\x00\x00\x00\x00\x00\x00\x00\
\x00\x00\x00\x00\x00\x00\x00\x00\x00\x00\x00\x00\x00\x00\x00\x00\
\x00\x00\x00\x00\x00\x00\x00\x00\x00\x00\x00\x00\x00\x00\x00\x00\
\x00\x00\x00\x00\x00\x00\x00\x00\x00\x00\x00\x00\x00\x00\x00\x00\
\x00\x00\x00\x00\x00\x00\x00\x00\x00\x00\x00\x00\x00\x00\x00\x00\
\x00\x00\x00\x00\x00\x00\x00\x00\x00\x00\x00\x00\x00\x00\x00\x00\
\x00\x00\x00\x00\x00\x00\x00\x00\x00\x00\x00\x00\x00\x00\x00\x00\
\x00\x00\x00\x00\x00\x00\x00\x00\x00\x00\x00\x00\x00\x00\x00\x00\
\x00\x00\x00\x00\x00\x00\x00\x00\x00\x00\x00\x00\x00\x00\x00\x00\
\x00\x00\x00\x00\x00\x00\x00\x00\x00\x00\x00\x00\x00\x00\x00\x00\
\x00\x00\x00\x00\x00\x00\x00\x00\x00\x00\x00\x00\x00\x00\x00\x00\
\x00\x00\x00\x00\x00\x00\x00\x00\x00\x00\x00\x00\x00\x00\x00\x00\
\x00\x00\x00\x00\x00\x00\x00\x00\x00\x00\x00\x00\x00\x00\x00\x00\
\x00\x00\x00\x00\x00\x00\x00\x00\x00\x00\x00\x00\x00\x00\x00\x00\
\x00\xf0\xff\xd9\x83\x03\x01\x00\x00\x00\x00\x20\xff\xd7\x46\x50\
\x55\x55\x55\x55\x55\x55\x55\x55\x55\x55\x55\x55\x55\x55\x55\x55\
\x55\x55\x55\x55\x55\x55\x55\x55\x55\x55\x55\x55\x55\x55\x55\x55\
\x55\x55\x55\x55\x55\x55\x55\x55\x55\x55\x55\x55\x55\x55\x55\x55\
\x55\x55\x55\x55\x55\x55\x55\x55\x55\x55\x55\x55\x55\x55\x55\x55\
\x55\x55\x55\x55\x55\x55\x55\x55\x55\x55\x55\x55\x55\x55\x55\x55\
\x55\x55\x55\x55\x55\x55\x55\x55\x55\x55\x55\x55\x55\x55\x55\x55\
\x55\x55\x55\x55\x55\x55\x55\x55\x55\x55\x55\x55\x55\x55\x55\x55\
\x55\x55\x55\x55\x55\x55\x55\x55\x55\x55\x55\x55\x55\x55\x55\x55\
\x55\x55\x55\x55\x55\x55\x55\x55\x55\x55\x55\x55\x55\x55\x55\x55\
\x55\x55\x55\x55\x55\x55\x55\x55\x55\x55\x55\x55\x55\x55\x55\x55\
\x55\x55\x55\x55\x55\x55\x55\x55\x55\x55\x55\x55\x55\x55\x55\x55\
\x55\x55\x55\x55\x55\x55\x55\x55\x55\x55\x55\x55\x55\x55\x55\x55\
\x55\x55\x55\x55\x55\x55\x55\x55\x55\x55\x55\x55\x55\x55\x55\x55\
\x55\x55\x55\x55\x55\x55\x55\x55\x55\x55\x55\x55\x55\x55\x55\x55\
\x55\x55\x55\x55\x55\x55\x55\x55\x55\x55\x55\x55\x55\x55\x55\x55\
\x55\x55\x55\x55\x55\x55\x55\x55\x55\x55\x55\x55\x55\x55\x55\x55\
\x55\x55\x55\x55\x55\x55\x55\x55\x55\x55\x55\x55\x55\x55\x55\x55\
\x55\x55\x55\x55\x55\x55\x55\x55\x55\x55\x55\x55\x55\x55\x55\x55\
\x55\x55\x55\x55\x55\x55\x55\x55\x55\x55\x55\x55\x55\x55\x55\x55\
\x55\x55\x55\x55\x55\x55\x55\x55\x55\x55\x55\x55\x55\x55\x55\x55\
\x55\x55\x55\x55\x55\x55\x55\x55\x55\x55\x55\x55\x55\x55\x55\x55\
\x55\x55\x55\x55\x55\x55\x55\x55\x55\x55\x55\x55\x55\x55\x55\x55\
\x55\x55\x55\x55\x55\x55\x55\x55\x55\x55\x55\x55\x55\x55\x55\x55\
\x55\x55\x55\x55\x55\x55\x55\x55\x55\x55\x55\x55\x55\x55\x55\x55\
\x55\x55\x55\x55\x55\x55\x55\x55\x55\x55\x55\x55\x55\x55\x55\x55\
\x55\x55\x55\x55\x55\x55\x55\x55\x55\x55\x55\x55\x55\x55\x55\x55\
\x55\x55\x55\x55\x55\x55\x55\x55\x55\x55\x55\x55\x55\x55\x55\x55\
\x55\x55\x55\x55\x55\x55\x55\x55\x55\x55\x55\x55\x55\x55\x55\x55\
\x55\x55\x55\x55\x55\x55\x55\x55\x55\x55\x55\x55\x55\x55\x55\x55\
\x55\x55\x55\x55\x55\x55\x55\x55\x55\x55\x55\x55\x55\x55\x55\x55\
\x55\x55\x55\x55\x55\x55\x55\x55\x55\x55\x55\x55\x55\x55\x55\x55\
\x55\x55\x55\x55\x55\x55\x55\x55\x55\x55\x55\x55\x55\x55\x55\x55\
\x55\x55\x55\x55\x55\x55\x55\x55\x55\x55\x55\x55\x55\x55\x55\x55\
\x55\x55\x55\x55\x55\x55\x55\x55\x55\x55\x55\x55\x55\x55\x55\x55\
\x55\x55\x55\x55\x55\x55\x55\x55\x55\x55\x55\x55\x55\x55\x55\x55\
\x55\x55\x55\x55\x55\x55\x55\x55\x55\x55\x55\x55\x55\x55\x55\x55\
\x55\x55\x55\x55\x55\x55\x55\x55\x55\x55\x55\x55\x55\x55\x55\x55\
\x55\x55\x55\x55\x55\x55\x55\x55\x55\x55\x55\x55\x55\x55\x55\x55\
\x55\x55\x55\x55\x55\x55\x55\x55\x55\x55\x55\x55\x55\x55\x55\x55\
\x55\x55\x55\x55\x55\x55\x55\x55\x55\x55\x55\x55\x55\x55\x55\x55\
\x55\x55\x55\x55\x55\x55\x55\x55\x55\x55\x55\x55\x55\x55\x55\x55\
\x55\x55\x55\x55\x55\x55\x55\x55\x55\x55\x55\x55\x55\x55\x55\x55\
\x55\x55\x55\x55\x55\x55\x55\x55\x55\x55\x55\x55\x55\x55\x55\x55\
\x55\x55\x55\x55\x55\x55\x55\x55\x55\x55\x55\x55\x55\x55\x55\x55\
\x55\x55\x55\x55\x55\x55\x55\x55\x55\x55\x55\x55\x55\x55\x55\x55\
\x55\x55\x55\x55\x55\x55\x55\x55\x55\x55\x55\x55\x55\x55\x55\x55\
\x55\x55\x55\x55\x55\x55\x55\x55\x55\x55\x55\x55\x55\x55\x55\x55\
\x55\x55\x55\x55\x55\x55\x55\x55\x55\x55\x55\x55\x55\x55\x55\x55\
\x55\x55\x55\x55\x55\x55\x55\x55\x55\x55\x55\x55\x55\x55\x55\x55\
\x55\x55\x55\x55\x55\x55\x55\x55\x55\x55\x55\x55\x55\x55\x55\x55\
\x55\x55\x55\x55\x55\x55\x55\x55\x55\x55\x55\x55\x55\x55\x55\x55\
\x55\x55\x55\x55\x55\x55\x55\x55\x55\x55\x55\x55\x55\x55\x55\x55\
\x55\x55\x55\x55\x55\x55\x55\x55\x55\x55\x55\x55\x55\x55\x55\x55\
\x55\x55\x55\x55\x55\x55\x55\x55\x55\x55\x55\x55\x55\x55\x55\x55\
\x55\x55\x55\x55\x55\x55\x55\x55\x55\x55\x55\x55\x55\x55\x55\x55\
\x55\x55\x55\x55\x55\x55\x55\x55\x55\x55\x55\x55\x55\x55\x55\x55\
\x55\x55\x55\x55\x55\x55\x55\x55\x55\x55\x55\x55\x55\x55\x55\x55\
\x55\x55\x55\x55\x55\x55\x55\x55\x55\x55\x55\x55\x55\x55\x55\x55\
\x55\x55\x55\x55\x55\x55\x55\x55\x55\x55\x55\x55\x55\x55\x55\x55\
\x55\x55\x55\x55\x55\x55\x55\x55\x55\x55\x55\x55\x55\x55\x55\x55\
\x55\x55\x55\x55\x55\x55\x55\x55\x55\x55\x55\x55\x55\x55\x55\x55\
\x55\x55\x55\x55\x55\x55\x55\x55\x55\x55\x55\x55\x55\x55\x55\x55\
\x55\x55\x55\x55\x55\x55\x55\x55\x55\x55\x55\x55\x55\x55\x55\x55\
\x55\x55\x55\x55\x55\x55\x55\x55\x55\x55\x55\x55\x55\x55\x55\x55\
\x55\x55\x55\x55\x55\x55\x55\x55\x55\x55\x55\x55\x55\x55\x55\x55\
\x55\x55\x55\x55\x55\x55\x55\x55\x55\x55\x55\x55\x55\x55\x55\x55\
\x55\x55\x55\x55\x55\x55\x55\x55\x55\x55\x55\x55\x55\x55\x55\x55\
\x55\x55\x55\x55\x55\x55\x55\x55\x55\x55\x55\x55\x55\x55\x55\x55\
\x55\x55\x55\x55\x55\x55\x55\x55\x55\x55\x55\x55\x55\x55\x55\x55\
\x55\x55\x55\x55\x55\x55\x55\x55\x55\x55\x55\x55\x55\x55\x55\x55\
\x55\x55\x55\x55\x55\x55\x55\x55\x55\x55\x55\x55\x55\x55\x55\x55\
\x55\x55\x55\x55\x55\x55\x55\x55\x55\x55\x55\x55\x55\x55\x55\x55\
\x55\x55\x55\x55\x55\x55\x55\x55\x55\x55\x55\x55\x55\x55\x55\x55\
\x55\x55\x55\x55\x55\x55\x55\x55\x55\x55\x55\x55\x55\x55\x55\x55\
\x55\x55\x55\x55\x55\x55\x55\x55\x55\x55\x55\x55\x55\x55\x55\x55\
\x55\x55\x55\x55\x55\x55\x55\x55\x55\x55\x55\x55\x55\x55\x55\x55\
\x55\x55\x55\x55\x55\x55\x55\x55\x55\x55\x55\x55\x55\x55\x55\x55\
\x55\x55\x55\x55\x55\x55\x55\x55\x55\x55\x55\x55\x55\x55\x55\x55\
\x55\x55\x55\x55\x55\x55\x55\x55\x55\x55\x55\x55\x55\x55\x55\x55\
\x55\x55\x55\x55\x55\x55\x55\x55\x55\x55\x55\x55\x55\x55\x55\x55\
\x55\x55\x55\x55\x55\x55\x55\x55\x55\x55\x55\x55\x55\x55\x55\x55\
\x55\x55\x55\x55\x55\x55\x55\x55\x55\x55\x55\x55\x55\x55\x55\x55\
\x55\x55\x55\x55\x55\x55\x55\x55\x55\x55\x55\x55\x55\x55\x55\x55\
\x55\x55\x55\x55\x55\x55\x55\x55\x55\x55\x55\x55\x55\x55\x55\x55\
\x55\x55\x55\x55\x55\x55\x55\x55\x55\x55\x55\x55\x55\x55\x55\x55\
\x55\x55\x55\x55\x55\x55\x55\x55\x55\x55\x55\x55\x55\x55\x55\x55\
\x55\x55\x55\x55\x55\x55\x55\x55\x55\x55\x55\x55\x55\x55\x55\x55\
\x55\x55\x55\x55\x55\x55\x55\x55\x55\x55\x55\x55\x55\x55\x55\x55\
\x55\x55\x55\x55\x55\x55\x55\x55\x55\x55\x55\x55\x55\x55\x55\x55\
\x55\x55\x55\x55\x55\x55\x55\x55\x55\x55\x55\x55\x55\x55\x55\x55\
\x55\x55\x55\x55\x55\x55\x55\x55\x55\x55\x55\x55\x55\x55\x55\x55\
\x55\x55\x55\x55\x55\x55\x55\x55\x55\x55\x55\x55\x55\x55\x55\x55\
\x55\x55\x55\x55\x55\x55\x55\x55\x55\x55\x55\x55\x55\x55\x55\x55\
\x55\x55\x55\x55\x55\x55\x55\x55\x55\x55\x55\x55\x55\x55\x55\x55\
\x55\x55\x55\x55\x55\x55\x55\x55\x55\x55\x55\x55\x55\x55\x55\x55\
\x55\x55\x55\x55\x55\x55\x55\x55\x55\x55\x55\x55\x55\x55\x55\x55\
\x55\x55\x55\x55\x55\x55\x55\x55\x55\x55\x55\x55\x55\x55\x55\x55\
\x55\x55\x55\x55\x55\x55\x55\x55\x55\x55\x55\x55\x55\x55\x55\x55\
\x55\x55\x55\x55\x55\x55\x55\x55\x55\x55\x55\x55\x55\x55\x55\x55\
\x55\x55\x55\x55\x55\x55\x55\x55\x55\x55\x55\x55\x55\x55\x55\x55\
\x55\x55\x55\x55\x55\x55\x55\x55\x55\x55\x55\x55\x55\x55\x55\x55\
\x55\x55\x55\x55\x55\x55\x55\x55\x55\x55\x55\x55\x55\x55\x55\x55\
\x55\x55\x55\x55\x55\x55\x55\x55\x55\x55\x55\x55\x55\x55\x55\x55\
\x55\x55\x55\x55\x55\x55\x55\x55\x55\x55\x55\x55\x55\x55\x55\x55\
\x55\x55\x55\x55\x55\x55\x55\x55\x55\x55\x55\x55\x55\x55\x55\x55\
\x55\x55\x55\x55\x55\x55\x55\x55\x55\x55\x55\x55\x55\x55\x55\x55\
\x55\x55\x55\x55\x55\x55\x55\x55\x55\x55\x55\x55\x55\x55\x55\x55\
\x55\x55\x55\x55\x55\x55\x55\x55\x55\x55\x55\x55\x55\x55\x55\x55\
\x55\x55\x55\x55\x55\x55\x55\x55\x55\x55\x55\x55\x55\x55\x55\x55\
\x55\x55\x55\x55\x55\x55\x55\x55\x55\x55\x55\x55\x55\x55\x55\x55\
\x55\x55\x55\x55\x55\x55\x55\x55\x55\x55\x55\x55\x79\x12\xa2\x58\
\x00\x00\x20\x00\x49\x44\x41\x54\x55\x55\x55\x55\x55\x55\x55\x55\
\x55\x55\x55\x55\x55\x55\x55\x55\x55\x55\x55\x55\x55\x55\x55\x55\
\x55\x55\x55\x55\x55\x55\x55\x55\x55\x55\x55\x55\x55\x55\x55\x55\
\x55\x55\x55\x55\x55\x55\x55\x55\x55\x55\x55\x55\x55\x55\x55\x55\
\x55\x55\x55\x55\x55\x55\x55\x55\x55\x55\x55\x55\x55\x55\x55\x55\
\x55\x55\x55\x55\x55\x55\x55\x55\x55\x55\x55\x55\x55\x55\x55\x55\
\x55\x55\x55\x55\x55\x55\x55\x55\x55\x55\x55\x55\x55\x55\x55\x55\
\x55\x55\x55\x55\x55\x55\x55\x55\x55\x55\x55\x55\x55\x55\x55\x55\
\x55\x55\x55\x55\x55\x55\x55\x55\x55\x55\x55\x55\x55\x55\x55\x55\
\x55\x55\x55\x55\x55\x55\x55\x55\x55\x55\x55\x55\x55\x55\x55\x55\
\x55\x55\x55\x55\x55\x55\x55\x55\x55\x55\x55\x55\x55\x55\x55\x55\
\x55\x55\x55\x55\x55\x55\x55\x55\x55\x55\x55\x55\x55\x55\x55\x55\
\x55\x55\x55\x55\x55\x55\x55\x55\x55\x55\x55\x55\x55\x55\x55\x55\
\x55\x55\x55\x55\x55\x55\x55\x55\x55\x55\x55\x55\x55\x55\x55\x55\
\x55\x55\x55\x55\x55\x55\x55\x55\x55\x55\x55\x55\x55\x55\x55\x55\
\x55\x55\x55\x55\x55\x55\x55\x55\x55\x55\x55\x55\x55\x55\x55\x55\
\x55\x55\x55\x55\x55\x55\x55\x55\x55\x55\x55\x55\x55\x55\x55\x55\
\x55\x55\x55\x55\x55\x55\x55\x55\x55\x55\x55\x55\x55\x55\x55\x55\
\x55\x55\x55\x55\x55\x55\x55\x55\x55\x55\x55\x55\x55\x55\x55\x55\
\x55\x55\x55\x55\x55\x55\x55\x55\x55\x55\x55\x55\x55\x55\x55\x55\
\x55\x55\x55\x55\x55\x55\x55\x55\x55\x55\x55\x55\x55\x55\x55\x55\
\x55\x55\x55\x55\x55\x55\x55\x55\x55\x55\x55\x55\x55\x55\x55\x55\
\x55\x55\x55\x55\x55\x55\x55\x55\x55\x55\x55\x55\x55\x55\x55\x55\
\x55\x55\x55\x55\x55\x55\x55\x55\x55\x55\x55\x55\x55\x55\x55\x55\
\x55\x55\x55\x55\x55\x55\x55\x55\x55\x55\x55\x55\x55\x55\x55\x55\
\x55\x55\x55\x55\x55\x55\x55\x55\x55\x55\x55\x55\x55\x55\x55\x55\
\x55\x55\x55\x55\x55\x55\x55\x55\x55\x55\x55\x55\x55\x55\x55\x55\
\x55\x55\x55\x55\x55\x55\x55\x55\x55\x55\x55\x55\x55\x55\x55\x55\
\x55\x55\x55\x55\x55\x55\x55\x55\x55\x55\x55\x55\x55\x55\x55\x55\
\x55\x55\x55\x55\x55\x55\x55\x55\x55\x55\x55\x55\x55\x55\x55\x55\
\x55\x55\x55\x55\x55\x55\x55\x55\x55\x55\x55\x55\x55\x55\x55\x55\
\x55\x55\x55\x55\x55\x55\x55\x55\x55\x55\x55\x55\x55\x55\x55\x55\
\x55\x55\x55\x55\x55\x55\x55\x55\x55\x55\x55\x55\x55\x55\x55\x55\
\x55\x55\x55\x55\x55\x55\x55\x55\x55\x55\x55\x55\x55\x55\x55\x55\
\x55\x55\x55\x55\x55\x55\x55\x55\x55\x55\x55\x55\x55\x55\x55\x55\
\x55\x55\x55\x55\x55\x55\x55\x55\x55\x55\x55\x55\x55\x55\x55\x55\
\x55\x55\x55\x55\x55\x55\x55\x55\x55\x55\x55\x55\x55\x55\x55\x55\
\x55\x55\x55\x55\x55\x55\x55\x55\x55\x55\x55\x55\x55\x55\x55\x55\
\x55\x55\x55\x55\x55\x55\x55\x55\x55\x55\x55\x55\x55\x55\x55\x55\
\x55\x55\x55\x55\x55\x55\x55\x55\x55\x55\x55\x55\x55\x55\x55\x55\
\x55\x55\x55\x55\x55\x55\x55\x55\x55\x55\x55\x55\x55\x55\x55\x55\
\x55\x55\x55\x55\x55\x55\x55\x55\x55\x55\x55\x55\x55\x55\x55\x55\
\x55\x55\x55\x55\x55\x55\x55\x55\x55\x55\x55\x55\x55\x55\x55\x55\
\x55\x55\x55\x55\x55\x55\x55\x55\x55\x55\x55\x55\x55\x55\x55\x55\
\x55\x55\x55\x55\x55\x55\x55\x55\x55\x55\x55\x55\x55\x55\x55\x55\
\x55\x55\x55\x55\x55\x55\x55\x55\x55\x55\x55\x55\x55\x55\x55\x55\
\x55\x55\x55\x55\x55\x55\x55\x55\x55\x55\x55\x55\x55\x55\x55\x55\
\x55\x55\x55\x55\x55\x55\x55\x55\x55\x55\x55\x55\x55\x55\x55\x55\
\x55\x55\x55\x55\x55\x55\x55\x55\x55\x55\x55\x55\x55\x55\x55\x55\
\x55\x55\x55\x55\x55\x55\x55\x55\x55\x55\x55\x55\x55\x55\x55\x55\
\x55\x55\x55\x55\x55\x55\x55\x55\x55\x55\x55\x55\x55\x55\x55\x55\
\x55\x55\x55\x55\x55\x55\x55\x55\x55\x55\x55\x55\x55\x55\x55\x55\
\x55\x55\x55\x55\x55\x55\x55\x55\x55\x55\x55\x55\x55\x55\x55\x55\
\x55\x55\x55\x55\x55\x55\x55\x55\x55\x55\x55\x55\x55\x55\x55\x55\
\x55\x55\x55\x55\x55\x55\x55\x55\x55\x55\x55\x55\x55\x55\x55\x55\
\x55\x55\x55\x55\x55\x55\x55\x55\x55\x55\x55\x55\x55\x55\x55\x55\
\x55\x55\x55\x55\x55\x55\x55\x55\x55\x55\x55\x55\x55\x55\x55\x55\
\x55\x55\x55\x55\x55\x55\x55\x55\x55\x55\x55\x55\x55\x55\x55\x55\
\x55\x55\x55\x55\x55\x55\x55\x55\x55\x55\x55\x55\x55\x55\x55\x55\
\x55\x55\x55\x55\x55\x55\x55\x55\x55\x55\x55\x55\x55\x55\x55\x55\
\x55\x55\x55\x55\x55\x55\x55\x55\x55\x55\x55\x55\x55\x55\x55\x55\
\x55\x55\x55\x55\x55\x55\x55\x55\x55\x55\x55\x55\x55\x55\x55\x55\
\x55\x55\x55\x55\x55\x55\x55\x55\x55\x55\x55\x55\x55\x55\x55\x55\
\x55\x55\x55\x55\x55\x55\x55\x55\x55\x55\x55\x55\x55\x55\x55\x55\
\x55\x55\x55\x55\x55\x55\x55\x55\x55\x55\x55\x55\x55\x55\x55\x55\
\x55\x55\x55\x55\x55\x55\x55\x55\x55\x55\x55\x55\x55\x55\x55\x55\
\x55\x55\x55\x55\x55\x55\x55\x55\x55\x55\x55\x55\x55\x55\x55\x55\
\x55\x55\x55\x55\x55\x55\x55\x55\x55\x55\x55\x55\x55\x55\x55\x55\
\x55\x55\x55\x55\x55\x55\x55\x55\x55\x55\x55\x55\x55\x55\x55\x55\
\x55\x55\x55\x55\x55\x55\x55\x55\x55\x55\x55\x55\x55\x55\x55\x55\
\x55\x55\x55\x55\x55\x55\x55\x55\x55\x55\x55\x55\x55\x55\x55\x55\
\x55\x55\x55\x55\x55\x55\x55\x55\x55\x55\x55\x55\x55\x55\x55\x55\
\x55\x55\x55\x55\x55\x55\x55\x55\x55\x55\x55\x55\x55\x55\x55\x55\
\x55\x55\x55\x55\x55\x55\x55\x55\x55\x55\x55\x55\x55\x55\x55\x55\
\x55\x55\x55\x55\x55\x55\x55\x55\x55\x55\x55\x55\x55\x55\x55\x55\
\x55\x55\x55\x55\x55\x55\x55\x55\x55\x55\x55\x55\x55\x55\x55\x55\
\x55\x55\x55\x55\x55\x55\x55\x55\x55\x55\x55\x55\x55\x55\x55\x55\
\x55\x55\x55\x55\x55\x55\x55\x55\x55\x55\x55\x55\x55\x55\x55\x55\
\x55\x55\x55\x55\x55\x55\x55\x55\x55\x55\x55\x55\x55\x55\x55\x55\
\x55\x55\x55\x55\x55\x55\x55\x55\x55\x55\x55\x55\x55\x55\x55\x55\
\x55\x55\x55\x55\x55\x55\x55\x55\x55\x55\x55\x55\x55\x55\x55\x55\
\x55\x55\x55\x55\x55\x55\x55\x55\x55\x55\x55\x55\x55\x55\x55\x55\
\x55\x55\x55\x55\x55\x55\x55\x55\x55\x55\x55\x55\x55\x55\x55\x55\
\x55\x55\x55\x55\x55\x55\x55\x55\x55\x55\x55\x55\x55\x55\x55\x55\
\x55\x55\x55\x55\x55\x55\x55\x55\x55\x55\x55\x55\x55\x55\x55\x55\
\x55\x55\x55\x55\x55\x55\x55\x55\x55\x55\x55\x55\x55\x55\x55\x55\
\x55\x55\x55\x55\x55\x55\x55\x55\x55\x55\x55\x55\x55\x55\x55\x55\
\x55\x55\x55\x55\x55\x55\x55\x55\x55\x55\x55\x55\x55\x55\x55\x55\
\x55\x55\x55\x55\x55\x55\x55\x55\x55\x55\x55\x55\x55\x55\x55\x55\
\x55\x55\x55\x55\x55\x55\x55\x55\x55\x55\x55\x55\x55\x55\x55\x55\
\x55\x55\x55\x55\x55\x55\x55\x55\x55\x55\x55\x55\x55\x55\x55\x55\
\x55\x55\x55\x55\x55\x55\x55\x55\x55\x55\x55\x55\x55\x55\x55\x55\
\x55\x55\x55\x55\x55\x55\x55\x55\x55\x55\x55\x55\x55\x55\x55\x55\
\x55\x55\x55\x55\x55\x55\x55\x55\x55\x55\x55\x55\x55\x55\x55\x55\
\x55\x55\x55\x55\x55\x55\x55\x55\x55\x55\x55\x55\x55\x55\x55\x55\
\x55\x55\x55\x55\x55\x55\x55\x55\x55\x55\x55\x55\x55\x55\x55\x55\
\x55\x55\x55\x55\x55\x55\x55\x55\x55\x55\x55\x55\x55\x55\x55\x55\
\x55\x55\x55\x55\x55\x55\x55\x55\x55\x55\x55\x55\x55\x55\x55\x55\
\x55\x55\x55\x55\x55\x55\x55\x55\x55\x55\x55\x55\x55\x55\x55\x55\
\x55\x55\x55\x55\x55\x55\x55\x55\x55\x55\x55\x55\x55\x55\x55\x55\
\x55\x55\x55\x55\x55\x55\x55\x55\x55\x55\x55\x55\x55\x55\x55\x55\
\x55\x55\x55\x55\x55\x55\x55\x55\x55\x55\x55\x55\x55\x55\x55\x55\
\x55\x55\x55\x55\x55\x55\x55\x55\x55\x55\x55\x55\x55\x55\x55\x55\
\x55\x55\x55\x55\x55\x55\x55\x55\x55\x55\x55\x55\x55\x55\x55\x55\
\x55\x55\x55\x55\x55\x55\x55\x55\x55\x55\x55\x55\x55\x55\x55\x55\
\x55\x55\x55\x55\x55\x55\x55\x55\x55\x55\x55\x55\x55\x55\x55\x55\
\x55\x55\x55\x55\x55\x55\x55\x55\x55\x55\x55\x55\x55\x55\x55\x55\
\x55\x55\x55\x55\x55\x55\x55\x55\x55\x55\x55\x55\x55\x55\x55\x55\
\x55\x55\x55\x55\x55\x55\x55\x55\x55\x55\x55\x55\x55\x55\x55\x55\
\x55\x55\x55\x55\x55\x55\x55\x55\x55\x55\x55\x55\x55\x55\x55\x55\
\x55\x55\x55\x55\x55\x55\x55\x55\x55\x55\x55\x55\x55\x55\x55\x55\
\x55\x55\x55\x55\x55\x55\x55\x55\x55\x55\x55\x55\x55\x55\x55\x55\
\x55\x55\x55\x55\x55\x55\x55\x55\x55\x55\x55\x55\x55\x55\x55\x55\
\x55\x55\x55\x55\x55\x55\x55\x55\x55\x55\x55\x55\x55\x55\x55\x55\
\x55\x55\x55\x55\x55\x55\x55\x55\x55\x55\x55\x55\x55\x55\x55\x55\
\x55\x55\x55\x55\x55\x55\x55\x55\x55\x55\x55\x55\x55\x55\x55\x55\
\x55\x55\x55\x55\x55\x55\x55\x55\x55\x55\x55\x55\x55\x55\x55\x55\
\x55\x55\x55\x55\x55\x55\x55\x55\x55\x55\x55\x55\x55\x55\x55\x55\
\x55\x55\x55\x55\x55\x55\x55\x55\x55\x55\x55\x55\x55\x55\x55\x55\
\x55\x55\x55\x55\x55\x55\x55\x55\x55\x55\x55\x55\x55\x55\x55\x55\
\x55\x55\x55\x55\x55\x55\x55\x55\x55\x55\x55\x55\x55\x55\x55\x55\
\x55\x55\x55\x55\x55\x55\x55\x55\x55\x55\x55\x55\x55\x55\x55\x55\
\x55\x55\x55\x55\x55\x55\x55\x55\x55\x55\x55\x55\x55\x55\x55\x55\
\x55\x55\x55\x55\x55\x55\x55\x55\x55\x55\x55\x55\x55\x55\x55\x55\
\x55\x55\x55\x55\x55\x55\x55\x55\x55\x55\x55\x55\x55\x55\x55\x55\
\x55\x55\x55\x55\x55\x55\x55\x55\x55\x55\x55\x55\x55\x55\x55\x55\
\x55\x55\x55\x55\x55\x55\x55\x55\x55\x55\x55\x55\x55\x55\x55\x55\
\x55\x55\x55\x55\x55\x55\x55\x55\x55\x55\x55\x55\x55\x55\x55\x55\
\x55\x55\x55\x55\x55\x55\x55\x55\x55\x55\x55\x55\x55\x55\x55\x55\
\x55\x55\x55\x55\x55\x55\x55\x55\x55\x55\x55\x55\x55\x55\x55\x55\
\x55\x55\x55\x55\x55\x55\x55\x55\x55\x55\x55\x55\x55\x55\x55\x55\
\x55\x55\x55\x55\x55\x55\x55\x55\x55\x55\x55\x55\x55\x55\x55\x55\
\x55\x55\x55\x55\x55\x55\x55\x55\x55\x55\x55\x55\x55\x55\x55\x55\
\x55\x55\x55\x55\x55\x55\x55\x55\x55\x55\x55\x55\x55\x55\x55\x55\
\x55\x55\x55\x55\x55\x55\x55\x55\x55\x55\x55\x55\x55\x55\x55\x55\
\x55\x55\x55\x55\x55\x55\x55\x55\x55\x55\x55\x55\x55\x55\x55\x55\
\x55\x55\x55\x55\x55\x55\x55\x55\x55\x55\x55\x55\x55\x55\x55\x55\
\x55\x55\x55\x55\x55\x55\x55\x55\x55\x55\x55\x55\x55\x55\x55\x55\
\x55\x55\x55\x55\x55\x55\x55\x55\x55\x55\x55\x55\x55\x55\x55\x55\
\x55\x55\x55\x55\x55\x55\x55\x55\x55\x55\x55\x55\x55\x55\x55\x55\
\x55\x55\x55\x55\x55\x55\x55\x55\x55\x55\x55\x55\x55\x55\x55\x55\
\x55\x55\x55\x55\x55\x55\x55\x55\x55\x55\x55\x55\x55\x55\x55\x55\
\x55\x55\x55\x55\x55\x55\x55\x55\x55\x55\x55\x55\x55\x55\x55\x55\
\x55\x55\x55\x55\x55\x55\x55\x55\x55\x55\x55\x55\x55\x55\x55\x55\
\x55\x55\x55\x55\x55\x55\x55\x55\x55\x55\x55\x55\x55\x55\x55\x55\
\x55\x55\x55\x55\x55\x55\x55\x55\x55\x55\x55\x61\x0f\x0e\x04\x00\
\x00\x00\x00\x80\xfc\x5f\x1b\x41\x55\x55\x55\x55\x55\x55\x55\x55\
\x55\x55\x55\x55\x55\x55\x55\x55\x55\x55\x55\x55\x55\x55\x55\x55\
\x55\x55\x55\x55\x55\x55\x55\x55\x55\x55\x55\x55\x55\x55\x55\x55\
\x55\x55\x55\x55\x55\x55\x55\x55\x55\x55\x55\x55\x55\x55\x55\x55\
\x55\x55\x55\x55\x55\x55\x55\x55\x55\x55\x55\x55\x55\x55\x55\x55\
\x55\x55\x55\x55\x55\x55\x55\x55\x55\x55\x55\x55\x55\x55\x55\x55\
\x55\x55\x55\x55\x55\x55\x55\x55\x55\x55\x55\x55\x55\x55\x55\x55\
\x55\x55\x55\x55\x55\x55\x55\x55\x55\x55\x55\x55\x55\x55\x55\x55\
\x55\x55\x55\x55\x55\x55\x55\x55\x55\x55\x55\x55\x55\x55\x55\x55\
\x55\x55\x55\x55\x55\x55\x55\x55\x55\x55\x55\x55\x55\x55\x55\x55\
\x55\x55\x55\x55\x55\x55\x55\x55\x55\x55\x55\x55\x55\x55\x55\x55\
\x55\x55\x55\x55\x55\x55\x55\x55\x55\x55\x55\x55\x55\x55\x55\x55\
\x55\x55\x55\x55\x55\x55\x55\x55\x55\x55\x55\x55\x55\x55\x55\x55\
\x55\x55\x55\x55\x55\x55\x55\x55\x55\x55\x55\x55\x55\x55\x55\x55\
\x55\x55\x55\x55\x55\x55\x55\x55\x55\x55\x55\x55\x55\x55\x55\x55\
\x55\x55\x55\x55\x55\x55\x55\x55\x55\x55\x55\x55\x55\x55\x55\x55\
\x55\x55\x55\x55\x55\x55\x55\x55\x55\x55\x55\x55\x55\x55\x55\x55\
\x55\x55\x55\x55\x55\x55\x55\x55\x55\x55\x55\x55\x55\x55\x55\x55\
\x55\x55\x55\x55\x55\x55\x55\x55\x55\x55\x55\x55\x55\x55\x55\x55\
\x55\x55\x55\x55\x55\x55\x55\x55\x55\x55\x55\x55\x55\x55\x55\x55\
\x55\x55\x55\x55\x55\x55\x55\x55\x55\x55\x55\x55\x55\x55\x55\x55\
\x55\x55\x55\x55\x55\x55\x55\x55\x55\x55\x55\x55\x55\x55\x55\x55\
\x55\x55\x55\x55\x55\x55\x55\x55\x55\x55\x55\x55\x55\x55\x55\x55\
\x55\x55\x55\x55\x55\x55\x55\x55\x55\x55\x55\x55\x55\x55\x55\x55\
\x55\x55\x55\x55\x55\x55\x55\x55\x55\x55\x55\x55\x55\x55\x55\x55\
\x55\x55\x55\x55\x55\x55\x55\x55\x55\x55\x55\x55\x55\x55\x55\x55\
\x55\x55\x55\x55\x55\x55\x55\x55\x55\x55\x55\x55\x55\x55\x55\x55\
\x55\x55\x55\x55\x55\x55\x55\x55\x55\x55\x55\x55\x55\x55\x55\x55\
\x55\x55\x55\x55\x55\x55\x55\x55\x55\x55\x55\x55\x55\x55\x55\x55\
\x55\x55\x55\x55\x55\x55\x55\x55\x55\x55\x55\x55\x55\x55\x55\x55\
\x55\x55\x55\x55\x55\x55\x55\x55\x55\x55\x55\x55\x55\x55\x55\x55\
\x55\x55\x55\x55\x55\x55\x55\x55\x55\x55\x55\x55\x55\x55\x55\x55\
\x55\x55\x55\x55\x55\x55\x55\x55\x55\x55\x55\x55\x55\x55\x55\x55\
\x55\x55\x55\x55\x55\x55\x55\x55\x55\x55\x55\x55\x55\x55\x55\x55\
\x55\x55\x55\x55\x55\x55\x55\x55\x55\x55\x55\x55\x55\x55\x55\x55\
\x55\x55\x55\x55\x55\x55\x55\x55\x55\x55\x55\x55\x55\x55\x55\x55\
\x55\x55\x55\x55\x55\x55\x55\x55\x55\x55\x55\x55\x55\x55\x55\x55\
\x55\x55\x55\x55\x55\x55\x55\x55\x55\x55\x55\x55\x55\x55\x55\x55\
\x55\x55\x55\x55\x55\x55\x55\x55\x55\x55\x55\x55\x55\x55\x55\x55\
\x55\x55\x55\x55\x55\x55\x55\x55\x55\x55\x55\x55\x55\x55\x55\x55\
\x55\x55\x55\x55\x55\x55\x55\x55\x55\x55\x55\x55\x55\x55\x55\x55\
\x55\x55\x55\x55\x55\x55\x55\x55\x55\x55\x55\x55\x55\x55\x55\x55\
\x55\x55\x55\x55\x55\x55\x55\x55\x55\x55\x55\x55\x55\x55\x55\x55\
\x55\x55\x55\x55\x55\x55\x55\x55\x55\x55\x55\x55\x55\x55\x55\x55\
\x55\x55\x55\x55\x55\x55\x55\x55\x55\x55\x55\x55\x55\x55\x55\x55\
\x55\x55\x55\x55\x55\x55\x55\x55\x55\x55\x55\x55\x55\x55\x55\x55\
\x55\x55\x55\x55\x55\x55\x55\x55\x55\x55\x55\x55\x55\x55\x55\x55\
\x55\x55\x55\x55\x55\x55\x55\x55\x55\x55\x55\x55\x55\x55\x55\x55\
\x55\x55\x55\x55\x55\x55\x55\x55\x55\x55\x55\x55\x55\x55\x55\x55\
\x55\x55\x55\x55\x55\x55\x55\x55\x55\x55\x55\x55\x55\x55\x55\x55\
\x55\x55\x55\x55\x55\x55\x55\x55\x55\x55\x55\x55\x55\x55\x55\x55\
\x55\x55\x55\x55\x55\x55\x55\x55\x55\x55\x55\x55\x55\x55\x55\x55\
\x55\x55\x55\x55\x55\x55\x55\x55\x55\x55\x55\x55\x55\x55\x55\x55\
\x55\x55\x55\x55\x55\x55\x55\x55\x55\x55\x55\x55\x55\x55\x55\x55\
\x55\x55\x55\x55\x55\x55\x55\x55\x55\x55\x55\x55\x55\x55\x55\x55\
\x55\x55\x55\x55\x55\x55\x55\x55\x55\x55\x55\x55\x55\x55\x55\x55\
\x55\x55\x55\x55\x55\x55\x55\x55\x55\x55\x55\x55\x55\x55\x55\x55\
\x55\x55\x55\x55\x55\x55\x55\x55\x55\x55\x55\x55\x55\x55\x55\x55\
\x55\x55\x55\x55\x55\x55\x55\x55\x55\x55\x55\x55\x55\x55\x55\x55\
\x55\x55\x55\x55\x55\x55\x55\x55\x55\x55\x55\x55\x55\x55\x55\x55\
\x55\x55\x55\x55\x55\x55\x55\x55\x55\x55\x55\x55\x55\x55\x55\x55\
\x55\x55\x55\x55\x55\x55\x55\x55\x55\x55\x55\x55\x55\x55\x55\x55\
\x55\x55\x55\x55\x55\x55\x55\x55\x55\x55\x55\x55\x55\x55\x55\x55\
\x55\x55\x55\x55\x55\x55\x55\x55\x55\x55\x55\x55\x55\x55\x55\x55\
\x55\x55\x55\x55\x55\x55\x55\x55\x55\x55\x55\x55\x55\x55\x55\x55\
\x55\x55\x55\x55\x55\x55\x55\x55\x55\x55\x55\x55\x55\x55\x55\x55\
\x55\x55\x55\x55\x55\x55\x55\x55\x55\x55\x55\x55\x55\x55\x55\x55\
\x55\x55\x55\x55\x55\x55\x55\x55\x55\x55\x55\x55\x55\x55\x55\x55\
\x55\x55\x55\x55\x55\x55\x55\x55\x55\x55\x55\x55\x55\x55\x55\x55\
\x55\x55\x55\x55\x55\x55\x55\x55\x55\x55\x55\x55\x55\x55\x55\x55\
\x55\x55\x55\x55\x55\x55\x55\x55\x55\x55\x55\x55\x55\x55\x55\x55\
\x55\x55\x55\x55\x55\x55\x55\x55\x55\x55\x55\x55\x55\x55\x55\x55\
\x55\x55\x55\x55\x55\x55\x55\x55\x55\x55\x55\x55\x55\x55\x55\x55\
\x55\x55\x55\x55\x55\x55\x55\x55\x55\x55\x55\x55\x55\x55\x55\x55\
\x55\x55\x55\x55\x55\x55\x55\x55\x55\x55\x55\x55\x55\x55\x55\x55\
\x55\x55\x55\x55\x55\x55\x55\x55\x55\x55\x55\x55\x55\x55\x55\x55\
\x55\x55\x55\x55\x55\x55\x55\x55\x55\x55\x55\x55\x55\x55\x55\x55\
\x55\x55\x55\x55\x55\x55\x55\x55\x55\x55\x55\x55\x55\x55\x55\x55\
\x55\x55\x55\x55\x55\x55\x55\x55\x55\x55\x55\x55\x55\x55\x55\x55\
\x55\x55\x55\x55\x55\x55\x55\x55\x55\x55\x55\x55\x55\x55\x55\x55\
\x55\x55\x55\x55\x55\x55\x55\x55\x55\x55\x55\x55\x55\x55\x55\x55\
\x55\x55\x55\x55\x55\x55\x55\x55\x55\x55\x55\x55\x55\x55\x55\x55\
\x55\x55\x55\x55\x55\x55\x55\x55\x55\x55\x55\x55\x55\x55\x55\x55\
\x55\x55\x55\x55\x55\x55\x55\x55\x55\x55\x55\x55\x55\x55\x55\x55\
\x55\x55\x55\x55\x55\x55\x55\x55\x55\x55\x55\x55\x55\x55\x55\x55\
\x55\x55\x55\x55\x55\x55\x55\x55\x55\x55\x55\x55\x55\x55\x55\x55\
\x55\x55\x55\x55\x55\x55\x55\x55\x55\x55\x55\x55\x55\x55\x55\x55\
\x55\x55\x55\x55\x55\x55\x55\x55\x55\x55\x55\x55\x55\x55\x55\x55\
\x55\x55\x55\x55\x55\x55\x55\x55\x55\x55\x55\x55\x55\x55\x55\x55\
\x55\x55\x55\x55\x55\x55\x55\x55\x55\x55\x55\x55\x55\x55\x55\x55\
\x55\x55\x55\x55\x55\x55\x55\x55\x55\x55\x55\x55\x55\x55\x55\x55\
\x55\x55\x55\x55\x55\x55\x55\x55\x55\x55\x55\x55\x55\x55\x55\x55\
\x55\x55\x55\x55\x55\x55\x55\x55\x55\x55\x55\x55\x55\x55\x55\x55\
\x55\x55\x55\x55\x55\x55\x55\x55\x55\x55\x55\x55\x55\x55\x55\x55\
\x55\x55\x55\x55\x55\x55\x55\x55\x55\x55\x55\x55\x55\x55\x55\x55\
\x55\x55\x55\x55\x55\x55\x55\x55\x55\x55\x55\x55\x55\x55\x55\x55\
\x55\x55\x55\x55\x55\x55\x55\x55\x55\x55\x55\x55\x55\x55\x55\x55\
\x55\x55\x55\x55\x55\x55\x55\x55\x55\x55\x55\x55\x55\x55\x55\x55\
\x55\x55\x55\x55\x55\x55\x55\x55\x55\x55\x55\x55\x55\x55\x55\x55\
\x55\x55\x55\x55\x55\x55\x55\x55\x55\x55\x55\x55\x55\x55\x55\x55\
\x55\x55\x55\x55\x55\x55\x55\x55\x55\x55\x55\x55\x55\x55\x55\x55\
\x55\x55\x55\x55\x55\x55\x55\x55\x55\x55\x55\x55\x55\x55\x55\x55\
\x55\x55\x55\x55\x55\x55\x55\x55\x55\x55\x55\x55\x55\x55\x55\x55\
\x55\x55\x55\x55\x55\x55\x55\x55\x55\x55\x55\x55\x55\x55\x55\x55\
\x55\x55\x55\x55\x55\x55\x55\x55\x55\x55\x55\x55\x55\x55\x55\x55\
\x55\x55\x55\x55\x55\x55\x55\x55\x55\x55\x55\x55\x55\x55\x55\x55\
\x55\x55\x55\x55\x55\x55\x55\x55\x55\x55\x55\x55\x55\x55\x55\x55\
\x55\x55\x55\x55\x55\x55\x55\x55\x55\x55\x55\x55\x55\x55\x55\x55\
\x55\x55\x55\x55\x55\x55\x55\x55\x55\x55\x55\x55\x55\x55\x55\x55\
\x55\x55\x55\x55\x55\x55\x55\x55\x55\x55\x55\x55\x55\x55\x55\x55\
\x55\x55\x55\x55\x55\x55\x55\x55\x55\x55\x55\x55\x55\x55\x55\x55\
\x55\x55\x55\x55\x55\x55\x55\x55\x55\x55\x55\x55\x55\x55\x55\x55\
\x55\x55\x55\x55\x55\x55\x55\x55\x55\x55\x55\x55\x55\x55\x55\x55\
\x55\x55\x55\x55\x55\x55\x55\x55\x55\x55\x55\x55\x55\x55\x55\x55\
\x55\x55\x55\x55\x55\x55\x55\x55\x55\x55\x55\x55\x55\x55\x55\x55\
\x55\x55\x55\x55\x55\x55\x55\x55\x55\x55\x55\x55\x55\x55\x55\x55\
\x55\x55\x55\x55\x55\x55\x55\x55\x55\x55\x55\x55\x55\x55\x55\x55\
\x55\x55\x55\x55\x55\x55\x55\x55\x55\x55\x55\x55\x55\x55\x55\x55\
\x55\x55\x55\x55\x55\x55\x55\x55\x55\x55\x55\x55\x55\x55\x55\x55\
\x55\x55\x55\x55\x55\x55\x55\x55\x55\x55\x55\x55\x55\x55\x55\x55\
\x55\x55\x55\x55\x55\x55\x55\x55\x55\x55\x55\x55\x55\x55\x55\x55\
\x55\x55\x55\x55\x55\x55\x55\x55\x55\x55\x55\x55\x55\x55\x55\x55\
\x55\x55\x55\x55\x55\x55\x55\x55\x55\x55\x55\x55\x55\x55\x55\x55\
\x55\x55\x55\x55\x55\x55\x55\x55\x55\x55\x55\x55\x55\x55\x55\x55\
\x55\x55\x55\x55\x55\x55\x55\x55\x55\x55\x55\x55\x55\x55\x55\x55\
\x55\x55\x55\x55\x55\x55\x55\x55\x55\x55\x55\x55\x55\x55\x55\x55\
\x55\x55\x55\x55\x55\x55\x55\x55\x55\x55\x55\x55\x55\x55\x55\x55\
\x55\x55\x55\x55\x55\x55\x55\x55\x55\x55\x55\x55\x55\x55\x55\x55\
\x55\x55\x55\x55\x55\x55\x55\x55\x55\x55\x55\x55\x55\x55\x55\x55\
\x55\x55\x55\x55\x55\x55\x55\x55\x55\x55\x55\x55\x55\x55\x55\x55\
\x55\x55\x55\x55\x55\x55\x55\x55\x55\x55\x55\x55\x55\x55\x55\x55\
\x55\x55\x55\x55\x55\x55\x55\x55\x55\x55\x55\x55\x55\x55\x55\x55\
\x55\x55\x55\x55\x55\x55\x55\x55\x55\x55\x55\x55\x55\x55\x55\x55\
\x55\x55\x55\x55\x55\x55\x55\x55\x55\x55\x55\x55\x55\x55\x55\x55\
\x55\x55\x55\x55\x55\x55\x55\x55\x55\x55\x55\x55\x55\x55\x55\x55\
\x55\x55\x55\x55\x55\x55\x55\x55\x55\x55\x55\x55\x55\x55\x55\x55\
\x55\x55\x55\x55\x55\x55\x55\x55\x55\x55\x55\x55\x55\x55\x55\x55\
\x55\x55\x55\x55\x55\x55\x55\x55\x55\x55\x55\x55\x55\x55\x55\x55\
\x55\x55\x55\x55\x55\x55\x55\x55\x55\x55\x55\x55\x55\x55\x55\x55\
\x55\x55\x55\x55\x55\x55\x55\x55\x55\x55\x55\x55\x55\x55\x55\x55\
\x55\x55\x55\x55\x55\x55\x55\x55\x55\x55\x55\x55\x55\x55\x55\x55\
\x55\x55\x55\x55\x55\x55\x55\x55\x55\x55\x55\x55\x55\x55\x55\x55\
\x55\x55\x55\x55\x55\x55\x55\x55\x55\x55\x55\x55\x55\x55\x55\x55\
\x55\x55\x55\x55\x55\x55\x55\x55\x55\x55\x55\x55\x55\x55\x55\x55\
\x55\x55\x55\x55\x55\x55\x55\x55\x55\x55\x55\x55\x55\x55\x55\x55\
\x55\x55\x55\x55\x55\x55\x55\x55\x55\x55\x55\x55\x55\x55\x55\x55\
\x55\x55\x55\x55\x55\x55\x55\x55\x55\x55\x55\x55\x55\x55\x55\x55\
\x55\x55\x55\x55\x55\x55\x55\x55\x55\x55\x55\x55\x55\x55\x55\x55\
\x55\x55\x55\x55\x55\x55\x55\x55\x55\x55\x55\x55\x55\x55\x55\x55\
\x55\x55\x55\x55\x55\x55\x55\x55\x55\x55\x55\x55\x55\x55\x55\x55\
\x55\x55\x55\x55\x55\x55\x55\x55\x55\x55\x55\x55\x55\x55\x55\x55\
\x55\x55\x55\x55\x55\x55\x55\x55\x55\x55\x55\x55\x55\x55\x55\x55\
\x55\x55\x55\x55\x55\x55\x55\x55\x55\x55\x55\x55\x55\x55\x55\x55\
\x55\x55\x55\x55\x55\x55\x55\x55\x55\x55\x55\x55\x55\x55\x55\x55\
\x55\x55\x55\x55\x55\x55\x55\x55\x55\x55\x55\x55\x55\x55\x55\x55\
\x55\x55\x55\x55\x55\x55\x55\x55\x55\x55\x55\x55\x55\x55\x55\x55\
\x55\x55\x55\x55\x55\x55\x55\x55\x55\x55\x55\x55\x55\x55\x55\x55\
\x55\x55\x55\x55\x55\x55\x55\x55\x55\x55\x55\x55\x55\x55\x55\x55\
\x55\x55\x55\x55\x55\x55\x55\x55\x55\x55\x55\x55\x55\x55\x55\x55\
\x55\x55\x55\x55\x55\x55\x55\x55\x55\x55\x55\x55\x55\x55\x55\x55\
\x55\x55\x55\x55\x55\x55\x55\x55\x55\x55\x55\x55\x55\x55\x55\x55\
\x55\x55\x55\x55\x55\x55\x55\x55\x55\x55\x55\x55\x55\x55\x55\x55\
\x55\x55\x55\x55\x55\x55\x55\x55\x55\x55\x55\x55\x55\x55\x55\x55\
\x55\x55\x55\x55\x55\x55\x55\x55\x55\x55\x55\x55\x55\x55\x55\x55\
\x55\x55\x55\x55\x55\x55\x55\x55\x55\x55\x55\x55\x55\x55\x55\x55\
\x55\x55\x55\x55\x55\x55\x55\x55\x55\x55\x55\x55\x55\x55\x55\x55\
\x55\x55\x55\x55\x55\x55\x55\x55\x55\x55\x55\x55\x55\x55\x55\x55\
\x55\x55\x55\x55\x55\x55\x55\x55\x55\x55\x55\x55\x55\x55\x55\x55\
\x55\x55\x55\x55\x55\x55\x55\x55\x55\x55\x55\x55\x55\x55\x55\x55\
\x55\x55\x55\x55\x55\x55\x55\x55\x55\x55\x55\x55\x55\x55\x55\x55\
\x55\x55\x55\x55\x55\x55\x55\x55\x55\x55\x55\x55\x55\x55\x55\x55\
\x55\x55\x55\x55\x55\x55\x55\x55\x55\x55\x55\x55\x55\x55\x55\x55\
\x55\x55\x55\x55\x55\x55\x55\x55\x55\x55\x55\x55\x55\x55\x55\x55\
\x55\x55\x55\x55\x55\x55\x55\x55\x55\x55\x55\x55\x55\x55\x55\x55\
\x55\x55\x55\x55\x55\x55\x55\x55\x55\x55\x55\x55\x55\x55\x55\x55\
\x55\x55\x55\x55\x55\x55\x55\x55\x55\x55\x55\x55\x55\x55\x55\x55\
\x55\x55\x55\x55\x55\x55\x55\x55\x55\x55\x55\x55\x55\x55\x55\x55\
\x55\x55\x55\x55\x55\x55\x55\x55\x55\x55\x55\x55\x55\x55\x55\x55\
\x55\x55\x55\x55\x55\x55\x55\x55\x55\x55\x55\x55\x55\x55\x55\x55\
\x55\x55\x55\x55\x55\x55\x55\x55\x55\x55\x55\x55\x55\x55\x55\x55\
\x55\x55\x55\x55\x55\x55\x55\x55\x55\x55\x55\x55\x55\x55\x55\x55\
\x55\x55\x55\x55\x55\x55\x55\x55\x55\x55\x55\x55\x55\x55\x55\x55\
\x55\x55\x55\x55\x55\x55\x55\x55\x55\x55\x55\x55\x55\x55\x55\x55\
\x55\x55\x55\x55\x55\x55\x55\x55\x55\x55\x55\x55\x55\x55\x55\x55\
\x55\x55\x55\x55\x55\x55\x55\x55\x55\x55\x55\x55\x55\x55\x55\x55\
\x55\x55\x55\x55\x55\x55\x55\x55\x55\x55\x55\x55\x55\x55\x55\x55\
\x55\x55\x55\x55\x55\x55\x55\x55\x55\x55\x55\x55\x55\x55\x55\x55\
\x55\x55\x55\x55\x55\x55\x55\x55\x55\x55\x55\x55\x55\x55\x55\x55\
\x55\x55\x55\x55\x55\x55\x55\x55\x55\x55\x55\x55\x55\x55\x55\x55\
\x55\x55\x55\x55\x55\x55\x55\x55\x55\x55\x55\x55\x55\x55\x55\x55\
\x55\x55\x55\x55\x55\x55\x55\x55\x55\x55\x55\x55\x55\x55\x55\x55\
\x55\x55\x55\x55\x55\x55\x55\x55\x55\x55\x55\x55\x55\x55\x55\x55\
\x55\x55\x55\x55\x55\x55\x55\x55\x55\x55\x55\x55\x55\x55\x55\x55\
\x55\x55\x55\x55\x55\x55\x55\x55\x55\x55\x55\x55\x55\x55\x55\x55\
\x55\x55\x55\x55\x55\x55\x55\x55\x55\x55\x55\x55\x55\x55\x55\x55\
\x55\x55\x55\x55\x55\x55\x55\x55\x55\x55\x55\x55\x55\x55\x55\x55\
\x55\x55\x55\x55\x55\x55\x55\x55\x55\x55\x55\x55\x55\x55\x55\x55\
\x55\x55\x55\x55\x55\x55\x55\x55\x55\x55\x55\x55\x55\x55\x55\x55\
\x55\x55\x55\x55\x55\x55\x55\x55\x55\x55\x55\x55\x55\x55\x55\x55\
\x55\x55\x55\x55\x55\x55\x55\x55\x55\x55\x55\x55\x55\x55\x55\x55\
\x55\x55\x55\x55\x55\x55\x55\x55\x55\x55\x55\x55\x55\x55\x55\x55\
\x55\x55\x55\x55\x55\x55\x55\x55\x55\x55\x55\x55\x55\x55\x55\x55\
\x55\x55\x55\x55\x55\x55\x55\x55\x55\x55\x55\x55\x55\x55\x55\x55\
\x55\x55\x55\x55\x55\x55\x55\x55\x55\x55\x55\x55\x55\x55\x55\x55\
\x55\x55\x55\x55\x55\x55\x55\x55\x55\x55\x55\x55\x55\x55\x55\x55\
\x55\x55\x55\x55\x55\x55\x55\x55\x55\x55\x55\x55\x55\x55\x55\x55\
\x55\x55\x55\x55\x55\x55\x55\x55\x55\x55\x55\x55\x55\x55\x55\x55\
\x55\x55\x55\x55\x55\x55\x55\x55\x55\x55\x55\x55\x55\x55\x55\x55\
\x55\x55\x55\x55\x55\x55\x55\x55\x55\x55\x55\x55\x55\x55\x55\x55\
\x55\x55\x55\x55\x55\x55\x55\x55\x55\x55\x55\x55\x55\x55\x55\x55\
\x55\x55\x55\x55\x55\x55\x55\x55\x55\x55\x55\x55\x55\x55\x55\x55\
\x55\x55\x55\x55\x55\x55\x55\x55\x55\x55\x55\x55\x55\x55\x55\x55\
\x55\x55\x55\x55\x55\x55\x55\x55\x55\x55\x55\x55\x55\x55\x55\x55\
\x55\x55\x55\x55\x55\x55\x55\x55\x55\x55\x55\x55\x55\x55\x55\x55\
\x55\x55\x55\x55\x55\x55\x55\x55\x55\x55\x55\x55\x55\x55\x55\x55\
\x55\x55\x55\x55\x55\x55\x55\x55\x55\x55\x55\x55\x55\x55\x55\x55\
\x55\x55\x55\x55\x55\x55\x55\x55\x55\x55\x55\x55\x55\x55\x55\x55\
\x55\x55\x55\x55\x55\x55\x55\x55\x55\x55\x55\x55\x55\x55\x55\x55\
\x55\x55\x55\x55\x55\x55\x55\x55\x55\x55\x55\x55\x55\x55\x55\x55\
\x55\x55\x55\x55\x55\x55\x55\x55\x55\x55\x55\x55\x55\x55\x55\x55\
\x55\x55\x55\x55\x55\x55\x55\x55\x55\x55\x55\x55\x55\x55\x55\x55\
\x55\x55\x55\x55\x55\x55\x55\x55\x55\x55\x55\x55\x55\x55\x55\x55\
\x55\x55\x55\x55\x55\x55\x55\x55\x55\x55\x55\x55\x55\x55\x55\x55\
\x55\x55\x55\x55\x55\x55\x55\x55\x55\x55\x55\x55\x55\x55\x55\x55\
\x55\x55\x55\x55\x55\x55\x55\x55\x55\x55\x55\x55\x55\x55\x55\x55\
\x55\x55\x55\x55\x55\x55\x55\x55\x55\x55\x55\x55\x55\x55\x55\x55\
\x55\x55\x55\x55\x55\x55\x55\x55\x55\x55\x55\x55\x55\x55\x55\x55\
\x55\x55\x55\x55\x55\x55\x55\x55\x55\x55\x55\x55\x55\x55\x55\x55\
\x55\x55\x55\x55\x55\x55\x55\x55\x55\x55\x55\x55\x55\x55\x55\x55\
\x55\x55\x55\x55\x55\x55\x55\x55\x55\x55\x55\x55\x55\x55\x55\x55\
\x55\x55\x55\x55\x55\x55\x55\x55\x55\x55\x55\x55\x55\x55\x55\x55\
\x55\x55\x55\x55\x55\x55\x55\x55\x55\x55\x55\x55\x55\x55\x55\x55\
\x55\x55\x55\x55\x55\x55\x55\x55\x55\x55\x55\x55\x55\x55\x55\x55\
\x55\x55\x55\x55\x55\x55\x55\x55\x55\x55\x55\x55\x55\x55\x55\x55\
\x55\x55\x55\x55\x55\x55\x55\x55\x55\x55\x55\x55\x55\x55\x55\x55\
\x55\x55\x55\x55\x55\x55\x55\x55\x55\x55\x55\x55\x55\x55\x55\x55\
\x55\x55\x55\x55\x55\x55\x55\x55\x55\x55\x55\x55\x55\x55\x55\x55\
\x55\x55\x55\x55\x55\x55\x55\x55\x55\x55\x55\x55\x55\x55\x55\x55\
\x55\x55\x55\x55\x55\x55\x55\x55\x55\x55\x55\x55\x55\x55\x55\x55\
\x55\x55\x55\x55\x55\x55\x55\x55\x55\x55\x55\x55\x55\x55\x55\x55\
\x55\x55\x55\x55\x55\x55\x55\x55\x55\x55\x55\x55\x55\x55\x55\x55\
\x55\x55\x55\x55\x55\x55\x55\x55\x55\x55\x55\x55\x55\x55\x55\x55\
\x55\x55\x55\x55\x55\x55\x55\x55\x55\x55\x55\x55\x55\x55\x55\x55\
\x55\x55\x55\x55\x55\x55\x55\x55\x55\x55\x55\x55\x55\x55\x55\x55\
\x55\x55\x55\x55\x55\x55\x55\x55\x55\x55\x55\x55\x55\x55\x55\x55\
\x55\x55\x55\x55\x55\x55\x55\x55\x55\x55\x55\x55\x55\x55\x55\x55\
\x55\x55\x55\x55\x55\x55\x55\x55\x55\x55\x55\x55\x55\x55\x55\x55\
\x55\x55\x55\x55\x55\x55\x55\x55\x55\x55\x55\x55\x55\x55\x55\x55\
\x55\x55\x55\x55\x55\x55\x55\x55\x55\x55\x55\x55\x55\x55\x55\x55\
\x55\x55\x55\x55\x55\x55\x55\x55\x55\x55\x55\x55\x55\x55\x55\x55\
\x55\x55\x55\x55\x55\x55\x55\x55\x55\x55\x55\x55\x55\x55\x55\x55\
\x55\x55\x55\x55\x55\x55\x55\x55\x55\x55\x55\x55\x55\x55\x55\x55\
\x55\x55\x55\x55\x55\x55\x55\x55\x55\x55\x55\x55\x55\x55\x55\x55\
\x55\x55\x55\x55\x55\x55\x55\x55\x55\x55\x55\x55\x55\x55\x55\x55\
\x55\x55\x55\x55\x55\x55\x55\x55\x55\x55\x55\x55\x55\x55\x55\x55\
\x55\x55\x55\x55\x55\x55\x55\x55\x55\x55\x55\x55\x55\x55\x55\x55\
\x55\x55\x55\x55\x55\x55\x55\xa5\x3d\x38\x24\x00\x00\x00\x00\x10\
\xf4\xff\xb5\x27\x8c\x00\x00\x00\x00\x00\x00\x00\x00\x00\x00\x00\
\x00\x00\x00\x00\x00\x00\x00\x00\x00\x00\x00\x00\x00\x00\x00\x00\
\x00\x00\x00\x00\x00\x00\x00\x00\x00\x00\x00\x00\x00\x00\x00\x00\
\x00\x00\x00\x00\x00\x00\x00\x00\x00\x00\x00\x00\x00\x00\x00\x00\
\x00\x00\x00\x00\x00\x00\x00\x00\x00\x00\x00\x00\x00\x00\x00\x00\
\x00\x00\x00\x00\x00\x00\x00\x00\x00\x00\x00\x00\x00\x00\x00\x00\
\x00\x00\x00\x00\x00\x00\x00\x00\x00\x00\x00\x00\x00\x00\x00\x00\
\x00\x00\x00\x00\x00\x00\x00\x00\x00\x00\x00\x00\x00\x00\x00\x00\
\x00\x00\x00\x00\x00\x00\x00\x00\x00\x00\x00\x00\x00\x00\x00\x00\
\x00\x00\x00\x00\x00\x00\x00\x00\x00\x00\x00\x00\x00\x00\x00\x00\
\x00\x00\x00\x00\x00\x00\x00\x00\x00\x00\x00\x00\x00\x00\x00\x00\
\x00\x00\x00\x00\x00\x00\x00\x00\x00\x00\x00\x00\x00\x00\x00\x00\
\x00\x00\x00\x00\x00\x00\x00\x00\x00\x00\x00\x00\x00\x00\x00\x00\
\x00\x00\x00\x00\x00\x00\x00\x00\x00\x00\x00\x00\x00\x00\x00\x00\
\x00\x00\x00\x00\x00\x00\x00\x00\x00\x00\x00\x00\x00\x00\x00\x00\
\x00\x00\x00\x00\x00\x00\x00\x00\x00\x00\x00\x00\x00\x00\x00\x00\
\x00\x00\x00\x00\x00\x00\x00\x00\x00\x00\x00\x00\x00\x00\x00\x00\
\x00\x00\x00\x00\x00\x00\x00\x00\x00\x00\x00\x00\x00\x00\x00\x00\
\x00\x00\x00\x00\x00\x00\x00\x00\x00\x00\x00\x00\x00\x00\x00\x00\
\x00\x00\x00\x00\x00\x00\x00\x00\x00\x00\x00\x00\x00\x00\x00\x00\
\x00\x00\x00\x00\x00\x00\x00\x00\x00\x00\x00\x00\x00\x00\x00\x00\
\x00\x00\x00\x00\x00\x00\x00\x00\x00\x00\x00\x00\x00\x00\x00\x00\
\x00\x00\x00\x00\x00\x00\x00\x00\x00\x00\x00\x00\x00\x00\x00\x00\
\x00\x00\x00\x00\x00\x00\x00\x00\x00\x00\x00\x00\x00\x00\x00\x00\
\x00\x00\x00\x00\x00\x00\x00\x00\x00\x00\x00\x00\x00\x00\x00\x00\
\x00\x00\x00\x00\x00\x00\x00\x00\x00\x00\x00\x00\x00\x00\x00\x00\
\x00\x00\x00\x00\x00\x00\x00\x00\x00\x00\x00\x00\x00\x00\x00\x00\
\x00\x00\x00\x00\x00\x00\x00\x00\x00\x00\x00\x00\x00\x00\x00\x00\
\x00\x00\x00\x00\x00\x00\x00\x00\x00\x00\x00\x00\x00\x00\x00\x00\
\x00\x00\x00\x00\x00\x00\x00\x00\x00\x00\x00\x00\x00\x00\x00\x00\
\x00\x00\x00\x00\x00\x00\x00\x00\x00\x00\x00\x00\x00\x00\x00\x00\
\x00\x00\x00\x00\x00\x00\x00\x00\x00\x00\x00\x00\x00\x00\x00\x00\
\x00\x00\x00\x00\x00\x00\x00\x00\x00\x00\x00\x00\x00\x00\x00\x00\
\x00\x00\x00\x00\x00\x00\x00\x00\x00\x00\x00\x00\x00\x00\x00\x00\
\x00\x00\x00\x00\x00\x00\x00\x00\x00\x00\x00\x00\x00\x00\x00\x00\
\x00\x00\x00\x00\x00\x00\x00\x00\x00\x00\x00\x00\x00\x00\x00\x00\
\x00\x00\x00\x00\x00\x00\x00\x00\x00\x00\x00\x00\x00\x00\x00\x00\
\x00\x00\x00\x00\x00\x00\x00\x00\x00\x00\x00\x00\x00\x00\x00\x00\
\x00\x00\x00\x00\x00\x00\x00\x00\x00\x00\x00\x00\x00\x00\x00\x00\
\x00\x00\x00\x00\x00\x00\x00\x00\x00\x00\x00\x00\x00\x00\x00\x00\
\x00\x00\x00\x00\x00\x00\x00\x00\x00\x00\x00\x00\x00\x00\x00\x00\
\x00\x00\x00\x00\x00\x00\x00\x00\x00\x00\x00\x00\x00\x00\x00\x00\
\x00\x00\x00\x00\x00\x00\x00\x00\x00\x00\x00\x00\x00\x00\x00\x00\
\x00\x00\x00\x00\x00\x00\x00\x00\x00\x00\x00\x00\x00\x00\x00\x00\
\x00\x00\x00\x00\x00\x00\x00\x00\x00\x00\x00\x00\x00\x00\x00\x00\
\x00\x00\x00\x00\x00\x00\x00\x00\x00\x00\x00\x00\x00\x00\x00\x00\
\x00\x00\x00\x00\x00\x00\x00\x00\x00\x00\x00\x00\x00\x00\x00\x00\
\x00\x00\x00\x00\x00\x00\x00\x00\x00\x00\x00\x00\x00\x00\x00\x00\
\x00\x00\x00\x00\x00\x00\x00\x00\x00\x00\x00\x00\x00\x00\x00\x00\
\x00\x00\x00\x00\x00\x00\x00\x00\x00\x00\x00\x00\x00\x00\x00\x00\
\x00\x00\x00\x00\x00\x00\x00\x00\x00\x00\x00\x00\x00\x00\x00\x00\
\x00\x00\x00\x00\x00\x00\x00\x00\x00\x00\x00\x00\x00\x00\x00\x00\
\x00\x00\x00\x00\x00\x00\x00\x00\x00\x00\x00\x00\x00\x00\x00\x00\
\x00\x00\x00\x00\x00\x00\x00\x00\x00\x00\x00\x00\x00\x00\x00\x00\
\x00\x00\x00\x00\x00\x00\x00\x00\x00\x00\x00\x00\x00\x00\x00\x00\
\x00\x00\x00\x00\x00\x00\x00\x00\x00\x00\x00\x00\x00\x00\x00\x00\
\x00\x00\x00\x00\x00\x00\x00\x00\x00\x00\x00\x00\x00\x00\x00\x00\
\x00\x00\x00\x00\x00\x00\x00\x00\x00\x00\x00\x00\x00\x00\x00\x00\
\x00\x00\x00\x00\x00\x00\x00\x00\x00\x00\x00\x00\x00\x00\x00\x00\
\x00\x00\x00\x00\x00\x00\x00\x00\x00\x00\x00\x00\x00\x00\x00\x00\
\x00\x00\x00\x00\x00\x00\x00\x00\x00\x00\x00\x00\x00\x00\x00\x00\
\x00\x00\x00\x00\x00\x00\x00\x00\x00\x00\x00\x00\x00\x00\x00\x00\
\x00\x00\x00\x00\x00\x00\x00\x00\x00\x00\x00\x00\x00\x00\x00\x00\
\x00\x00\x00\x00\x00\x00\x00\x00\x00\x00\x00\x00\x00\x00\x00\x00\
\x00\x00\x00\x00\x00\x00\x00\x00\x00\x00\x00\x00\x00\x00\x00\x00\
\x00\x00\x00\x00\x00\x00\x00\x00\x00\x00\x00\x00\x00\x00\x00\x00\
\x00\x00\x00\x00\x00\x00\x00\x00\x00\x00\x00\x00\x00\x00\x00\x00\
\x00\x00\x00\x00\x00\x00\x00\x00\x00\x00\x00\x00\x00\x00\x00\x00\
\x00\x00\x00\x00\x00\x00\x00\x00\x00\x00\x00\x00\x00\x00\x00\x00\
\x00\x00\x00\x00\x00\x00\x00\x00\x00\x00\x00\x00\x00\x00\x00\x00\
\x00\x00\x00\x00\x00\x00\x00\x00\x00\x00\x00\x00\x00\x00\x00\x00\
\x00\x00\x00\x00\x00\x00\x00\x00\x00\x00\x00\x00\x00\x00\x00\x00\
\x00\x00\x00\x00\x00\x00\x00\x00\x00\x00\x00\x00\x00\x00\x00\x00\
\x00\x00\x00\x00\x00\x00\x00\x00\x00\x00\x00\x00\x00\x00\x00\x00\
\x00\x00\x00\x00\x00\x00\x00\x00\x00\x00\x00\x00\x00\x00\x00\x00\
\x00\x00\x00\x00\x00\x00\x00\x00\x00\x00\x00\x00\x00\x00\x00\x00\
\x00\x00\x00\x00\x00\x00\x00\x00\x00\x00\x00\x00\x00\x00\x00\x00\
\x00\x00\x00\x00\x00\x00\x00\x00\x00\x00\x00\x00\x00\x00\x00\x00\
\x00\x00\x00\x00\x00\x00\x00\x00\x00\x00\x00\x00\x00\x00\x00\x00\
\x00\x00\x00\x00\x00\x00\x00\x00\x00\x00\x00\x00\x00\x00\x00\x00\
\x00\x00\x00\x00\x00\x00\x00\x00\x00\x00\x00\x00\x00\x00\x00\x00\
\x00\x00\x00\x00\x00\x00\x00\x00\x00\x00\x00\x00\x00\x00\x00\x00\
\x00\x00\x00\x00\x00\x00\x00\x00\x00\x00\x00\x00\x00\x00\x00\x00\
\x00\x00\x00\x00\x00\x00\x00\x00\x00\x00\x00\x00\x00\x00\x00\x00\
\x00\x00\x00\x00\x00\x00\x00\x00\x00\x00\x00\x00\x00\x00\x00\x00\
\x00\x00\x00\x00\x00\x00\x00\x00\x00\x00\x00\x00\x00\x00\x00\x00\
\x00\x00\x00\x00\x00\x00\x00\x00\x00\x00\x00\x00\x00\x00\x00\x00\
\x00\x00\x00\x00\x00\x00\x00\x00\x00\x00\x00\x00\x00\x00\x00\x00\
\x00\x00\x00\x00\x00\x00\x00\x00\x00\x00\x00\x00\x00\x00\x00\x00\
\x00\x00\x00\x00\x00\x00\x00\x00\x00\x00\x00\x00\x00\x00\x00\x00\
\x00\x00\x00\x00\x00\x00\x00\x00\x00\x00\x00\x00\x00\x00\x00\x00\
\x00\x00\x00\x00\x00\x00\x00\x00\x00\x00\x00\x00\x00\x00\x00\x00\
\x00\x00\x00\x00\x00\x00\x00\x00\x00\x00\x00\x00\x00\x00\x00\x00\
\x00\x00\x00\x00\x00\x00\x00\x00\x00\x00\x00\x00\x00\x00\x00\x00\
\x00\x00\x00\x00\x00\x00\x00\x00\x00\x00\x00\x00\x00\x00\x00\x00\
\x00\x00\x00\x00\x00\x00\x00\x00\x00\x00\x00\x00\x00\x00\x00\x00\
\x00\x00\x00\x00\x00\x00\x00\x00\x00\x00\x00\x00\x00\x00\x00\x00\
\x00\x00\x00\x00\x00\x00\x00\x00\x00\x00\x00\x00\x00\x00\x00\x00\
\x00\x00\x00\x00\x00\x00\x00\x00\x00\x00\x00\x00\x00\x00\x00\x00\
\x00\x00\x00\x00\x00\x00\x00\x00\x00\x00\x00\x00\x00\x00\x00\x00\
\x00\x00\x00\x00\x00\x00\x00\x00\x00\x00\x00\x00\x00\x00\x00\x00\
\x00\x00\x00\x00\x00\x00\x00\x00\x00\x00\x00\x00\x00\x00\x00\x00\
\x00\x00\x00\x00\x00\x00\x00\x00\x00\x00\x00\x00\x00\x00\x00\x00\
\x00\x00\x00\x00\x00\x00\x00\x00\x00\x00\x00\x00\x00\x00\x00\x00\
\x00\x00\x00\x00\x00\x00\x00\x00\x00\x00\x00\x00\x00\x00\x00\x00\
\x00\x00\x00\x00\x00\x00\x00\x00\x00\x00\x00\x00\x00\x00\x00\x00\
\x00\x00\x00\x00\x00\x00\x00\x00\x00\x00\x00\x00\x00\x00\x00\x00\
\x00\x00\x00\x00\x00\x00\x00\x00\x00\x00\x00\x00\x00\x00\x00\x00\
\x00\x00\x00\x00\x00\x00\x00\x00\x00\x00\x00\x00\x00\x00\x00\x00\
\x00\x00\x00\x00\x00\x00\x00\x00\xdd\xe1\x4c\x9e\x00\x00\x00\x3c\
\x49\x44\x41\x54\x00\x00\x00\x00\x00\x00\x00\x00\x00\x00\x00\x00\
\x00\x00\x00\x00\x00\x00\x00\x00\x00\x00\x00\x00\x00\x00\x00\x00\
\x00\x00\x00\x00\x00\x00\x00\x00\x00\x00\x00\x00\x00\x00\x00\x00\
\x00\x00\x00\x00\x00\x00\x00\x00\x00\x00\xf0\x0b\x76\x64\x93\xaf\
\x81\x64\xc3\xd6\x00\x00\x00\x00\x49\x45\x4e\x44\xae\x42\x60\x82\
\
"

qt_resource_name = b"\
\x00\x04\
\x00\x07\x35\xdf\
\x00\x6c\
\x00\x6f\x00\x67\x00\x6f\
\x00\x03\
\x00\x00\x78\xc3\
\x00\x72\
\x00\x65\x00\x73\
\x00\x07\
\x0c\x4c\x57\xa7\
\x00\x75\
\x00\x6e\x00\x69\x00\x2e\x00\x70\x00\x6e\x00\x67\
\x00\x08\
\x05\xe2\x59\x27\
\x00\x6c\
\x00\x6f\x00\x67\x00\x6f\x00\x2e\x00\x70\x00\x6e\x00\x67\
"

qt_resource_struct_v1 = b"\
\x00\x00\x00\x00\x00\x02\x00\x00\x00\x01\x00\x00\x00\x01\
\x00\x00\x00\x00\x00\x02\x00\x00\x00\x01\x00\x00\x00\x02\
\x00\x00\x00\x0e\x00\x02\x00\x00\x00\x02\x00\x00\x00\x03\
\x00\x00\x00\x2e\x00\x00\x00\x00\x00\x01\x00\x00\x07\x45\
\x00\x00\x00\x1a\x00\x00\x00\x00\x00\x01\x00\x00\x00\x00\
"

qt_resource_struct_v2 = b"\
\x00\x00\x00\x00\x00\x02\x00\x00\x00\x01\x00\x00\x00\x01\
\x00\x00\x00\x00\x00\x00\x00\x00\
\x00\x00\x00\x00\x00\x02\x00\x00\x00\x01\x00\x00\x00\x02\
\x00\x00\x00\x00\x00\x00\x00\x00\
\x00\x00\x00\x0e\x00\x02\x00\x00\x00\x02\x00\x00\x00\x03\
\x00\x00\x00\x00\x00\x00\x00\x00\
\x00\x00\x00\x2e\x00\x00\x00\x00\x00\x01\x00\x00\x07\x45\
\x00\x00\x01\x7e\xe9\x2c\x20\xd4\
\x00\x00\x00\x1a\x00\x00\x00\x00\x00\x01\x00\x00\x00\x00\
\x00\x00\x01\x7f\x99\xce\x0a\xbe\
"

qt_version = [int(v) for v in QtCore.qVersion().split('.')]
if qt_version < [5, 8, 0]:
    rcc_version = 1
    qt_resource_struct = qt_resource_struct_v1
else:
    rcc_version = 2
    qt_resource_struct = qt_resource_struct_v2

def qInitResources():
    QtCore.qRegisterResourceData(rcc_version, qt_resource_struct, qt_resource_name, qt_resource_data)

def qCleanupResources():
    QtCore.qUnregisterResourceData(rcc_version, qt_resource_struct, qt_resource_name, qt_resource_data)

qInitResources()
